source_node_id,target_node_id,relationship_type,efficacy_score,strength_of_evidence,recommended_dosage_range,contraindications,synergistic_herbs
1,1,herb_treats_condition,0.9,High,300-500mg,"Pregnancy, Autoimmune conditions","Brahmi, Jatamansi"
1,4,herb_treats_condition,0.85,High,300-500mg,"Pregnancy, Autoimmune conditions","Brahmi, Shatavari"
1,8,herb_treats_condition,0.8,High,300-500mg,"Pregnancy, Autoimmune conditions","Brahmi, Tulsi"
1,13,herb_treats_condition,0.75,Medium,300-500mg,"Pregnancy, Autoimmune conditions","Brahmi, Shankhapushpi"
1,49,herb_treats_condition,0.82,High,300-500mg,"Pregnancy, Autoimmune conditions","Brahmi, Jatamansi"
1,148,herb_treats_condition,0.78,Medium,300-500mg,"Pregnancy, Autoimmune conditions","Brahmi, Guduchi"
2,2,herb_treats_condition,0.9,High,500-1000mg,"Gallstones, Pregnancy","Ginger, Black pepper"
2,3,herb_treats_condition,0.75,Medium,500-1000mg,"Gallstones, Pregnancy","Amla, Coriander"
2,5,herb_treats_condition,0.8,High,500-1000mg,"Gallstones, Pregnancy","Neem, Turmeric"
2,14,herb_treats_condition,0.7,Medium,500-1000mg,"Gallstones, Pregnancy","Licorice, Brahmi"
2,24,herb_treats_condition,0.85,High,500-1000mg,"Gallstones, Pregnancy","Ginger, Pippali"
2,25,herb_treats_condition,0.78,Medium,500-1000mg,"Gallstones, Pregnancy","Amla, Haritaki"
2,76,herb_treats_condition,0.82,High,500-1000mg,"Gallstones, Pregnancy","Black pepper, Pippali"
2,77,herb_treats_condition,0.75,Medium,500-1000mg,"Gallstones, Pregnancy","Kutki, Daru haridra"
3,3,herb_treats_condition,0.85,High,5-10g,"Diarrhea, Intestinal obstruction","Haritaki, Bibhitaki"
3,15,herb_treats_condition,0.7,Medium,5-10g,"Diarrhea, Intestinal obstruction","Fennel, Ginger"
3,21,herb_treats_condition,0.82,High,5-10g,"Diarrhea, Intestinal obstruction","Haritaki, Bibhitaki"
3,84,herb_treats_condition,0.75,Medium,5-10g,"Diarrhea, Intestinal obstruction","Fennel, Mustak"
3,113,herb_treats_condition,0.78,Medium,5-10g,"Diarrhea, Intestinal obstruction","Haritaki, Amalaki"
4,1,herb_treats_condition,0.8,High,500-1000mg,"Pregnancy, Bradycardia","Ashwagandha, Shankhapushpi"
4,4,herb_treats_condition,0.75,High,500-1000mg,"Pregnancy, Bradycardia","Ashwagandha, Jatamansi"
4,9,herb_treats_condition,0.9,High,500-1000mg,"Pregnancy, Bradycardia","Mandukaparni, Yashtimadhu"
4,43,herb_treats_condition,0.82,High,500-1000mg,"Pregnancy, Bradycardia","Shankhapushpi, Jatamansi"
4,143,herb_treats_condition,0.75,Medium,500-1000mg,"Pregnancy, Bradycardia","Mandukaparni, Medhya herbs"
5,5,herb_treats_condition,0.85,High,1-3g,"Pregnancy, Cold constitution","Turmeric, Aloe vera"
5,12,herb_treats_condition,0.7,Medium,1-3g,"Pregnancy, Cold constitution","Gurmar, Karela"
5,27,herb_treats_condition,0.9,High,1-3g,"Pregnancy, Cold constitution","Turmeric, Aloe vera"
5,28,herb_treats_condition,0.82,High,1-3g,"Pregnancy, Cold constitution","Kutki, Daru haridra"
5,77,herb_treats_condition,0.75,Medium,1-3g,"Pregnancy, Cold constitution","Bhumyamalaki, Katuki"
5,160,herb_treats_condition,0.78,Medium,1-3g,"Pregnancy, Cold constitution","Turmeric, Manjistha"
6,3,herb_treats_condition,0.8,High,1-3g,"Bleeding disorders, Pitta excess","Black pepper, Pippali"
6,11,herb_treats_condition,0.7,Medium,1-3g,"Bleeding disorders, Pitta excess","Garlic, Arjuna"
6,15,herb_treats_condition,0.75,Medium,1-3g,"Bleeding disorders, Pitta excess","Clove, Cinnamon"
6,23,herb_treats_condition,0.82,High,1-3g,"Bleeding disorders, Pitta excess","Black pepper, Maricha"
6,25,herb_treats_condition,0.75,Medium,1-3g,"Bleeding disorders, Pitta excess","Pippali, Chitrak"
6,61,herb_treats_condition,0.78,Medium,1-3g,"Bleeding disorders, Pitta excess","Clove, Cinnamon"
7,3,herb_treats_condition,0.75,High,500mg-1g,"Diarrhea, Hyperacidity","Haritaki, Baheda"
7,8,herb_treats_condition,0.8,High,500mg-1g,"Diarrhea, Hyperacidity","Ashwagandha, Brahmi"
7,12,herb_treats_condition,0.85,High,500mg-1g,"Diarrhea, Hyperacidity","Haritaki, Baheda"
7,24,herb_treats_condition,0.75,Medium,500mg-1g,"Diarrhea, Hyperacidity","Bibhitaki, Haritaki"
7,76,herb_treats_condition,0.82,High,500mg-1g,"Diarrhea, Hyperacidity","Baheda, Haritaki"
8,4,herb_treats_condition,0.7,Medium,1-2g,"Cough, Kapha excess","Licorice, Vasa"
8,13,herb_treats_condition,0.75,Medium,1-2g,"Cough, Kapha excess","Shatavari, Ashoka"
8,62,herb_treats_condition,0.8,High,1-2g,"Cough, Kapha excess","Licorice, Kantakari"
8,66,herb_treats_condition,0.72,Medium,1-2g,"Cough, Kapha excess","Yashtimadhu, Vasa"
8,171,herb_treats_condition,0.75,Medium,1-2g,"Cough, Kapha excess","Pushkaramoola, Kantakari"
9,10,herb_treats_condition,0.85,High,250-500mg,"Pregnancy, Pitta excess","Guggulu, Trikatu"
9,2,herb_treats_condition,0.8,High,250-500mg,"Pregnancy, Pitta excess","Guggulu, Shallaki"
9,19,herb_treats_condition,0.82,High,250-500mg,"Pregnancy, Pitta excess","Guggulu, Rasna"
9,20,herb_treats_condition,0.78,Medium,250-500mg,"Pregnancy, Pitta excess","Shallaki, Guggulu"
9,40,herb_treats_condition,0.85,High,250-500mg,"Pregnancy, Pitta excess","Asthisrinkhala, Guggulu"
10,6,herb_treats_condition,0.8,High,500mg-1g,"Pregnancy, Bleeding disorders","Ginger, Black pepper"
10,8,herb_treats_condition,0.75,Medium,500mg-1g,"Pregnancy, Bleeding disorders","Ashwagandha, Brahmi"
10,16,herb_treats_condition,0.82,High,500mg-1g,"Pregnancy, Bleeding disorders","Ginger, Pippali"
10,31,herb_treats_condition,0.75,Medium,500mg-1g,"Pregnancy, Bleeding disorders","Ginger, Maricha"
10,62,herb_treats_condition,0.78,Medium,500mg-1g,"Pregnancy, Bleeding disorders","Tulsi, Ginger"
11,37,herb_treats_condition,0.85,High,1-2g,"Pregnancy, Constipation","Arjuna, Ashwagandha"
11,39,herb_treats_condition,0.8,High,1-2g,"Pregnancy, Constipation","Arjuna, Arjuna"
11,157,herb_treats_condition,0.75,Medium,1-2g,"Pregnancy, Constipation","Arjuna, Pushkaramoola"
12,15,herb_treats_condition,0.9,High,3-5g,"Pregnancy, Diarrhea","Haritaki, Bibhitaki"
12,86,herb_treats_condition,0.8,High,3-5g,"Pregnancy, Diarrhea","Haritaki, Amalaki"
12,113,herb_treats_condition,0.85,High,3-5g,"Pregnancy, Diarrhea","Triphala, Amalaki"
13,15,herb_treats_condition,0.82,High,2-4g,"Pregnancy, Constipation","Bibhitaki, Haritaki"
13,58,herb_treats_condition,0.75,Medium,2-4g,"Pregnancy, Constipation","Haritaki, Amalaki"
13,86,herb_treats_condition,0.8,High,2-4g,"Pregnancy, Constipation","Triphala, Haritaki"
14,6,herb_treats_condition,0.85,High,1-2g,"Hypertension, Pregnancy","Yashtimadhu, Licorice"
14,25,herb_treats_condition,0.78,Medium,1-2g,"Hypertension, Pregnancy","Mulethi, Licorice"
14,62,herb_treats_condition,0.82,High,1-2g,"Hypertension, Pregnancy","Yashtimadhu, Mulethi"
15,3,herb_treats_condition,0.8,High,250-500mg,"Bleeding disorders, Pitta excess","Pippali, Maricha"
15,23,herb_treats_condition,0.85,High,250-500mg,"Bleeding disorders, Pitta excess","Maricha, Chitrak"
15,25,herb_treats_condition,0.75,Medium,250-500mg,"Bleeding disorders, Pitta excess","Pippali, Ginger"
16,64,herb_treats_condition,0.82,High,500-1000mg,"Pregnancy, Pitta excess","Gokshura, Punarnava"
16,163,herb_treats_condition,0.75,Medium,500-1000mg,"Pregnancy, Pitta excess","Punarnava, Gokshura"
16,178,herb_treats_condition,0.8,High,500-1000mg,"Pregnancy, Pitta excess","Punarnava, Varuna"
17,1,herb_treats_condition,0.75,Medium,250-500mg,"Pregnancy, Bradycardia","Shankhapushpi, Brahmi"
17,4,herb_treats_condition,0.8,High,250-500mg,"Pregnancy, Bradycardia","Brahmi, Jatamansi"
17,9,herb_treats_condition,0.85,High,250-500mg,"Pregnancy, Bradycardia","Shankhapushpi, Medhya herbs"
18,1,herb_treats_condition,0.82,High,250-500mg,"Pregnancy, Depression","Jatamansi, Brahmi"
18,4,herb_treats_condition,0.75,Medium,250-500mg,"Pregnancy, Depression","Jatamansi, Shankhapushpi"
18,13,herb_treats_condition,0.8,High,250-500mg,"Pregnancy, Depression","Jatamansi, Ashwagandha"
19,5,herb_treats_condition,0.85,High,1-2g,"Pregnancy, Diarrhea","Bhringraj, Neem"
19,27,herb_treats_condition,0.8,High,1-2g,"Pregnancy, Diarrhea","Bhringraj, Manjistha"
19,28,herb_treats_condition,0.75,Medium,1-2g,"Pregnancy, Diarrhea","Kutki, Bhringraj"
20,5,herb_treats_condition,0.82,High,1-2g,"Pregnancy, Low blood pressure","Manjistha, Neem"
20,27,herb_treats_condition,0.85,High,1-2g,"Pregnancy, Low blood pressure","Manjistha, Haridra"
20,29,herb_treats_condition,0.75,Medium,1-2g,"Pregnancy, Low blood pressure","Sunth, Manjistha"
21,77,herb_treats_condition,0.85,High,250-500mg,"Pregnancy, Weak digestion","Kutki, Daru haridra"
21,78,herb_treats_condition,0.8,High,250-500mg,"Pregnancy, Weak digestion","Katuka, Kutki"
21,130,herb_treats_condition,0.75,Medium,250-500mg,"Pregnancy, Weak digestion","Kutki, Bhunimba"
22,3,herb_treats_condition,0.8,High,500-1000mg,"Pregnancy, Autoimmune conditions","Guduchi, Amalaki"
22,12,herb_treats_condition,0.85,High,500-1000mg,"Pregnancy, Autoimmune conditions","Guduchi, Haridra"
22,148,herb_treats_condition,0.78,Medium,500-1000mg,"Pregnancy, Autoimmune conditions","Guduchi, Neem"
23,3,herb_treats_condition,0.75,High,500mg-1g,"Diarrhea, Hyperacidity","Amalaki, Baheda"
23,8,herb_treats_condition,0.8,High,500mg-1g,"Diarrhea, Hyperacidity","Amalaki, Ashwagandha"
23,12,herb_treats_condition,0.85,High,500mg-1g,"Diarrhea, Hyperacidity","Amalaki, Haritaki"
24,3,herb_treats_condition,0.82,High,250-500mg,"Pregnancy, Ulcers","Chitrak, Pippali"
24,23,herb_treats_condition,0.75,Medium,250-500mg,"Pregnancy, Ulcers","Chitrak, Maricha"
24,25,herb_treats_condition,0.8,High,250-500mg,"Pregnancy, Ulcers","Chitrak, Ginger"
25,10,herb_treats_condition,0.85,High,1-2g,"Pregnancy, Dehydration","Punarnava, Gokshura"
25,65,herb_treats_condition,0.8,High,1-2g,"Pregnancy, Dehydration","Punarnava, Varuna"
25,179,herb_treats_condition,0.75,Medium,1-2g,"Pregnancy, Dehydration","Punarnava, Gokshura"
26,15,herb_treats_condition,0.75,Medium,250-500mg,"Pregnancy, Excess Vata","Mustak, Haritaki"
26,21,herb_treats_condition,0.8,High,250-500mg,"Pregnancy, Excess Vata","Mustak, Kutki"
26,86,herb_treats_condition,0.78,Medium,250-500mg,"Pregnancy, Excess Vata","Mustak, Haritaki"
27,2,herb_treats_condition,0.9,High,500-1000mg,"Gallstones, Pregnancy","Haridra, Black pepper"
27,3,herb_treats_condition,0.75,Medium,500-1000mg,"Gallstones, Pregnancy","Haridra, Amla"
27,5,herb_treats_condition,0.8,High,500-1000mg,"Gallstones, Pregnancy","Haridra, Neem"
28,77,herb_treats_condition,0.82,High,250-500mg,"Pregnancy, Weak digestion","Daru haridra, Kutki"
28,78,herb_treats_condition,0.75,Medium,250-500mg,"Pregnancy, Weak digestion","Daru haridra, Katuka"
28,130,herb_treats_condition,0.8,High,250-500mg,"Pregnancy, Weak digestion","Daru haridra, Bhunimba"
29,3,herb_treats_condition,0.8,High,1-3g,"Bleeding disorders, Pitta excess","Sunth, Black pepper"
29,11,herb_treats_condition,0.7,Medium,1-3g,"Bleeding disorders, Pitta excess","Sunth, Garlic"
29,15,herb_treats_condition,0.75,Medium,1-3g,"Bleeding disorders, Pitta excess","Sunth, Clove"
30,6,herb_treats_condition,0.85,High,1-2g,"Hypertension, Pregnancy","Mulethi, Licorice"
30,25,herb_treats_condition,0.78,Medium,1-2g,"Hypertension, Pregnancy","Mulethi, Yashtimadhu"
30,62,herb_treats_condition,0.82,High,1-2g,"Hypertension, Pregnancy","Mulethi, Yashtimadhu"
31,6,herb_treats_condition,0.8,High,250-500mg,"Pregnancy, Bleeding disorders","Kalonji, Ginger"
31,16,herb_treats_condition,0.75,Medium,250-500mg,"Pregnancy, Bleeding disorders","Kalonji, Black seed"
31,31,herb_treats_condition,0.82,High,250-500mg,"Pregnancy, Bleeding disorders","Kalonji, Maricha"
32,32,herb_treats_condition,0.85,High,1-2g,"Pregnancy, Diabetes","Safed musli, Ashwagandha"
32,69,herb_treats_condition,0.8,High,1-2g,"Pregnancy, Diabetes","Safed musli, Shatavari"
32,166,herb_treats_condition,0.75,Medium,1-2g,"Pregnancy, Diabetes","Safed musli, Gokshura"
33,8,herb_treats_condition,0.82,High,250-500mg,"Pregnancy, Hot constitution","Shilajit, Ashwagandha"
33,32,herb_treats_condition,0.75,Medium,250-500mg,"Pregnancy, Hot constitution","Shilajit, Safed musli"
33,69,herb_treats_condition,0.8,High,250-500mg,"Pregnancy, Hot constitution","Shilajit, Vidarikanda"
34,8,herb_treats_condition,0.75,Medium,500-1000mg,"Pregnancy, Obesity","Vidarikanda, Ashwagandha"
34,10,herb_treats_condition,0.8,High,500-1000mg,"Pregnancy, Obesity","Vidarikanda, Gokshura"
34,34,herb_treats_condition,0.85,High,500-1000mg,"Pregnancy, Obesity","Vidarikanda, Shilajit"
35,1,herb_treats_condition,0.82,High,250-500mg,"Pregnancy, Bradycardia","Medhya herbs, Brahmi"
35,4,herb_treats_condition,0.75,Medium,250-500mg,"Pregnancy, Bradycardia","Medhya herbs, Shankhapushpi"
35,9,herb_treats_condition,0.8,High,250-500mg,"Pregnancy, Bradycardia","Medhya herbs, Mandukaparni"
36,2,herb_treats_condition,0.85,High,250-500mg,"Pregnancy, Bleeding disorders","Rasna, Guggulu"
36,7,herb_treats_condition,0.8,High,250-500mg,"Pregnancy, Bleeding disorders","Rasna, Shallaki"
36,19,herb_treats_condition,0.82,High,250-500mg,"Pregnancy, Bleeding disorders","Rasna, Eranda"
37,15,herb_treats_condition,0.75,Medium,1-2g,"Pregnancy, Diarrhea","Eranda, Haritaki"
37,86,herb_treats_condition,0.8,High,1-2g,"Pregnancy, Diarrhea","Eranda, Amalaki"
37,113,herb_treats_condition,0.78,Medium,1-2g,"Pregnancy, Diarrhea","Eranda, Triphala"
38,2,herb_treats_condition,0.82,High,250-500mg,"Pregnancy, Bleeding disorders","Nirgundi, Guggulu"
38,7,herb_treats_condition,0.75,Medium,250-500mg,"Pregnancy, Bleeding disorders","Nirgundi, Shallaki"
38,19,herb_treats_condition,0.8,High,250-500mg,"Pregnancy, Bleeding disorders","Nirgundi, Rasna"
39,2,herb_treats_condition,0.85,High,250-500mg,"Pregnancy, Ulcers","Bhallataka, Guggulu"
39,23,herb_treats_condition,0.78,Medium,250-500mg,"Pregnancy, Ulcers","Bhallataka, Chitrak"
39,25,herb_treats_condition,0.82,High,250-500mg,"Pregnancy, Ulcers","Bhallataka, Ginger"
40,40,herb_treats_condition,0.9,High,1-2g,"Pregnancy, Excess Kapha","Asthisrinkhala, Guggulu"
40,51,herb_treats_condition,0.8,High,1-2g,"Pregnancy, Excess Kapha","Asthisrinkhala, Hadjod"
40,151,herb_treats_condition,0.85,High,1-2g,"Pregnancy, Excess Kapha","Asthisrinkhala, Shilajit"
41,12,herb_treats_condition,0.82,High,250-500mg,"Pregnancy, Weak digestion","Karavellaka, Kutki"
41,77,herb_treats_condition,0.75,Medium,250-500mg,"Pregnancy, Weak digestion","Karavellaka, Daru haridra"
41,78,herb_treats_condition,0.8,High,250-500mg,"Pregnancy, Weak digestion","Karavellaka, Katuka"
42,6,herb_treats_condition,0.85,High,1-2g,"Hypertension, Pregnancy","Madhuyasti, Licorice"
42,25,herb_treats_condition,0.78,Medium,1-2g,"Hypertension, Pregnancy","Madhuyasti, Yashtimadhu"
42,62,herb_treats_condition,0.82,High,1-2g,"Hypertension, Pregnancy","Madhuyasti, Mulethi"
43,2,herb_treats_condition,0.8,High,250-500mg,"Pregnancy, Bleeding disorders","Devadaru, Guggulu"
43,7,herb_treats_condition,0.75,Medium,250-500mg,"Pregnancy, Bleeding disorders","Devadaru, Shallaki"
43,19,herb_treats_condition,0.82,High,250-500mg,"Pregnancy, Bleeding disorders","Devadaru, Rasna"
44,7,herb_treats_condition,0.85,High,1-2g,"Pregnancy, Obesity","Bala, Atibala"
44,44,herb_treats_condition,0.8,High,1-2g,"Pregnancy, Obesity","Bala, Sida"
44,45,herb_treats_condition,0.82,High,1-2g,"Pregnancy, Obesity","Bala, Atibala"
45,7,herb_treats_condition,0.82,High,1-2g,"Pregnancy, Obesity","Atibala, Bala"
45,44,herb_treats_condition,0.85,High,1-2g,"Pregnancy, Obesity","Atibala, Sida"
45,146,herb_treats_condition,0.75,Medium,1-2g,"Pregnancy, Obesity","Atibala, Musli"
46,6,herb_treats_condition,0.8,High,250-500mg,"Pregnancy, Bleeding disorders","Kantakari, Ginger"
46,16,herb_treats_condition,0.75,Medium,250-500mg,"Pregnancy, Bleeding disorders","Kantakari, Pippali"
46,31,herb_treats_condition,0.82,High,250-500mg,"Pregnancy, Bleeding disorders","Kantakari, Maricha"
47,77,herb_treats_condition,0.75,Medium,250-500mg,"Pregnancy, Weak digestion","Kashmarya, Daru haridra"
47,78,herb_treats_condition,0.8,High,250-500mg,"Pregnancy, Weak digestion","Kashmarya, Katuka"
47,130,herb_treats_condition,0.78,Medium,250-500mg,"Pregnancy, Weak digestion","Kashmarya, Bhunimba"
48,37,herb_treats_condition,0.82,High,1-2g,"Pregnancy, Constipation","Parushaka, Arjuna"
48,39,herb_treats_condition,0.75,Medium,1-2g,"Pregnancy, Constipation","Parushaka, Arjuna"
48,157,herb_treats_condition,0.8,High,1-2g,"Pregnancy, Constipation","Parushaka, Pushkaramoola"
49,15,herb_treats_condition,0.85,High,2-4g,"Pregnancy, Constipation","Udumbara, Haritaki"
49,58,herb_treats_condition,0.78,Medium,2-4g,"Pregnancy, Constipation","Udumbara, Amalaki"
49,86,herb_treats_condition,0.82,High,2-4g,"Pregnancy, Constipation","Udumbara, Triphala"
50,15,herb_treats_condition,0.8,High,2-4g,"Pregnancy, Constipation","Plaksha, Haritaki"
50,58,herb_treats_condition,0.75,Medium,2-4g,"Pregnancy, Constipation","Plaksha, Amalaki"
50,86,herb_treats_condition,0.82,High,2-4g,"Pregnancy, Constipation","Plaksha, Triphala"
151,201,herb_treats_condition,0.85,High,3-5g,"Pregnancy, Autoimmune conditions","Guduchi, Amalaki"
151,228,herb_treats_condition,0.8,High,3-5g,"Pregnancy, Liver disorders","Kutki, Daru haridra"
151,229,herb_treats_condition,0.75,Medium,3-5g,"Pregnancy, Liver disorders","Kutki, Bhunimba"
152,3,herb_treats_condition,0.9,High,5-10g,"Diarrhea, Intestinal obstruction","Haritaki, Bibhitaki"
152,15,herb_treats_condition,0.85,High,5-10g,"Diarrhea, Intestinal obstruction","Haritaki, Amalaki"
152,21,herb_treats_condition,0.82,High,5-10g,"Diarrhea, Intestinal obstruction","Haritaki, Triphala"
152,84,herb_treats_condition,0.78,Medium,5-10g,"Diarrhea, Intestinal obstruction","Haritaki, Mustak"
152,113,herb_treats_condition,0.8,High,5-10g,"Diarrhea, Intestinal obstruction","Haritaki, Amalaki"
153,15,herb_treats_condition,0.82,High,2-4g,"Pregnancy, Constipation","Bibhitaki, Haritaki"
153,58,herb_treats_condition,0.75,Medium,2-4g,"Pregnancy, Constipation","Bibhitaki, Amalaki"
153,86,herb_treats_condition,0.8,High,2-4g,"Pregnancy, Constipation","Bibhitaki, Triphala"
154,3,herb_treats_condition,0.75,High,500mg-1g,"Diarrhea, Hyperacidity","Amalaki, Baheda"
154,8,herb_treats_condition,0.8,High,500mg-1g,"Diarrhea, Hyperacidity","Amalaki, Ashwagandha"
154,12,herb_treats_condition,0.85,High,500mg-1g,"Diarrhea, Hyperacidity","Amalaki, Haritaki"
154,24,herb_treats_condition,0.78,Medium,500mg-1g,"Diarrhea, Hyperacidity","Amalaki, Bibhitaki"
154,76,herb_treats_condition,0.82,High,500mg-1g,"Diarrhea, Hyperacidity","Amalaki, Baheda"
155,6,herb_treats_condition,0.85,High,1-2g,"Hypertension, Pregnancy","Yashtimadhu, Licorice"
155,25,herb_treats_condition,0.78,Medium,1-2g,"Hypertension, Pregnancy","Yashtimadhu, Mulethi"
155,62,herb_treats_condition,0.82,High,1-2g,"Hypertension, Pregnancy","Yashtimadhu, Mulethi"
156,3,herb_treats_condition,0.8,High,250-500mg,"Bleeding disorders, Pitta excess","Pippali, Maricha"
156,23,herb_treats_condition,0.85,High,250-500mg,"Bleeding disorders, Pitta excess","Pippali, Chitrak"
156,25,herb_treats_condition,0.75,Medium,250-500mg,"Bleeding disorders, Pitta excess","Pippali, Ginger"
156,144,herb_treats_condition,0.82,High,250-500mg,"Bleeding disorders, Pitta excess","Pippali, Maricha"
157,3,herb_treats_condition,0.9,High,500-1000mg,"Gallstones, Pregnancy","Maricha, Black pepper"
157,5,herb_treats_condition,0.8,High,500-1000mg,"Gallstones, Pregnancy","Maricha, Turmeric"
157,23,herb_treats_condition,0.85,High,500-1000mg,"Gallstones, Pregnancy","Maricha, Amla"
157,25,herb_treats_condition,0.78,Medium,500-1000mg,"Gallstones, Pregnancy","Maricha, Haritaki"
157,76,herb_treats_condition,0.82,High,500-1000mg,"Gallstones, Pregnancy","Maricha, Pippali"
157,77,herb_treats_condition,0.75,Medium,500-1000mg,"Gallstones, Pregnancy","Maricha, Kutki"
158,3,herb_treats_condition,0.8,High,1-3g,"Bleeding disorders, Pitta excess","Sunth, Black pepper"
158,11,herb_treats_condition,0.7,Medium,1-3g,"Bleeding disorders, Pitta excess","Sunth, Garlic"
158,15,herb_treats_condition,0.75,Medium,1-3g,"Bleeding disorders, Pitta excess","Sunth, Clove"
158,23,herb_treats_condition,0.82,High,1-3g,"Bleeding disorders, Pitta excess","Sunth, Maricha"
158,25,herb_treats_condition,0.75,Medium,1-3g,"Bleeding disorders, Pitta excess","Sunth, Pippali"
159,3,herb_treats_condition,0.85,High,250-500mg,"Gallstones, Pregnancy","Chavya, Black pepper"
159,5,herb_treats_condition,0.75,Medium,250-500mg,"Gallstones, Pregnancy","Chavya, Turmeric"
159,23,herb_treats_condition,0.8,High,250-500mg,"Gallstones, Pregnancy","Chavya, Amla"
159,25,herb_treats_condition,0.78,Medium,250-500mg,"Gallstones, Pregnancy","Chavya, Haritaki"
160,3,herb_treats_condition,0.82,High,250-500mg,"Pregnancy, Ulcers","Chitraka, Pippali"
160,23,herb_treats_condition,0.75,Medium,250-500mg,"Pregnancy, Ulcers","Chitraka, Maricha"
160,25,herb_treats_condition,0.8,High,250-500mg,"Pregnancy, Ulcers","Chitraka, Ginger"
161,10,herb_treats_condition,0.85,High,1-2g,"Pregnancy, Dehydration","Punarnava, Gokshura"
161,65,herb_treats_condition,0.8,High,1-2g,"Pregnancy, Dehydration","Punarnava, Varuna"
161,179,herb_treats_condition,0.75,Medium,1-2g,"Pregnancy, Dehydration","Punarnava, Gokshura"
162,15,herb_treats_condition,0.75,Medium,250-500mg,"Pregnancy, Excess Vata","Mustak, Haritaki"
162,21,herb_treats_condition,0.8,High,250-500mg,"Pregnancy, Excess Vata","Mustak, Kutki"
162,86,herb_treats_condition,0.78,Medium,250-500mg,"Pregnancy, Excess Vata","Mustak, Haritaki"
163,64,herb_treats_condition,0.82,High,500-1000mg,"Pregnancy, Pitta excess","Gokshura, Punarnava"
163,163,herb_treats_condition,0.75,Medium,500-1000mg,"Pregnancy, Pitta excess","Punarnava, Gokshura"
163,178,herb_treats_condition,0.8,High,500-1000mg,"Pregnancy, Pitta excess","Punarnava, Varuna"
164,77,herb_treats_condition,0.82,High,250-500mg,"Pregnancy, Weak digestion","Kakamachi, Daru haridra"
164,78,herb_treats_condition,0.75,Medium,250-500mg,"Pregnancy, Weak digestion","Kakamachi, Katuka"
164,130,herb_treats_condition,0.8,High,250-500mg,"Pregnancy, Weak digestion","Kakamachi, Bhunimba"
165,2,herb_treats_condition,0.85,High,250-500mg,"Pregnancy, Ulcers","Karavira, Guggulu"
165,23,herb_treats_condition,0.78,Medium,250-500mg,"Pregnancy, Ulcers","Karavira, Chitrak"
165,25,herb_treats_condition,0.82,High,250-500mg,"Pregnancy, Ulcers","Karavira, Ginger"
166,2,herb_treats_condition,0.82,High,250-500mg,"Pregnancy, Bleeding disorders","Arka, Guggulu"
166,7,herb_treats_condition,0.75,Medium,250-500mg,"Pregnancy, Bleeding disorders","Arka, Shallaki"
166,19,herb_treats_condition,0.8,High,250-500mg,"Pregnancy, Bleeding disorders","Arka, Eranda"
167,15,herb_treats_condition,0.75,Medium,2-4g,"Pregnancy, Constipation","Ashwattha, Haritaki"
167,58,herb_treats_condition,0.8,High,2-4g,"Pregnancy, Constipation","Ashwattha, Amalaki"
167,86,herb_treats_condition,0.85,High,2-4g,"Pregnancy, Constipation","Ashwattha, Triphala"
168,37,herb_treats_condition,0.82,High,1-2g,"Pregnancy, Constipation","Palasha, Arjuna"
168,39,herb_treats_condition,0.75,Medium,1-2g,"Pregnancy, Constipation","Palasha, Arjuna"
168,157,herb_treats_condition,0.8,High,1-2g,"Pregnancy, Constipation","Palasha, Pushkaramoola"
169,77,herb_treats_condition,0.75,Medium,250-500mg,"Pregnancy, Weak digestion","Shyonaka, Daru haridra"
169,78,herb_treats_condition,0.8,High,250-500mg,"Pregnancy, Weak digestion","Shyonaka, Katuka"
169,130,herb_treats_condition,0.78,Medium,250-500mg,"Pregnancy, Weak digestion","Shyonaka, Bhunimba"
170,77,herb_treats_condition,0.82,High,250-500mg,"Pregnancy, Weak digestion","Patala, Daru haridra"
170,78,herb_treats_condition,0.75,Medium,250-500mg,"Pregnancy, Weak digestion","Patala, Katuka"
170,130,herb_treats_condition,0.8,High,250-500mg,"Pregnancy, Weak digestion","Patala, Bhunimba"
171,15,herb_treats_condition,0.9,High,3-5g,"Pregnancy, Diarrhea","Khadira, Bibhitaki"
171,86,herb_treats_condition,0.8,High,3-5g,"Pregnancy, Diarrhea","Khadira, Amalaki"
171,113,herb_treats_condition,0.85,High,3-5g,"Pregnancy, Diarrhea","Khadira, Triphala"
172,21,herb_treats_condition,0.75,Medium,250-500mg,"Pregnancy, Dehydration","Apamarga, Mustak"
172,86,herb_treats_condition,0.8,High,250-500mg,"Pregnancy, Dehydration","Apamarga, Haritaki"
172,113,herb_treats_condition,0.78,Medium,250-500mg,"Pregnancy, Dehydration","Apamarga, Amalaki"
173,4,herb_treats_condition,0.7,Medium,1-2g,"Cough, Kapha excess","Shatavari, Licorice"
173,13,herb_treats_condition,0.75,Medium,1-2g,"Cough, Kapha excess","Shatavari, Ashoka"
173,62,herb_treats_condition,0.8,High,1-2g,"Cough, Kapha excess","Shatavari, Kantakari"
173,66,herb_treats_condition,0.72,Medium,1-2g,"Cough, Kapha excess","Shatavari, Yashtimadhu"
173,171,herb_treats_condition,0.75,Medium,1-2g,"Cough, Kapha excess","Shatavari, Pushkaramoola"
174,3,herb_treats_condition,0.8,High,500-1000mg,"Pregnancy, Autoimmune conditions","Guduchi, Amalaki"
174,12,herb_treats_condition,0.85,High,500-1000mg,"Pregnancy, Autoimmune conditions","Guduchi, Haridra"
174,148,herb_treats_condition,0.78,Medium,500-1000mg,"Pregnancy, Autoimmune conditions","Guduchi, Neem"
175,12,herb_treats_condition,0.85,High,250-500mg,"Pregnancy, Weak digestion","Amruta, Kutki"
175,77,herb_treats_condition,0.8,High,250-500mg,"Pregnancy, Weak digestion","Amruta, Daru haridra"
175,78,herb_treats_condition,0.75,Medium,250-500mg,"Pregnancy, Weak digestion","Amruta, Katuka"
176,5,herb_treats_condition,0.82,High,1-2g,"Pregnancy, Low blood pressure","Manjistha, Neem"
176,27,herb_treats_condition,0.85,High,1-2g,"Pregnancy, Low blood pressure","Manjistha, Haridra"
176,29,herb_treats_condition,0.75,Medium,1-2g,"Pregnancy, Low blood pressure","Manjistha, Sunth"
177,5,herb_treats_condition,0.75,Medium,250-500mg,"Pregnancy, Bleeding disorders","Kushta, Turmeric"
177,16,herb_treats_condition,0.8,High,250-500mg,"Pregnancy, Bleeding disorders","Kushta, Black seed"
177,31,herb_treats_condition,0.82,High,250-500mg,"Pregnancy, Bleeding disorders","Kushta, Maricha"
178,77,herb_treats_condition,0.85,High,250-500mg,"Pregnancy, Weak digestion","Kutki, Daru haridra"
178,78,herb_treats_condition,0.8,High,250-500mg,"Pregnancy, Weak digestion","Kutki, Katuka"
178,130,herb_treats_condition,0.75,Medium,250-500mg,"Pregnancy, Weak digestion","Kutki, Bhunimba"
179,77,herb_treats_condition,0.82,High,250-500mg,"Pregnancy, Weak digestion","Daru haridra, Kutki"
179,78,herb_treats_condition,0.75,Medium,250-500mg,"Pregnancy, Weak digestion","Daru haridra, Katuka"
179,130,herb_treats_condition,0.8,High,250-500mg,"Pregnancy, Weak digestion","Daru haridra, Bhunimba"
180,13,herb_treats_condition,0.75,Medium,250-500mg,"Pregnancy, Constipation","Indrayava, Haritaki"
180,58,herb_treats_condition,0.8,High,250-500mg,"Pregnancy, Constipation","Indrayava, Amalaki"
180,86,herb_treats_condition,0.85,High,250-500mg,"Pregnancy, Constipation","Indrayava, Triphala"
181,13,herb_treats_condition,0.82,High,250-500mg,"Pregnancy, Constipation","Kutaja, Haritaki"
181,58,herb_treats_condition,0.75,Medium,250-500mg,"Pregnancy, Constipation","Kutaja, Amalaki"
181,86,herb_treats_condition,0.8,High,250-500mg,"Pregnancy, Constipation","Kutaja, Triphala"
182,15,herb_treats_condition,0.85,High,3-5g,"Pregnancy, Constipation","Bilva, Haritaki"
182,58,herb_treats_condition,0.78,Medium,3-5g,"Pregnancy, Constipation","Bilva, Amalaki"
182,86,herb_treats_condition,0.82,High,3-5g,"Pregnancy, Constipation","Bilva, Triphala"
183,15,herb_treats_condition,0.75,Medium,1-2g,"Pregnancy, Diarrhea","Eranda, Haritaki"
183,86,herb_treats_condition,0.8,High,1-2g,"Pregnancy, Diarrhea","Eranda, Amalaki"
183,113,herb_treats_condition,0.78,Medium,1-2g,"Pregnancy, Diarrhea","Eranda, Triphala"
184,2,herb_treats_condition,0.82,High,250-500mg,"Pregnancy, Bleeding disorders","Nirgundi, Guggulu"
184,7,herb_treats_condition,0.75,Medium,250-500mg,"Pregnancy, Bleeding disorders","Nirgundi, Shallaki"
184,19,herb_treats_condition,0.8,High,250-500mg,"Pregnancy, Bleeding disorders","Nirgundi, Rasna"
185,2,herb_treats_condition,0.85,High,250-500mg,"Pregnancy, Bleeding disorders","Rasna, Guggulu"
185,7,herb_treats_condition,0.8,High,250-500mg,"Pregnancy, Bleeding disorders","Rasna, Shallaki"
185,19,herb_treats_condition,0.82,High,250-500mg,"Pregnancy, Bleeding disorders","Rasna, Eranda"
186,2,herb_treats_condition,0.85,High,250-500mg,"Pregnancy, Ulcers","Bhallataka, Guggulu"
186,23,herb_treats_condition,0.78,Medium,250-500mg,"Pregnancy, Ulcers","Bhallataka, Chitrak"
186,25,herb_treats_condition,0.82,High,250-500mg,"Pregnancy, Ulcers","Bhallataka, Ginger"
187,2,herb_treats_condition,0.82,High,250-500mg,"Pregnancy, Bleeding disorders","Shallaki, Guggulu"
187,7,herb_treats_condition,0.75,Medium,250-500mg,"Pregnancy, Bleeding disorders","Shallaki, Shallaki"
187,19,herb_treats_condition,0.8,High,250-500mg,"Pregnancy, Bleeding disorders","Shallaki, Rasna"
188,10,herb_treats_condition,0.85,High,250-500mg,"Pregnancy, Pitta excess","Guggulu, Trikatu"
188,2,herb_treats_condition,0.8,High,250-500mg,"Pregnancy, Pitta excess","Guggulu, Shallaki"
188,19,herb_treats_condition,0.82,High,250-500mg,"Pregnancy, Pitta excess","Guggulu, Rasna"
188,20,herb_treats_condition,0.78,Medium,250-500mg,"Pregnancy, Pitta excess","Guggulu, Guggulu"
188,40,herb_treats_condition,0.85,High,250-500mg,"Pregnancy, Pitta excess","Guggulu, Asthisrinkhala"
189,2,herb_treats_condition,0.8,High,250-500mg,"Pregnancy, Bleeding disorders","Devadaru, Guggulu"
189,7,herb_treats_condition,0.75,Medium,250-500mg,"Pregnancy, Bleeding disorders","Devadaru, Shallaki"
189,19,herb_treats_condition,0.82,High,250-500mg,"Pregnancy, Bleeding disorders","Devadaru, Rasna"
190,72,herb_treats_condition,0.75,Medium,1-2g,"Pregnancy, Cold constitution","Ushira, Chandana"
190,73,herb_treats_condition,0.8,High,1-2g,"Pregnancy, Cold constitution","Ushira, Sandalwood"
190,74,herb_treats_condition,0.82,High,1-2g,"Pregnancy, Cold constitution","Ushira, Chandana"
191,72,herb_treats_condition,0.75,Medium,1-2g,"Pregnancy, Cold constitution","Chandana, Ushira"
191,73,herb_treats_condition,0.8,High,1-2g,"Pregnancy, Cold constitution","Chandana, Sandalwood"
191,74,herb_treats_condition,0.85,High,1-2g,"Pregnancy, Cold constitution","Chandana, Ushira"
192,1,herb_treats_condition,0.82,High,250-500mg,"Pregnancy, Depression","Tagara, Jatamansi"
192,4,herb_treats_condition,0.75,Medium,250-500mg,"Pregnancy, Depression","Tagara, Shankhapushpi"
192,13,herb_treats_condition,0.8,High,250-500mg,"Pregnancy, Depression","Tagara, Ashwagandha"
193,1,herb_treats_condition,0.85,High,250-500mg,"Pregnancy, Depression","Jatamansi, Brahmi"
193,4,herb_treats_condition,0.75,Medium,250-500mg,"Pregnancy, Depression","Jatamansi, Shankhapushpi"
193,13,herb_treats_condition,0.82,High,250-500mg,"Pregnancy, Depression","Jatamansi, Ashwagandha"
194,6,herb_treats_condition,0.8,High,250-500mg,"Pregnancy, Bleeding disorders","Saunf, Ginger"
194,16,herb_treats_condition,0.75,Medium,250-500mg,"Pregnancy, Bleeding disorders","Saunf, Pippali"
194,31,herb_treats_condition,0.82,High,250-500mg,"Pregnancy, Bleeding disorders","Saunf, Maricha"
195,12,herb_treats_condition,0.85,High,1-2g,"Pregnancy, Diabetes","Methi, Gurmar"
195,94,herb_treats_condition,0.8,High,1-2g,"Pregnancy, Diabetes","Methi, Karela"
195,166,herb_treats_condition,0.75,Medium,1-2g,"Pregnancy, Diabetes","Methi, Gokshura"
196,6,herb_treats_condition,0.8,High,250-500mg,"Pregnancy, Bleeding disorders","Kalonji, Ginger"
196,16,herb_treats_condition,0.75,Medium,250-500mg,"Pregnancy, Bleeding disorders","Kalonji, Black seed"
196,31,herb_treats_condition,0.82,High,250-500mg,"Pregnancy, Bleeding disorders","Kalonji, Maricha"
197,6,herb_treats_condition,0.85,High,250-500mg,"Pregnancy, Bleeding disorders","Hingu, Ginger"
197,16,herb_treats_condition,0.78,Medium,250-500mg,"Pregnancy, Bleeding disorders","Hingu, Pippali"
197,31,herb_treats_condition,0.82,High,250-500mg,"Pregnancy, Bleeding disorders","Hingu, Maricha"
198,2,herb_treats_condition,0.9,High,500-1000mg,"Bleeding disorders, Pitta excess","Lashuna, Black pepper"
198,5,herb_treats_condition,0.8,High,500-1000mg,"Bleeding disorders, Pitta excess","Lashuna, Turmeric"
198,27,herb_treats_condition,0.85,High,500-1000mg,"Bleeding disorders, Pitta excess","Lashuna, Haridra"
199,2,herb_treats_condition,0.9,High,500-1000mg,"Bleeding disorders, Pitta excess","Rasona, Black pepper"
199,5,herb_treats_condition,0.8,High,500-1000mg,"Bleeding disorders, Pitta excess","Rasona, Turmeric"
199,27,herb_treats_condition,0.85,High,500-1000mg,"Bleeding disorders, Pitta excess","Rasona, Haridra"
200,1,herb_treats_condition,0.9,High,300-500mg,"Pregnancy, Autoimmune conditions","Ashwagandha, Brahmi"
200,4,herb_treats_condition,0.85,High,300-500mg,"Pregnancy, Autoimmune conditions","Ashwagandha, Shatavari"
200,8,herb_treats_condition,0.8,High,300-500mg,"Pregnancy, Autoimmune conditions","Ashwagandha, Tulsi"
200,13,herb_treats_condition,0.75,Medium,300-500mg,"Pregnancy, Autoimmune conditions","Ashwagandha, Shankhapushpi"
200,49,herb_treats_condition,0.82,High,300-500mg,"Pregnancy, Autoimmune conditions","Ashwagandha, Jatamansi"
200,148,herb_treats_condition,0.78,Medium,300-500mg,"Pregnancy, Autoimmune conditions","Ashwagandha, Guduchi"
203,6,herb_treats_condition,0.9,High,250-500mg,"Pregnancy, Pitta excess","Ginger, Tulsi"
203,16,herb_treats_condition,0.85,High,250-500mg,"Pregnancy, Pitta excess","Ginger, Pippali"
203,32,herb_treats_condition,0.8,High,250-500mg,"Pregnancy, Pitta excess","Ginger, Tulsi"
204,70,herb_treats_condition,0.85,High,500-1000mg,"Pregnancy, Pitta excess","Ashwagandha, Shatavari"
204,75,herb_treats_condition,0.9,High,500-1000mg,"Pregnancy, Pitta excess","Ashwagandha, Safed Musli"
204,43,herb_treats_condition,0.8,High,500-1000mg,"Pregnancy, Pitta excess","Mucuna, Ashwagandha"
205,8,herb_treats_condition,0.85,High,250-500mg,"Bipolar disorder, Pregnancy, Bleeding disorders","Ashwagandha, Brahmi"
205,13,herb_treats_condition,0.8,High,250-500mg,"Bipolar disorder, Pregnancy, Bleeding disorders","Ashwagandha, Jatamansi"
205,49,herb_treats_condition,0.9,High,250-500mg,"Bipolar disorder, Pregnancy, Bleeding disorders","Ashwagandha, Tulsi"
1,5,herb_treats_condition,0.84,Low,250-500mg,Pitta excess,"Triphala, Haritaki"
1,6,herb_treats_condition,0.69,Low,1-3g,Pregnancy,"Amla, Haritaki"
1,9,herb_treats_condition,0.78,Low,50-100mg,Pitta excess,"Triphala, Haritaki"
1,10,herb_treats_condition,0.8,Low,1-3g,Pitta excess,"Amla, Haritaki"
1,11,herb_treats_condition,0.78,Medium,1-3g,Bleeding disorders,"Ashwagandha, Brahmi"
1,12,herb_treats_condition,0.88,Low,500-1000mg,Bleeding disorders,"Tulsi, Ginger"
1,15,herb_treats_condition,0.7,Medium,50-100mg,Pregnancy,"Guggulu, Shallaki"
1,16,herb_treats_condition,0.68,Medium,1-3g,Bleeding disorders,"Ashwagandha, Brahmi"
1,17,herb_treats_condition,0.87,High,50-100mg,None,"Ashwagandha, Brahmi"
1,18,herb_treats_condition,0.82,High,1-3g,Bleeding disorders,"Amla, Haritaki"
1,20,herb_treats_condition,0.71,Low,50-100mg,Pitta excess,"Tulsi, Ginger"
1,21,herb_treats_condition,0.95,Low,50-100mg,None,"Tulsi, Ginger"
1,23,herb_treats_condition,0.79,Medium,100-250mg,Bleeding disorders,"Tulsi, Ginger"
1,24,herb_treats_condition,0.71,Medium,50-100mg,Pitta excess,"Amla, Haritaki"
1,25,herb_treats_condition,0.87,Low,500-1000mg,None,"Tulsi, Ginger"
1,26,herb_treats_condition,0.95,High,1-3g,Pitta excess,"Tulsi, Ginger"
1,27,herb_treats_condition,0.9,Low,100-250mg,Pregnancy,"Tulsi, Ginger"
1,28,herb_treats_condition,0.77,Low,100-250mg,Bleeding disorders,"Triphala, Haritaki"
1,30,herb_treats_condition,0.85,Medium,500-1000mg,Pitta excess,"Tulsi, Ginger"
1,31,herb_treats_condition,0.69,High,1-3g,Bleeding disorders,"Amla, Haritaki"
1,32,herb_treats_condition,0.78,High,500-1000mg,Bleeding disorders,"Triphala, Haritaki"
1,33,herb_treats_condition,0.95,Low,1-3g,None,"Ashwagandha, Brahmi"
1,35,herb_treats_condition,0.88,Low,100-250mg,Pitta excess,"Guggulu, Shallaki"
1,36,herb_treats_condition,0.83,Medium,500-1000mg,None,"Amla, Haritaki"
1,37,herb_treats_condition,0.73,High,50-100mg,Pregnancy,"Amla, Haritaki"
1,39,herb_treats_condition,0.88,High,250-500mg,Pregnancy,"Tulsi, Ginger"
1,40,herb_treats_condition,0.78,Medium,50-100mg,Bleeding disorders,"Amla, Haritaki"
1,41,herb_treats_condition,0.88,High,50-100mg,Bleeding disorders,"Amla, Haritaki"
1,42,herb_treats_condition,0.83,Low,250-500mg,Pitta excess,"Amla, Haritaki"
1,43,herb_treats_condition,0.94,High,50-100mg,Bleeding disorders,"Guggulu, Shallaki"
1,44,herb_treats_condition,0.66,Medium,250-500mg,Pitta excess,"Ashwagandha, Brahmi"
1,45,herb_treats_condition,0.72,High,50-100mg,Pregnancy,"Guggulu, Shallaki"
1,46,herb_treats_condition,0.89,High,100-250mg,Pitta excess,"Guggulu, Shallaki"
1,47,herb_treats_condition,0.93,Low,250-500mg,None,"Triphala, Haritaki"
1,48,herb_treats_condition,0.93,High,100-250mg,Bleeding disorders,"Guggulu, Shallaki"
1,50,herb_treats_condition,0.95,High,250-500mg,None,"Amla, Haritaki"
1,52,herb_treats_condition,0.79,Low,100-250mg,Pregnancy,"Tulsi, Ginger"
1,53,herb_treats_condition,0.66,High,100-250mg,Pitta excess,"Ashwagandha, Brahmi"
1,54,herb_treats_condition,0.67,High,50-100mg,Pitta excess,"Ashwagandha, Brahmi"
1,55,herb_treats_condition,0.92,Medium,50-100mg,Pitta excess,"Tulsi, Ginger"
1,56,herb_treats_condition,0.85,Low,1-3g,Pitta excess,"Amla, Haritaki"
1,57,herb_treats_condition,0.82,Low,500-1000mg,None,"Triphala, Haritaki"
1,58,herb_treats_condition,0.68,High,500-1000mg,Bleeding disorders,"Guggulu, Shallaki"
1,59,herb_treats_condition,0.77,High,50-100mg,Pregnancy,"Ashwagandha, Brahmi"
1,60,herb_treats_condition,0.77,Medium,50-100mg,Pitta excess,"Triphala, Haritaki"
1,61,herb_treats_condition,0.71,Medium,100-250mg,None,"Triphala, Haritaki"
1,62,herb_treats_condition,0.73,Low,50-100mg,None,"Amla, Haritaki"
1,63,herb_treats_condition,0.68,High,1-3g,Pregnancy,"Ashwagandha, Brahmi"
1,64,herb_treats_condition,0.93,Low,100-250mg,None,"Guggulu, Shallaki"
1,65,herb_treats_condition,0.79,Medium,50-100mg,Pitta excess,"Guggulu, Shallaki"
1,66,herb_treats_condition,0.65,Medium,250-500mg,None,"Tulsi, Ginger"
1,67,herb_treats_condition,0.78,High,1-3g,None,"Triphala, Haritaki"
1,68,herb_treats_condition,0.71,Low,50-100mg,Pregnancy,"Tulsi, Ginger"
1,69,herb_treats_condition,0.67,High,500-1000mg,Pitta excess,"Ashwagandha, Brahmi"
1,70,herb_treats_condition,0.94,Low,100-250mg,Pregnancy,"Amla, Haritaki"
1,71,herb_treats_condition,0.67,Low,500-1000mg,Pregnancy,"Amla, Haritaki"
1,72,herb_treats_condition,0.72,High,50-100mg,Pregnancy,"Guggulu, Shallaki"
1,73,herb_treats_condition,0.85,High,1-3g,Bleeding disorders,"Tulsi, Ginger"
1,74,herb_treats_condition,0.71,High,250-500mg,Pitta excess,"Tulsi, Ginger"
1,75,herb_treats_condition,0.77,High,250-500mg,None,"Tulsi, Ginger"
1,76,herb_treats_condition,0.93,Low,50-100mg,None,"Amla, Haritaki"
1,77,herb_treats_condition,0.95,Low,50-100mg,Pitta excess,"Amla, Haritaki"
1,78,herb_treats_condition,0.73,Medium,50-100mg,Pitta excess,"Tulsi, Ginger"
1,79,herb_treats_condition,0.74,Medium,1-3g,Bleeding disorders,"Amla, Haritaki"
1,80,herb_treats_condition,0.95,High,1-3g,Pregnancy,"Amla, Haritaki"
1,81,herb_treats_condition,0.74,High,50-100mg,Pitta excess,"Tulsi, Ginger"
1,82,herb_treats_condition,0.68,Low,1-3g,Pitta excess,"Tulsi, Ginger"
1,83,herb_treats_condition,0.73,Low,250-500mg,Pitta excess,"Tulsi, Ginger"
1,84,herb_treats_condition,0.8,Medium,50-100mg,Pregnancy,"Guggulu, Shallaki"
1,85,herb_treats_condition,0.9,Low,50-100mg,Bleeding disorders,"Triphala, Haritaki"
1,86,herb_treats_condition,0.84,Medium,100-250mg,None,"Amla, Haritaki"
1,87,herb_treats_condition,0.86,High,50-100mg,Pregnancy,"Ashwagandha, Brahmi"
1,88,herb_treats_condition,0.93,High,100-250mg,Pregnancy,"Tulsi, Ginger"
1,89,herb_treats_condition,0.82,Low,500-1000mg,Pitta excess,"Ashwagandha, Brahmi"
1,90,herb_treats_condition,0.74,Low,250-500mg,Pitta excess,"Triphala, Haritaki"
1,91,herb_treats_condition,0.85,Medium,1-3g,None,"Amla, Haritaki"
1,92,herb_treats_condition,0.87,Low,100-250mg,Pitta excess,"Guggulu, Shallaki"
1,93,herb_treats_condition,0.66,High,250-500mg,None,"Triphala, Haritaki"
1,94,herb_treats_condition,0.73,High,50-100mg,None,"Ashwagandha, Brahmi"
1,96,herb_treats_condition,0.91,Low,100-250mg,None,"Tulsi, Ginger"
1,98,herb_treats_condition,0.74,Low,100-250mg,Pregnancy,"Triphala, Haritaki"
1,99,herb_treats_condition,0.77,Medium,50-100mg,Bleeding disorders,"Tulsi, Ginger"
1,101,herb_treats_condition,0.84,Medium,1-3g,Bleeding disorders,"Ashwagandha, Brahmi"
1,102,herb_treats_condition,0.68,Medium,100-250mg,Bleeding disorders,"Ashwagandha, Brahmi"
1,109,herb_treats_condition,0.68,Medium,250-500mg,Bleeding disorders,"Guggulu, Shallaki"
1,114,herb_treats_condition,0.83,High,50-100mg,None,"Amla, Haritaki"
1,115,herb_treats_condition,0.71,Low,500-1000mg,Pregnancy,"Amla, Haritaki"
1,116,herb_treats_condition,0.93,High,100-250mg,Bleeding disorders,"Guggulu, Shallaki"
1,117,herb_treats_condition,0.67,High,250-500mg,Bleeding disorders,"Ashwagandha, Brahmi"
1,118,herb_treats_condition,0.87,Medium,1-3g,Bleeding disorders,"Guggulu, Shallaki"
1,119,herb_treats_condition,0.75,High,250-500mg,Pitta excess,"Triphala, Haritaki"
1,120,herb_treats_condition,0.78,Medium,100-250mg,Bleeding disorders,"Guggulu, Shallaki"
1,121,herb_treats_condition,0.81,Low,250-500mg,Bleeding disorders,"Triphala, Haritaki"
1,122,herb_treats_condition,0.78,High,1-3g,Bleeding disorders,"Guggulu, Shallaki"
1,123,herb_treats_condition,0.78,High,100-250mg,None,"Triphala, Haritaki"
1,124,herb_treats_condition,0.85,Medium,1-3g,Bleeding disorders,"Ashwagandha, Brahmi"
1,125,herb_treats_condition,0.9,Low,250-500mg,Pitta excess,"Triphala, Haritaki"
1,126,herb_treats_condition,0.69,Low,100-250mg,None,"Amla, Haritaki"
1,127,herb_treats_condition,0.9,Low,500-1000mg,None,"Amla, Haritaki"
1,128,herb_treats_condition,0.71,High,500-1000mg,None,"Guggulu, Shallaki"
1,129,herb_treats_condition,0.72,High,50-100mg,Pregnancy,"Guggulu, Shallaki"
1,130,herb_treats_condition,0.72,High,1-3g,None,"Ashwagandha, Brahmi"
1,131,herb_treats_condition,0.82,Low,500-1000mg,Pitta excess,"Guggulu, Shallaki"
1,132,herb_treats_condition,0.85,High,1-3g,Bleeding disorders,"Guggulu, Shallaki"
1,138,herb_treats_condition,0.83,High,1-3g,None,"Amla, Haritaki"
1,139,herb_treats_condition,0.78,Low,500-1000mg,None,"Tulsi, Ginger"
1,140,herb_treats_condition,0.88,High,250-500mg,None,"Triphala, Haritaki"
1,141,herb_treats_condition,0.73,Low,250-500mg,Pitta excess,"Tulsi, Ginger"
1,142,herb_treats_condition,0.75,High,50-100mg,Pitta excess,"Triphala, Haritaki"
1,143,herb_treats_condition,0.72,High,100-250mg,Pitta excess,"Ashwagandha, Brahmi"
1,144,herb_treats_condition,0.77,Medium,1-3g,None,"Guggulu, Shallaki"
1,145,herb_treats_condition,0.67,Medium,500-1000mg,Pregnancy,"Amla, Haritaki"
1,146,herb_treats_condition,0.76,Low,250-500mg,Bleeding disorders,"Guggulu, Shallaki"
1,147,herb_treats_condition,0.91,Medium,1-3g,Pitta excess,"Guggulu, Shallaki"
1,149,herb_treats_condition,0.72,Medium,500-1000mg,Pregnancy,"Guggulu, Shallaki"
1,150,herb_treats_condition,0.75,High,500-1000mg,Pitta excess,"Guggulu, Shallaki"
1,151,herb_treats_condition,0.93,High,1-3g,Pregnancy,"Guggulu, Shallaki"
1,152,herb_treats_condition,0.83,High,50-100mg,Pregnancy,"Guggulu, Shallaki"
1,153,herb_treats_condition,0.69,Medium,100-250mg,Pregnancy,"Tulsi, Ginger"
1,154,herb_treats_condition,0.76,Low,500-1000mg,Bleeding disorders,"Tulsi, Ginger"
1,155,herb_treats_condition,0.88,Medium,250-500mg,None,"Tulsi, Ginger"
1,156,herb_treats_condition,0.9,Medium,50-100mg,Pregnancy,"Tulsi, Ginger"
1,157,herb_treats_condition,0.72,Low,50-100mg,Pregnancy,"Triphala, Haritaki"
1,159,herb_treats_condition,0.71,Low,1-3g,Pitta excess,"Triphala, Haritaki"
1,160,herb_treats_condition,0.69,High,50-100mg,Pitta excess,"Guggulu, Shallaki"
1,161,herb_treats_condition,0.86,Medium,100-250mg,Pregnancy,"Triphala, Haritaki"
1,162,herb_treats_condition,0.94,Low,1-3g,Pregnancy,"Tulsi, Ginger"
1,163,herb_treats_condition,0.82,Medium,500-1000mg,Pitta excess,"Ashwagandha, Brahmi"
1,164,herb_treats_condition,0.83,High,100-250mg,Pregnancy,"Tulsi, Ginger"
1,165,herb_treats_condition,0.91,High,50-100mg,Pregnancy,"Tulsi, Ginger"
1,166,herb_treats_condition,0.81,High,250-500mg,Pregnancy,"Amla, Haritaki"
1,167,herb_treats_condition,0.84,Low,500-1000mg,None,"Ashwagandha, Brahmi"
1,168,herb_treats_condition,0.78,Medium,500-1000mg,Pitta excess,"Guggulu, Shallaki"
1,169,herb_treats_condition,0.7,High,250-500mg,None,"Guggulu, Shallaki"
1,170,herb_treats_condition,0.78,High,1-3g,Bleeding disorders,"Tulsi, Ginger"
1,171,herb_treats_condition,0.91,Low,250-500mg,None,"Triphala, Haritaki"
1,172,herb_treats_condition,0.88,High,1-3g,None,"Tulsi, Ginger"
1,173,herb_treats_condition,0.66,Medium,100-250mg,None,"Triphala, Haritaki"
1,174,herb_treats_condition,0.76,Medium,250-500mg,Bleeding disorders,"Amla, Haritaki"
1,175,herb_treats_condition,0.86,Medium,1-3g,Pregnancy,"Amla, Haritaki"
1,176,herb_treats_condition,0.93,Low,100-250mg,None,"Guggulu, Shallaki"
1,177,herb_treats_condition,0.82,Low,500-1000mg,None,"Guggulu, Shallaki"
1,178,herb_treats_condition,0.89,Low,250-500mg,Pitta excess,"Guggulu, Shallaki"
1,179,herb_treats_condition,0.86,Medium,1-3g,Bleeding disorders,"Guggulu, Shallaki"
1,180,herb_treats_condition,0.82,Medium,500-1000mg,Bleeding disorders,"Tulsi, Ginger"
1,181,herb_treats_condition,0.86,Medium,250-500mg,Bleeding disorders,"Triphala, Haritaki"
1,183,herb_treats_condition,0.69,Low,250-500mg,Pregnancy,"Amla, Haritaki"
1,184,herb_treats_condition,0.94,High,100-250mg,Pitta excess,"Triphala, Haritaki"
1,185,herb_treats_condition,0.87,Medium,1-3g,Bleeding disorders,"Ashwagandha, Brahmi"
1,186,herb_treats_condition,0.9,Medium,100-250mg,Bleeding disorders,"Triphala, Haritaki"
1,187,herb_treats_condition,0.74,High,1-3g,Pitta excess,"Tulsi, Ginger"
1,188,herb_treats_condition,0.66,Low,1-3g,Bleeding disorders,"Triphala, Haritaki"
1,189,herb_treats_condition,0.84,Medium,50-100mg,Pregnancy,"Amla, Haritaki"
1,190,herb_treats_condition,0.74,Medium,500-1000mg,Bleeding disorders,"Triphala, Haritaki"
1,191,herb_treats_condition,0.94,Medium,500-1000mg,Pregnancy,"Ashwagandha, Brahmi"
1,192,herb_treats_condition,0.77,Low,1-3g,Pregnancy,"Triphala, Haritaki"
1,193,herb_treats_condition,0.69,High,250-500mg,Pregnancy,"Triphala, Haritaki"
1,194,herb_treats_condition,0.69,Medium,1-3g,Pitta excess,"Amla, Haritaki"
1,195,herb_treats_condition,0.76,Medium,250-500mg,None,"Tulsi, Ginger"
1,196,herb_treats_condition,0.82,Low,1-3g,Pregnancy,"Triphala, Haritaki"
1,197,herb_treats_condition,0.84,Medium,50-100mg,Pitta excess,"Triphala, Haritaki"
1,198,herb_treats_condition,0.7,Low,100-250mg,Pregnancy,"Guggulu, Shallaki"
1,199,herb_treats_condition,0.79,High,500-1000mg,Bleeding disorders,"Ashwagandha, Brahmi"
1,200,herb_treats_condition,0.72,High,250-500mg,None,"Ashwagandha, Brahmi"
1,201,herb_treats_condition,0.86,Medium,1-3g,Pitta excess,"Guggulu, Shallaki"
1,202,herb_treats_condition,0.68,Low,100-250mg,Bleeding disorders,"Triphala, Haritaki"
1,203,herb_treats_condition,0.67,Low,250-500mg,Bleeding disorders,"Guggulu, Shallaki"
1,204,herb_treats_condition,0.69,High,250-500mg,None,"Tulsi, Ginger"
1,205,herb_treats_condition,0.8,Medium,500-1000mg,Pregnancy,"Amla, Haritaki"
1,206,herb_treats_condition,0.66,Medium,250-500mg,Bleeding disorders,"Ashwagandha, Brahmi"
1,207,herb_treats_condition,0.68,High,1-3g,Pregnancy,"Tulsi, Ginger"
1,208,herb_treats_condition,0.82,Low,500-1000mg,None,"Tulsi, Ginger"
1,209,herb_treats_condition,0.7,High,500-1000mg,None,"Ashwagandha, Brahmi"
1,210,herb_treats_condition,0.79,Medium,250-500mg,Bleeding disorders,"Ashwagandha, Brahmi"
1,211,herb_treats_condition,0.91,Medium,500-1000mg,None,"Tulsi, Ginger"
1,212,herb_treats_condition,0.85,Medium,1-3g,Pregnancy,"Guggulu, Shallaki"
1,213,herb_treats_condition,0.68,Medium,250-500mg,Pregnancy,"Guggulu, Shallaki"
1,214,herb_treats_condition,0.91,Low,1-3g,None,"Guggulu, Shallaki"
1,215,herb_treats_condition,0.67,High,250-500mg,None,"Guggulu, Shallaki"
1,216,herb_treats_condition,0.88,Low,250-500mg,Pitta excess,"Tulsi, Ginger"
1,217,herb_treats_condition,0.78,High,500-1000mg,Pregnancy,"Ashwagandha, Brahmi"
1,218,herb_treats_condition,0.94,High,100-250mg,Pitta excess,"Tulsi, Ginger"
1,219,herb_treats_condition,0.82,High,500-1000mg,Pregnancy,"Triphala, Haritaki"
1,220,herb_treats_condition,0.95,Low,500-1000mg,Pregnancy,"Triphala, Haritaki"
1,221,herb_treats_condition,0.8,High,250-500mg,Bleeding disorders,"Guggulu, Shallaki"
1,222,herb_treats_condition,0.9,Medium,100-250mg,None,"Amla, Haritaki"
1,223,herb_treats_condition,0.69,Low,1-3g,Pitta excess,"Ashwagandha, Brahmi"
1,224,herb_treats_condition,0.73,Medium,250-500mg,Bleeding disorders,"Ashwagandha, Brahmi"
1,227,herb_treats_condition,0.73,Medium,1-3g,None,"Triphala, Haritaki"
1,230,herb_treats_condition,0.78,Medium,250-500mg,Bleeding disorders,"Amla, Haritaki"
1,231,herb_treats_condition,0.88,Medium,500-1000mg,Bleeding disorders,"Triphala, Haritaki"
1,232,herb_treats_condition,0.94,Low,1-3g,None,"Triphala, Haritaki"
1,233,herb_treats_condition,0.91,Medium,50-100mg,Bleeding disorders,"Guggulu, Shallaki"
1,234,herb_treats_condition,0.86,Medium,500-1000mg,Pitta excess,"Guggulu, Shallaki"
1,235,herb_treats_condition,0.94,Low,1-3g,Bleeding disorders,"Ashwagandha, Brahmi"
1,238,herb_treats_condition,0.91,Medium,50-100mg,None,"Ashwagandha, Brahmi"
1,239,herb_treats_condition,0.87,Medium,100-250mg,Pregnancy,"Guggulu, Shallaki"
1,240,herb_treats_condition,0.88,Medium,250-500mg,None,"Ashwagandha, Brahmi"
1,244,herb_treats_condition,0.91,High,1-3g,None,"Tulsi, Ginger"
1,247,herb_treats_condition,0.84,Medium,1-3g,Pregnancy,"Amla, Haritaki"
1,248,herb_treats_condition,0.67,High,250-500mg,Pitta excess,"Ashwagandha, Brahmi"
1,250,herb_treats_condition,0.78,Low,50-100mg,None,"Triphala, Haritaki"
1,251,herb_treats_condition,0.86,Low,50-100mg,Bleeding disorders,"Ashwagandha, Brahmi"
1,252,herb_treats_condition,0.74,Medium,500-1000mg,Pitta excess,"Triphala, Haritaki"
1,253,herb_treats_condition,0.81,High,100-250mg,Pitta excess,"Triphala, Haritaki"
1,254,herb_treats_condition,0.67,Medium,1-3g,Pitta excess,"Guggulu, Shallaki"
1,257,herb_treats_condition,0.92,Low,100-250mg,None,"Tulsi, Ginger"
1,258,herb_treats_condition,0.79,High,50-100mg,None,"Tulsi, Ginger"
1,262,herb_treats_condition,0.85,Low,50-100mg,None,"Tulsi, Ginger"
1,264,herb_treats_condition,0.95,Medium,500-1000mg,Bleeding disorders,"Guggulu, Shallaki"
1,265,herb_treats_condition,0.9,Low,500-1000mg,None,"Ashwagandha, Brahmi"
1,266,herb_treats_condition,0.72,High,250-500mg,Bleeding disorders,"Tulsi, Ginger"
1,267,herb_treats_condition,0.66,High,500-1000mg,Bleeding disorders,"Ashwagandha, Brahmi"
1,268,herb_treats_condition,0.82,High,50-100mg,None,"Tulsi, Ginger"
1,269,herb_treats_condition,0.88,Low,1-3g,Bleeding disorders,"Triphala, Haritaki"
1,272,herb_treats_condition,0.84,High,250-500mg,Pitta excess,"Ashwagandha, Brahmi"
1,273,herb_treats_condition,0.92,High,50-100mg,Bleeding disorders,"Guggulu, Shallaki"
1,274,herb_treats_condition,0.66,Medium,100-250mg,Pregnancy,"Tulsi, Ginger"
1,275,herb_treats_condition,0.75,Medium,100-250mg,Pitta excess,"Triphala, Haritaki"
1,276,herb_treats_condition,0.89,Medium,1-3g,Bleeding disorders,"Triphala, Haritaki"
1,277,herb_treats_condition,0.73,Medium,250-500mg,Bleeding disorders,"Ashwagandha, Brahmi"
1,278,herb_treats_condition,0.79,Low,100-250mg,Pitta excess,"Guggulu, Shallaki"
1,279,herb_treats_condition,0.94,High,250-500mg,Pregnancy,"Guggulu, Shallaki"
1,280,herb_treats_condition,0.65,High,50-100mg,None,"Tulsi, Ginger"
1,281,herb_treats_condition,0.85,High,250-500mg,None,"Tulsi, Ginger"
1,282,herb_treats_condition,0.68,Low,500-1000mg,Pregnancy,"Amla, Haritaki"
1,283,herb_treats_condition,0.92,High,250-500mg,Pitta excess,"Ashwagandha, Brahmi"
1,284,herb_treats_condition,0.84,Medium,250-500mg,None,"Ashwagandha, Brahmi"
1,285,herb_treats_condition,0.69,Low,250-500mg,None,"Ashwagandha, Brahmi"
1,286,herb_treats_condition,0.68,High,100-250mg,None,"Guggulu, Shallaki"
1,287,herb_treats_condition,0.76,High,1-3g,None,"Amla, Haritaki"
1,289,herb_treats_condition,0.87,Low,500-1000mg,Pregnancy,"Guggulu, Shallaki"
1,290,herb_treats_condition,0.83,Medium,50-100mg,Bleeding disorders,"Triphala, Haritaki"
1,291,herb_treats_condition,0.78,Low,250-500mg,Pregnancy,"Tulsi, Ginger"
1,292,herb_treats_condition,0.81,High,250-500mg,Pregnancy,"Guggulu, Shallaki"
1,295,herb_treats_condition,0.73,Low,500-1000mg,Pregnancy,"Triphala, Haritaki"
1,296,herb_treats_condition,0.84,High,50-100mg,Pregnancy,"Tulsi, Ginger"
1,297,herb_treats_condition,0.72,Low,1-3g,Pitta excess,"Ashwagandha, Brahmi"
1,298,herb_treats_condition,0.9,High,100-250mg,Pitta excess,"Triphala, Haritaki"
1,299,herb_treats_condition,0.75,Low,1-3g,Pregnancy,"Tulsi, Ginger"
1,301,herb_treats_condition,0.91,Low,100-250mg,Bleeding disorders,"Triphala, Haritaki"
1,302,herb_treats_condition,0.68,Low,100-250mg,Pregnancy,"Tulsi, Ginger"
1,303,herb_treats_condition,0.89,Low,1-3g,Bleeding disorders,"Ashwagandha, Brahmi"
1,304,herb_treats_condition,0.7,Low,100-250mg,None,"Amla, Haritaki"
1,305,herb_treats_condition,0.68,Low,500-1000mg,None,"Tulsi, Ginger"
1,306,herb_treats_condition,0.8,Low,500-1000mg,Pitta excess,"Amla, Haritaki"
1,307,herb_treats_condition,0.66,High,1-3g,Bleeding disorders,"Guggulu, Shallaki"
1,308,herb_treats_condition,0.84,Low,50-100mg,None,"Guggulu, Shallaki"
1,309,herb_treats_condition,0.78,Low,500-1000mg,None,"Ashwagandha, Brahmi"
1,310,herb_treats_condition,0.92,Medium,1-3g,Pitta excess,"Ashwagandha, Brahmi"
1,311,herb_treats_condition,0.69,High,1-3g,Bleeding disorders,"Guggulu, Shallaki"
1,312,herb_treats_condition,0.95,High,250-500mg,None,"Amla, Haritaki"
1,313,herb_treats_condition,0.83,Low,50-100mg,Pitta excess,"Guggulu, Shallaki"
1,314,herb_treats_condition,0.79,Low,500-1000mg,Bleeding disorders,"Guggulu, Shallaki"
1,315,herb_treats_condition,0.77,High,50-100mg,Bleeding disorders,"Guggulu, Shallaki"
1,316,herb_treats_condition,0.74,Medium,250-500mg,Pitta excess,"Guggulu, Shallaki"
1,317,herb_treats_condition,0.67,Low,50-100mg,None,"Ashwagandha, Brahmi"
1,318,herb_treats_condition,0.87,Medium,100-250mg,Pregnancy,"Amla, Haritaki"
1,319,herb_treats_condition,0.94,High,250-500mg,Pregnancy,"Guggulu, Shallaki"
1,320,herb_treats_condition,0.76,High,500-1000mg,Pregnancy,"Tulsi, Ginger"
1,321,herb_treats_condition,0.83,Medium,50-100mg,Pitta excess,"Triphala, Haritaki"
1,323,herb_treats_condition,0.85,Low,50-100mg,Bleeding disorders,"Amla, Haritaki"
1,324,herb_treats_condition,0.76,Medium,1-3g,Pitta excess,"Guggulu, Shallaki"
1,325,herb_treats_condition,0.9,High,1-3g,Pregnancy,"Amla, Haritaki"
1,326,herb_treats_condition,0.93,High,250-500mg,Pregnancy,"Triphala, Haritaki"
1,327,herb_treats_condition,0.73,Medium,250-500mg,Bleeding disorders,"Ashwagandha, Brahmi"
1,328,herb_treats_condition,0.7,Low,1-3g,None,"Ashwagandha, Brahmi"
1,329,herb_treats_condition,0.69,High,50-100mg,Pregnancy,"Amla, Haritaki"
1,330,herb_treats_condition,0.71,Medium,500-1000mg,Bleeding disorders,"Triphala, Haritaki"
1,331,herb_treats_condition,0.76,High,250-500mg,Pregnancy,"Ashwagandha, Brahmi"
1,333,herb_treats_condition,0.7,High,50-100mg,Pregnancy,"Tulsi, Ginger"
1,334,herb_treats_condition,0.78,Medium,500-1000mg,None,"Guggulu, Shallaki"
1,335,herb_treats_condition,0.73,High,50-100mg,Bleeding disorders,"Guggulu, Shallaki"
1,336,herb_treats_condition,0.68,High,1-3g,None,"Amla, Haritaki"
1,337,herb_treats_condition,0.85,Low,100-250mg,None,"Amla, Haritaki"
1,338,herb_treats_condition,0.67,Low,250-500mg,Pitta excess,"Triphala, Haritaki"
1,339,herb_treats_condition,0.88,Medium,250-500mg,Pregnancy,"Ashwagandha, Brahmi"
1,340,herb_treats_condition,0.8,Medium,100-250mg,Pitta excess,"Guggulu, Shallaki"
1,341,herb_treats_condition,0.81,Low,1-3g,Bleeding disorders,"Ashwagandha, Brahmi"
1,342,herb_treats_condition,0.77,High,50-100mg,None,"Ashwagandha, Brahmi"
1,344,herb_treats_condition,0.79,Low,250-500mg,None,"Amla, Haritaki"
1,345,herb_treats_condition,0.77,High,500-1000mg,Bleeding disorders,"Ashwagandha, Brahmi"
1,346,herb_treats_condition,0.77,Medium,100-250mg,None,"Tulsi, Ginger"
1,348,herb_treats_condition,0.68,Low,100-250mg,None,"Amla, Haritaki"
1,349,herb_treats_condition,0.77,Low,500-1000mg,Bleeding disorders,"Tulsi, Ginger"
1,350,herb_treats_condition,0.72,Low,50-100mg,Pregnancy,"Amla, Haritaki"
1,351,herb_treats_condition,0.8,Medium,250-500mg,Pitta excess,"Triphala, Haritaki"
1,352,herb_treats_condition,0.68,Medium,100-250mg,Pitta excess,"Amla, Haritaki"
1,353,herb_treats_condition,0.7,High,50-100mg,Pitta excess,"Guggulu, Shallaki"
1,355,herb_treats_condition,0.79,High,1-3g,None,"Amla, Haritaki"
1,356,herb_treats_condition,0.84,High,250-500mg,Bleeding disorders,"Triphala, Haritaki"
1,357,herb_treats_condition,0.78,Medium,500-1000mg,Bleeding disorders,"Tulsi, Ginger"
1,358,herb_treats_condition,0.83,Medium,1-3g,Pregnancy,"Tulsi, Ginger"
1,359,herb_treats_condition,0.79,Low,50-100mg,Bleeding disorders,"Tulsi, Ginger"
1,360,herb_treats_condition,0.67,Low,1-3g,None,"Guggulu, Shallaki"
1,361,herb_treats_condition,0.82,High,50-100mg,None,"Amla, Haritaki"
1,364,herb_treats_condition,0.85,Medium,1-3g,None,"Amla, Haritaki"
1,365,herb_treats_condition,0.7,Low,500-1000mg,Pregnancy,"Tulsi, Ginger"
1,366,herb_treats_condition,0.94,Low,1-3g,Pitta excess,"Ashwagandha, Brahmi"
1,367,herb_treats_condition,0.72,Medium,500-1000mg,Pitta excess,"Tulsi, Ginger"
1,368,herb_treats_condition,0.76,Medium,500-1000mg,None,"Tulsi, Ginger"
1,369,herb_treats_condition,0.85,Low,250-500mg,Pregnancy,"Tulsi, Ginger"
1,370,herb_treats_condition,0.68,High,500-1000mg,Bleeding disorders,"Tulsi, Ginger"
1,371,herb_treats_condition,0.87,High,1-3g,Pitta excess,"Tulsi, Ginger"
1,373,herb_treats_condition,0.67,High,100-250mg,Bleeding disorders,"Tulsi, Ginger"
1,374,herb_treats_condition,0.94,High,500-1000mg,Pitta excess,"Amla, Haritaki"
1,375,herb_treats_condition,0.86,Low,250-500mg,None,"Tulsi, Ginger"
1,376,herb_treats_condition,0.89,High,1-3g,Pregnancy,"Guggulu, Shallaki"
1,377,herb_treats_condition,0.8,Low,250-500mg,Bleeding disorders,"Triphala, Haritaki"
1,378,herb_treats_condition,0.94,Medium,500-1000mg,Pitta excess,"Triphala, Haritaki"
1,379,herb_treats_condition,0.95,Low,50-100mg,Bleeding disorders,"Ashwagandha, Brahmi"
1,381,herb_treats_condition,0.8,High,1-3g,Pregnancy,"Tulsi, Ginger"
1,382,herb_treats_condition,0.91,High,100-250mg,None,"Triphala, Haritaki"
1,384,herb_treats_condition,0.7,High,1-3g,Pitta excess,"Guggulu, Shallaki"
1,385,herb_treats_condition,0.66,Medium,100-250mg,None,"Amla, Haritaki"
1,386,herb_treats_condition,0.74,High,500-1000mg,Pitta excess,"Amla, Haritaki"
1,388,herb_treats_condition,0.72,Medium,100-250mg,Bleeding disorders,"Amla, Haritaki"
1,389,herb_treats_condition,0.95,Medium,250-500mg,None,"Amla, Haritaki"
1,390,herb_treats_condition,0.81,Low,100-250mg,Pitta excess,"Tulsi, Ginger"
1,392,herb_treats_condition,0.67,Medium,250-500mg,Pregnancy,"Amla, Haritaki"
1,393,herb_treats_condition,0.91,Medium,50-100mg,Pitta excess,"Tulsi, Ginger"
1,394,herb_treats_condition,0.78,High,100-250mg,None,"Ashwagandha, Brahmi"
1,395,herb_treats_condition,0.93,Low,500-1000mg,Bleeding disorders,"Ashwagandha, Brahmi"
1,396,herb_treats_condition,0.77,Medium,1-3g,Bleeding disorders,"Triphala, Haritaki"
1,397,herb_treats_condition,0.77,Low,250-500mg,Pitta excess,"Ashwagandha, Brahmi"
1,398,herb_treats_condition,0.75,Low,250-500mg,Pitta excess,"Triphala, Haritaki"
1,399,herb_treats_condition,0.66,Medium,100-250mg,None,"Guggulu, Shallaki"
1,401,herb_treats_condition,0.83,Low,50-100mg,Bleeding disorders,"Triphala, Haritaki"
1,402,herb_treats_condition,0.9,High,1-3g,None,"Ashwagandha, Brahmi"
1,403,herb_treats_condition,0.88,Low,250-500mg,Pregnancy,"Ashwagandha, Brahmi"
1,404,herb_treats_condition,0.72,High,1-3g,None,"Ashwagandha, Brahmi"
1,405,herb_treats_condition,0.68,Medium,1-3g,Pregnancy,"Amla, Haritaki"
1,406,herb_treats_condition,0.82,High,100-250mg,Bleeding disorders,"Guggulu, Shallaki"
1,407,herb_treats_condition,0.65,Medium,100-250mg,None,"Triphala, Haritaki"
1,409,herb_treats_condition,0.85,Low,1-3g,Bleeding disorders,"Ashwagandha, Brahmi"
1,410,herb_treats_condition,0.94,High,1-3g,Pregnancy,"Guggulu, Shallaki"
1,411,herb_treats_condition,0.91,Low,500-1000mg,Bleeding disorders,"Tulsi, Ginger"
1,414,herb_treats_condition,0.87,Medium,50-100mg,Bleeding disorders,"Triphala, Haritaki"
1,416,herb_treats_condition,0.87,High,50-100mg,Bleeding disorders,"Triphala, Haritaki"
1,417,herb_treats_condition,0.66,High,250-500mg,Pitta excess,"Guggulu, Shallaki"
1,419,herb_treats_condition,0.94,Medium,100-250mg,Pitta excess,"Ashwagandha, Brahmi"
1,420,herb_treats_condition,0.86,Medium,50-100mg,Bleeding disorders,"Triphala, Haritaki"
1,421,herb_treats_condition,0.66,Low,50-100mg,Bleeding disorders,"Tulsi, Ginger"
1,422,herb_treats_condition,0.8,High,500-1000mg,Bleeding disorders,"Ashwagandha, Brahmi"
1,424,herb_treats_condition,0.88,Low,250-500mg,Bleeding disorders,"Ashwagandha, Brahmi"
1,425,herb_treats_condition,0.91,Medium,250-500mg,Pregnancy,"Tulsi, Ginger"
1,426,herb_treats_condition,0.78,Medium,500-1000mg,None,"Tulsi, Ginger"
1,428,herb_treats_condition,0.94,Medium,500-1000mg,Bleeding disorders,"Amla, Haritaki"
1,429,herb_treats_condition,0.73,Low,500-1000mg,Pregnancy,"Guggulu, Shallaki"
1,430,herb_treats_condition,0.83,Low,1-3g,Bleeding disorders,"Tulsi, Ginger"
1,431,herb_treats_condition,0.68,Medium,250-500mg,Bleeding disorders,"Guggulu, Shallaki"
1,432,herb_treats_condition,0.83,Medium,100-250mg,None,"Tulsi, Ginger"
1,433,herb_treats_condition,0.78,High,250-500mg,None,"Tulsi, Ginger"
1,435,herb_treats_condition,0.84,Low,50-100mg,None,"Tulsi, Ginger"
1,437,herb_treats_condition,0.8,High,100-250mg,Pregnancy,"Triphala, Haritaki"
1,438,herb_treats_condition,0.9,High,500-1000mg,Pregnancy,"Triphala, Haritaki"
1,439,herb_treats_condition,0.67,High,250-500mg,Bleeding disorders,"Guggulu, Shallaki"
1,440,herb_treats_condition,0.93,Low,1-3g,Pitta excess,"Guggulu, Shallaki"
1,442,herb_treats_condition,0.93,Medium,500-1000mg,Pregnancy,"Amla, Haritaki"
1,444,herb_treats_condition,0.69,Medium,500-1000mg,Bleeding disorders,"Tulsi, Ginger"
1,445,herb_treats_condition,0.72,Low,50-100mg,Pitta excess,"Guggulu, Shallaki"
1,447,herb_treats_condition,0.81,High,50-100mg,Bleeding disorders,"Tulsi, Ginger"
1,449,herb_treats_condition,0.86,Low,1-3g,Bleeding disorders,"Guggulu, Shallaki"
1,450,herb_treats_condition,0.71,Low,50-100mg,None,"Triphala, Haritaki"
1,451,herb_treats_condition,0.92,Medium,50-100mg,Bleeding disorders,"Tulsi, Ginger"
1,452,herb_treats_condition,0.86,High,1-3g,Bleeding disorders,"Tulsi, Ginger"
1,453,herb_treats_condition,0.91,High,100-250mg,Bleeding disorders,"Amla, Haritaki"
1,455,herb_treats_condition,0.72,Low,100-250mg,Pitta excess,"Guggulu, Shallaki"
1,457,herb_treats_condition,0.66,High,1-3g,Bleeding disorders,"Guggulu, Shallaki"
1,458,herb_treats_condition,0.89,High,100-250mg,Pregnancy,"Ashwagandha, Brahmi"
1,459,herb_treats_condition,0.74,High,500-1000mg,None,"Guggulu, Shallaki"
1,460,herb_treats_condition,0.9,Low,100-250mg,Bleeding disorders,"Ashwagandha, Brahmi"
1,461,herb_treats_condition,0.78,High,1-3g,Bleeding disorders,"Triphala, Haritaki"
1,462,herb_treats_condition,0.91,High,1-3g,Pitta excess,"Triphala, Haritaki"
1,465,herb_treats_condition,0.78,Low,50-100mg,Pitta excess,"Tulsi, Ginger"
1,466,herb_treats_condition,0.7,Medium,100-250mg,Bleeding disorders,"Amla, Haritaki"
1,467,herb_treats_condition,0.92,Low,250-500mg,Pitta excess,"Amla, Haritaki"
1,468,herb_treats_condition,0.73,High,250-500mg,Pregnancy,"Amla, Haritaki"
1,470,herb_treats_condition,0.84,High,1-3g,Pitta excess,"Triphala, Haritaki"
1,471,herb_treats_condition,0.85,High,1-3g,Bleeding disorders,"Amla, Haritaki"
1,472,herb_treats_condition,0.66,Low,50-100mg,Pregnancy,"Amla, Haritaki"
1,474,herb_treats_condition,0.73,Low,1-3g,None,"Amla, Haritaki"
1,475,herb_treats_condition,0.84,Medium,1-3g,Bleeding disorders,"Tulsi, Ginger"
1,476,herb_treats_condition,0.79,High,500-1000mg,Bleeding disorders,"Guggulu, Shallaki"
1,477,herb_treats_condition,0.67,Low,100-250mg,None,"Guggulu, Shallaki"
1,480,herb_treats_condition,0.8,Low,250-500mg,Pitta excess,"Tulsi, Ginger"
1,481,herb_treats_condition,0.91,Medium,250-500mg,None,"Triphala, Haritaki"
1,482,herb_treats_condition,0.88,High,1-3g,Pregnancy,"Tulsi, Ginger"
1,483,herb_treats_condition,0.72,Low,250-500mg,None,"Triphala, Haritaki"
1,484,herb_treats_condition,0.69,Low,250-500mg,None,"Amla, Haritaki"
1,485,herb_treats_condition,0.78,Low,250-500mg,Bleeding disorders,"Triphala, Haritaki"
1,486,herb_treats_condition,0.88,Medium,1-3g,None,"Guggulu, Shallaki"
1,487,herb_treats_condition,0.91,Medium,50-100mg,Pregnancy,"Guggulu, Shallaki"
1,488,herb_treats_condition,0.8,Low,100-250mg,Bleeding disorders,"Ashwagandha, Brahmi"
1,489,herb_treats_condition,0.67,Medium,1-3g,None,"Tulsi, Ginger"
1,490,herb_treats_condition,0.81,Low,500-1000mg,Pitta excess,"Tulsi, Ginger"
1,491,herb_treats_condition,0.87,Medium,250-500mg,Pregnancy,"Guggulu, Shallaki"
1,493,herb_treats_condition,0.67,High,100-250mg,Bleeding disorders,"Amla, Haritaki"
1,495,herb_treats_condition,0.74,Medium,1-3g,None,"Amla, Haritaki"
1,496,herb_treats_condition,0.73,High,1-3g,Pregnancy,"Triphala, Haritaki"
1,498,herb_treats_condition,0.94,Medium,250-500mg,Bleeding disorders,"Amla, Haritaki"
1,499,herb_treats_condition,0.93,Low,100-250mg,None,"Amla, Haritaki"
1,500,herb_treats_condition,0.66,Low,100-250mg,Bleeding disorders,"Guggulu, Shallaki"
1,501,herb_treats_condition,0.81,Low,1-3g,Pitta excess,"Tulsi, Ginger"
1,502,herb_treats_condition,0.93,Medium,100-250mg,None,"Amla, Haritaki"
1,503,herb_treats_condition,0.87,Medium,1-3g,Bleeding disorders,"Amla, Haritaki"
1,506,herb_treats_condition,0.9,High,500-1000mg,Bleeding disorders,"Guggulu, Shallaki"
1,507,herb_treats_condition,0.89,Medium,250-500mg,Pregnancy,"Guggulu, Shallaki"
1,508,herb_treats_condition,0.83,High,50-100mg,None,"Tulsi, Ginger"
1,509,herb_treats_condition,0.94,High,1-3g,Pitta excess,"Ashwagandha, Brahmi"
1,510,herb_treats_condition,0.83,Low,1-3g,None,"Triphala, Haritaki"
1,511,herb_treats_condition,0.9,Low,50-100mg,Pregnancy,"Triphala, Haritaki"
1,512,herb_treats_condition,0.66,Medium,500-1000mg,Pitta excess,"Guggulu, Shallaki"
1,513,herb_treats_condition,0.86,Medium,1-3g,None,"Ashwagandha, Brahmi"
1,514,herb_treats_condition,0.86,High,100-250mg,Bleeding disorders,"Guggulu, Shallaki"
1,515,herb_treats_condition,0.81,Medium,100-250mg,None,"Amla, Haritaki"
1,516,herb_treats_condition,0.75,Medium,250-500mg,None,"Triphala, Haritaki"
1,517,herb_treats_condition,0.94,Medium,1-3g,Bleeding disorders,"Triphala, Haritaki"
1,518,herb_treats_condition,0.93,Medium,250-500mg,Pitta excess,"Guggulu, Shallaki"
1,519,herb_treats_condition,0.75,Medium,1-3g,Bleeding disorders,"Tulsi, Ginger"
1,521,herb_treats_condition,0.69,High,1-3g,None,"Guggulu, Shallaki"
1,522,herb_treats_condition,0.9,Low,250-500mg,Pregnancy,"Tulsi, Ginger"
1,523,herb_treats_condition,0.94,Low,250-500mg,None,"Tulsi, Ginger"
1,525,herb_treats_condition,0.87,Low,100-250mg,Bleeding disorders,"Amla, Haritaki"
1,526,herb_treats_condition,0.86,Low,50-100mg,Pitta excess,"Triphala, Haritaki"
1,527,herb_treats_condition,0.67,High,100-250mg,Pitta excess,"Ashwagandha, Brahmi"
1,528,herb_treats_condition,0.68,Medium,500-1000mg,Pregnancy,"Triphala, Haritaki"
1,530,herb_treats_condition,0.65,High,100-250mg,None,"Guggulu, Shallaki"
1,531,herb_treats_condition,0.79,Low,250-500mg,Bleeding disorders,"Tulsi, Ginger"
1,532,herb_treats_condition,0.84,Low,1-3g,Pitta excess,"Amla, Haritaki"
1,535,herb_treats_condition,0.87,Low,100-250mg,None,"Triphala, Haritaki"
1,536,herb_treats_condition,0.93,Low,500-1000mg,None,"Triphala, Haritaki"
1,537,herb_treats_condition,0.93,Medium,50-100mg,Pregnancy,"Tulsi, Ginger"
1,538,herb_treats_condition,0.82,Low,250-500mg,Bleeding disorders,"Guggulu, Shallaki"
1,539,herb_treats_condition,0.95,High,1-3g,None,"Triphala, Haritaki"
1,540,herb_treats_condition,0.91,Medium,250-500mg,Pitta excess,"Ashwagandha, Brahmi"
1,541,herb_treats_condition,0.75,High,500-1000mg,Bleeding disorders,"Triphala, Haritaki"
1,546,herb_treats_condition,0.65,Medium,250-500mg,Pitta excess,"Triphala, Haritaki"
1,548,herb_treats_condition,0.83,High,500-1000mg,None,"Amla, Haritaki"
1,549,herb_treats_condition,0.75,Medium,50-100mg,Pitta excess,"Triphala, Haritaki"
1,550,herb_treats_condition,0.79,Low,50-100mg,Bleeding disorders,"Guggulu, Shallaki"
1,551,herb_treats_condition,0.72,Medium,250-500mg,Bleeding disorders,"Amla, Haritaki"
1,552,herb_treats_condition,0.87,Low,250-500mg,Bleeding disorders,"Triphala, Haritaki"
1,553,herb_treats_condition,0.67,Low,500-1000mg,Bleeding disorders,"Triphala, Haritaki"
1,554,herb_treats_condition,0.77,High,250-500mg,Pregnancy,"Tulsi, Ginger"
1,555,herb_treats_condition,0.76,Low,100-250mg,Pitta excess,"Guggulu, Shallaki"
1,556,herb_treats_condition,0.7,High,1-3g,Bleeding disorders,"Guggulu, Shallaki"
1,557,herb_treats_condition,0.86,Medium,1-3g,Pitta excess,"Triphala, Haritaki"
1,559,herb_treats_condition,0.85,High,50-100mg,None,"Amla, Haritaki"
1,560,herb_treats_condition,0.86,Low,1-3g,Pregnancy,"Ashwagandha, Brahmi"
1,561,herb_treats_condition,0.9,High,100-250mg,Pitta excess,"Triphala, Haritaki"
1,562,herb_treats_condition,0.75,High,500-1000mg,Pregnancy,"Triphala, Haritaki"
1,563,herb_treats_condition,0.87,Medium,50-100mg,None,"Ashwagandha, Brahmi"
1,564,herb_treats_condition,0.79,High,500-1000mg,None,"Amla, Haritaki"
1,565,herb_treats_condition,0.67,Medium,250-500mg,Pregnancy,"Guggulu, Shallaki"
1,566,herb_treats_condition,0.73,Low,100-250mg,Pregnancy,"Ashwagandha, Brahmi"
1,567,herb_treats_condition,0.78,High,50-100mg,Pregnancy,"Ashwagandha, Brahmi"
1,568,herb_treats_condition,0.95,Medium,50-100mg,Bleeding disorders,"Guggulu, Shallaki"
1,569,herb_treats_condition,0.7,Low,500-1000mg,Bleeding disorders,"Guggulu, Shallaki"
1,570,herb_treats_condition,0.78,Medium,500-1000mg,Pregnancy,"Amla, Haritaki"
1,571,herb_treats_condition,0.69,Medium,50-100mg,Pitta excess,"Amla, Haritaki"
1,572,herb_treats_condition,0.77,Low,100-250mg,Pregnancy,"Ashwagandha, Brahmi"
1,575,herb_treats_condition,0.94,Medium,1-3g,None,"Amla, Haritaki"
1,576,herb_treats_condition,0.76,Low,100-250mg,None,"Tulsi, Ginger"
1,578,herb_treats_condition,0.7,Low,50-100mg,Pregnancy,"Guggulu, Shallaki"
1,579,herb_treats_condition,0.83,Low,100-250mg,Pitta excess,"Ashwagandha, Brahmi"
1,580,herb_treats_condition,0.68,Low,500-1000mg,Pregnancy,"Triphala, Haritaki"
1,581,herb_treats_condition,0.87,Medium,500-1000mg,Pitta excess,"Amla, Haritaki"
1,582,herb_treats_condition,0.72,Low,100-250mg,Bleeding disorders,"Triphala, Haritaki"
1,584,herb_treats_condition,0.89,High,1-3g,Bleeding disorders,"Amla, Haritaki"
1,586,herb_treats_condition,0.83,High,250-500mg,Pitta excess,"Tulsi, Ginger"
1,587,herb_treats_condition,0.91,High,1-3g,Pitta excess,"Guggulu, Shallaki"
1,589,herb_treats_condition,0.74,Low,1-3g,Pitta excess,"Guggulu, Shallaki"
1,591,herb_treats_condition,0.82,Low,250-500mg,None,"Amla, Haritaki"
1,592,herb_treats_condition,0.75,Medium,500-1000mg,Pitta excess,"Tulsi, Ginger"
1,593,herb_treats_condition,0.76,High,500-1000mg,Pitta excess,"Triphala, Haritaki"
1,594,herb_treats_condition,0.74,High,100-250mg,None,"Ashwagandha, Brahmi"
1,595,herb_treats_condition,0.82,Medium,1-3g,Pitta excess,"Guggulu, Shallaki"
1,596,herb_treats_condition,0.72,Low,250-500mg,Pregnancy,"Guggulu, Shallaki"
1,597,herb_treats_condition,0.9,Low,1-3g,Pitta excess,"Ashwagandha, Brahmi"
1,598,herb_treats_condition,0.73,High,1-3g,Pregnancy,"Ashwagandha, Brahmi"
1,599,herb_treats_condition,0.71,High,1-3g,Pitta excess,"Guggulu, Shallaki"
1,600,herb_treats_condition,0.71,Medium,250-500mg,Pregnancy,"Triphala, Haritaki"
1,602,herb_treats_condition,0.93,High,50-100mg,None,"Triphala, Haritaki"
1,603,herb_treats_condition,0.86,High,100-250mg,None,"Triphala, Haritaki"
1,604,herb_treats_condition,0.82,Medium,500-1000mg,None,"Amla, Haritaki"
1,605,herb_treats_condition,0.84,Medium,250-500mg,Bleeding disorders,"Amla, Haritaki"
1,606,herb_treats_condition,0.91,Medium,50-100mg,None,"Tulsi, Ginger"
1,607,herb_treats_condition,0.92,Medium,250-500mg,None,"Ashwagandha, Brahmi"
1,608,herb_treats_condition,0.82,Low,100-250mg,Pregnancy,"Tulsi, Ginger"
1,610,herb_treats_condition,0.82,High,1-3g,None,"Tulsi, Ginger"
1,612,herb_treats_condition,0.7,Medium,100-250mg,None,"Amla, Haritaki"
1,614,herb_treats_condition,0.9,Medium,1-3g,Bleeding disorders,"Tulsi, Ginger"
1,617,herb_treats_condition,0.88,Medium,500-1000mg,None,"Triphala, Haritaki"
1,618,herb_treats_condition,0.87,Medium,100-250mg,Pitta excess,"Amla, Haritaki"
1,619,herb_treats_condition,0.8,High,50-100mg,Pregnancy,"Ashwagandha, Brahmi"
1,620,herb_treats_condition,0.93,High,50-100mg,Pregnancy,"Guggulu, Shallaki"
1,621,herb_treats_condition,0.69,High,100-250mg,Pregnancy,"Triphala, Haritaki"
1,622,herb_treats_condition,0.65,High,500-1000mg,Bleeding disorders,"Ashwagandha, Brahmi"
1,623,herb_treats_condition,0.84,High,1-3g,None,"Guggulu, Shallaki"
1,624,herb_treats_condition,0.65,High,1-3g,None,"Ashwagandha, Brahmi"
1,625,herb_treats_condition,0.66,High,250-500mg,Bleeding disorders,"Ashwagandha, Brahmi"
1,626,herb_treats_condition,0.8,High,500-1000mg,Pitta excess,"Ashwagandha, Brahmi"
1,627,herb_treats_condition,0.93,High,100-250mg,Pitta excess,"Triphala, Haritaki"
1,628,herb_treats_condition,0.84,Medium,250-500mg,Bleeding disorders,"Guggulu, Shallaki"
1,629,herb_treats_condition,0.67,Medium,500-1000mg,Pitta excess,"Triphala, Haritaki"
1,630,herb_treats_condition,0.74,Low,50-100mg,Pregnancy,"Guggulu, Shallaki"
1,631,herb_treats_condition,0.76,High,500-1000mg,Pregnancy,"Ashwagandha, Brahmi"
1,633,herb_treats_condition,0.86,Low,500-1000mg,None,"Tulsi, Ginger"
1,635,herb_treats_condition,0.82,Low,1-3g,Pregnancy,"Triphala, Haritaki"
1,636,herb_treats_condition,0.71,High,1-3g,None,"Tulsi, Ginger"
1,637,herb_treats_condition,0.66,Low,250-500mg,Pregnancy,"Triphala, Haritaki"
1,638,herb_treats_condition,0.93,Medium,50-100mg,Pitta excess,"Amla, Haritaki"
1,639,herb_treats_condition,0.69,High,500-1000mg,Pregnancy,"Tulsi, Ginger"
1,640,herb_treats_condition,0.7,Low,1-3g,None,"Amla, Haritaki"
1,641,herb_treats_condition,0.75,High,100-250mg,Pregnancy,"Amla, Haritaki"
1,642,herb_treats_condition,0.87,Medium,50-100mg,Pregnancy,"Guggulu, Shallaki"
1,643,herb_treats_condition,0.72,Low,250-500mg,None,"Tulsi, Ginger"
1,644,herb_treats_condition,0.66,Medium,500-1000mg,None,"Triphala, Haritaki"
1,645,herb_treats_condition,0.76,Medium,500-1000mg,Pitta excess,"Amla, Haritaki"
1,646,herb_treats_condition,0.85,Low,1-3g,Bleeding disorders,"Triphala, Haritaki"
1,647,herb_treats_condition,0.86,Low,250-500mg,Pitta excess,"Guggulu, Shallaki"
1,648,herb_treats_condition,0.86,High,100-250mg,None,"Tulsi, Ginger"
1,650,herb_treats_condition,0.76,Low,50-100mg,Bleeding disorders,"Guggulu, Shallaki"
1,651,herb_treats_condition,0.76,Medium,50-100mg,Pitta excess,"Ashwagandha, Brahmi"
1,653,herb_treats_condition,0.71,Medium,1-3g,None,"Ashwagandha, Brahmi"
1,654,herb_treats_condition,0.66,Medium,1-3g,Pregnancy,"Amla, Haritaki"
1,655,herb_treats_condition,0.83,Medium,500-1000mg,Pregnancy,"Tulsi, Ginger"
1,656,herb_treats_condition,0.77,Low,1-3g,Pitta excess,"Amla, Haritaki"
1,657,herb_treats_condition,0.81,High,500-1000mg,Pitta excess,"Triphala, Haritaki"
1,658,herb_treats_condition,0.73,Medium,500-1000mg,Pitta excess,"Ashwagandha, Brahmi"
1,659,herb_treats_condition,0.7,Medium,500-1000mg,Bleeding disorders,"Guggulu, Shallaki"
1,660,herb_treats_condition,0.88,Medium,250-500mg,Pitta excess,"Guggulu, Shallaki"
1,662,herb_treats_condition,0.83,Low,500-1000mg,Pregnancy,"Triphala, Haritaki"
1,663,herb_treats_condition,0.74,Medium,250-500mg,None,"Tulsi, Ginger"
1,664,herb_treats_condition,0.78,Medium,1-3g,Pitta excess,"Tulsi, Ginger"
1,665,herb_treats_condition,0.75,High,100-250mg,None,"Tulsi, Ginger"
1,666,herb_treats_condition,0.7,Medium,250-500mg,Bleeding disorders,"Guggulu, Shallaki"
1,669,herb_treats_condition,0.94,Low,250-500mg,None,"Tulsi, Ginger"
1,672,herb_treats_condition,0.89,Medium,250-500mg,Pregnancy,"Amla, Haritaki"
1,674,herb_treats_condition,0.71,High,100-250mg,Pregnancy,"Guggulu, Shallaki"
1,676,herb_treats_condition,0.93,Low,500-1000mg,Bleeding disorders,"Ashwagandha, Brahmi"
1,678,herb_treats_condition,0.9,Medium,500-1000mg,Pitta excess,"Tulsi, Ginger"
1,679,herb_treats_condition,0.72,High,100-250mg,None,"Guggulu, Shallaki"
1,680,herb_treats_condition,0.67,High,500-1000mg,None,"Amla, Haritaki"
1,681,herb_treats_condition,0.8,High,500-1000mg,Pregnancy,"Tulsi, Ginger"
1,682,herb_treats_condition,0.86,High,1-3g,Pregnancy,"Ashwagandha, Brahmi"
1,684,herb_treats_condition,0.88,High,250-500mg,Pitta excess,"Amla, Haritaki"
1,685,herb_treats_condition,0.66,High,500-1000mg,Bleeding disorders,"Guggulu, Shallaki"
1,686,herb_treats_condition,0.68,Low,250-500mg,Pitta excess,"Amla, Haritaki"
1,687,herb_treats_condition,0.87,High,1-3g,Pitta excess,"Guggulu, Shallaki"
1,688,herb_treats_condition,0.76,Medium,1-3g,Pitta excess,"Tulsi, Ginger"
1,689,herb_treats_condition,0.95,Medium,50-100mg,Bleeding disorders,"Guggulu, Shallaki"
1,691,herb_treats_condition,0.93,Low,50-100mg,Pitta excess,"Tulsi, Ginger"
1,692,herb_treats_condition,0.74,Medium,100-250mg,None,"Tulsi, Ginger"
1,694,herb_treats_condition,0.79,Medium,500-1000mg,Bleeding disorders,"Ashwagandha, Brahmi"
1,695,herb_treats_condition,0.74,High,50-100mg,Pregnancy,"Tulsi, Ginger"
1,696,herb_treats_condition,0.84,High,100-250mg,Pitta excess,"Amla, Haritaki"
1,699,herb_treats_condition,0.7,Low,250-500mg,None,"Guggulu, Shallaki"
1,700,herb_treats_condition,0.72,Medium,100-250mg,Pitta excess,"Guggulu, Shallaki"
1,701,herb_treats_condition,0.77,High,1-3g,Pitta excess,"Guggulu, Shallaki"
1,703,herb_treats_condition,0.83,Medium,50-100mg,Pitta excess,"Triphala, Haritaki"
1,704,herb_treats_condition,0.73,High,50-100mg,Pregnancy,"Amla, Haritaki"
1,705,herb_treats_condition,0.71,Medium,100-250mg,None,"Ashwagandha, Brahmi"
1,706,herb_treats_condition,0.73,Medium,1-3g,Bleeding disorders,"Amla, Haritaki"
1,707,herb_treats_condition,0.77,Medium,1-3g,Pregnancy,"Tulsi, Ginger"
1,709,herb_treats_condition,0.76,Medium,1-3g,Pitta excess,"Tulsi, Ginger"
1,710,herb_treats_condition,0.93,High,50-100mg,Pitta excess,"Tulsi, Ginger"
1,711,herb_treats_condition,0.69,Medium,50-100mg,Pitta excess,"Tulsi, Ginger"
1,712,herb_treats_condition,0.86,High,500-1000mg,None,"Amla, Haritaki"
1,714,herb_treats_condition,0.69,Medium,500-1000mg,Pitta excess,"Guggulu, Shallaki"
1,715,herb_treats_condition,0.84,High,100-250mg,Pitta excess,"Guggulu, Shallaki"
1,716,herb_treats_condition,0.74,Low,250-500mg,None,"Amla, Haritaki"
1,717,herb_treats_condition,0.67,Medium,50-100mg,None,"Triphala, Haritaki"
1,718,herb_treats_condition,0.71,Medium,1-3g,None,"Guggulu, Shallaki"
1,719,herb_treats_condition,0.86,Medium,500-1000mg,None,"Triphala, Haritaki"
1,720,herb_treats_condition,0.67,Low,100-250mg,Bleeding disorders,"Ashwagandha, Brahmi"
1,722,herb_treats_condition,0.73,High,250-500mg,Pitta excess,"Guggulu, Shallaki"
1,723,herb_treats_condition,0.82,Medium,1-3g,Pregnancy,"Amla, Haritaki"
1,724,herb_treats_condition,0.68,High,250-500mg,Pregnancy,"Guggulu, Shallaki"
1,725,herb_treats_condition,0.81,Medium,50-100mg,Pitta excess,"Tulsi, Ginger"
1,726,herb_treats_condition,0.91,Low,500-1000mg,Bleeding disorders,"Tulsi, Ginger"
1,727,herb_treats_condition,0.91,Low,500-1000mg,Pregnancy,"Triphala, Haritaki"
1,728,herb_treats_condition,0.71,High,1-3g,Bleeding disorders,"Amla, Haritaki"
1,730,herb_treats_condition,0.84,Low,1-3g,Pitta excess,"Triphala, Haritaki"
1,731,herb_treats_condition,0.89,Low,1-3g,Bleeding disorders,"Amla, Haritaki"
1,732,herb_treats_condition,0.73,High,100-250mg,Bleeding disorders,"Tulsi, Ginger"
1,733,herb_treats_condition,0.74,Medium,1-3g,Pregnancy,"Triphala, Haritaki"
1,735,herb_treats_condition,0.94,Medium,50-100mg,Bleeding disorders,"Triphala, Haritaki"
1,739,herb_treats_condition,0.86,Low,100-250mg,Pitta excess,"Tulsi, Ginger"
1,740,herb_treats_condition,0.9,High,500-1000mg,None,"Triphala, Haritaki"
1,741,herb_treats_condition,0.82,Medium,500-1000mg,None,"Guggulu, Shallaki"
1,742,herb_treats_condition,0.67,Low,500-1000mg,Bleeding disorders,"Tulsi, Ginger"
1,744,herb_treats_condition,0.79,Medium,250-500mg,Pregnancy,"Ashwagandha, Brahmi"
1,745,herb_treats_condition,0.87,Medium,250-500mg,Pregnancy,"Amla, Haritaki"
1,746,herb_treats_condition,0.77,Medium,100-250mg,None,"Tulsi, Ginger"
1,747,herb_treats_condition,0.75,Medium,250-500mg,Pitta excess,"Amla, Haritaki"
1,748,herb_treats_condition,0.91,Medium,50-100mg,Pregnancy,"Ashwagandha, Brahmi"
1,750,herb_treats_condition,0.84,Medium,50-100mg,Pregnancy,"Triphala, Haritaki"
1,751,herb_treats_condition,0.78,Low,500-1000mg,Pitta excess,"Triphala, Haritaki"
1,752,herb_treats_condition,0.91,Medium,100-250mg,Bleeding disorders,"Ashwagandha, Brahmi"
1,753,herb_treats_condition,0.85,Medium,50-100mg,Bleeding disorders,"Triphala, Haritaki"
1,754,herb_treats_condition,0.67,High,250-500mg,Pitta excess,"Guggulu, Shallaki"
1,756,herb_treats_condition,0.85,High,50-100mg,Pregnancy,"Triphala, Haritaki"
1,757,herb_treats_condition,0.79,Low,1-3g,Pitta excess,"Amla, Haritaki"
1,759,herb_treats_condition,0.85,Low,50-100mg,Bleeding disorders,"Ashwagandha, Brahmi"
1,760,herb_treats_condition,0.95,Medium,100-250mg,None,"Ashwagandha, Brahmi"
1,761,herb_treats_condition,0.72,Low,50-100mg,Pregnancy,"Tulsi, Ginger"
1,762,herb_treats_condition,0.76,Medium,100-250mg,None,"Triphala, Haritaki"
1,764,herb_treats_condition,0.84,High,100-250mg,Pregnancy,"Amla, Haritaki"
1,765,herb_treats_condition,0.82,High,100-250mg,None,"Tulsi, Ginger"
1,766,herb_treats_condition,0.87,High,100-250mg,None,"Amla, Haritaki"
1,768,herb_treats_condition,0.86,Low,50-100mg,Pregnancy,"Triphala, Haritaki"
1,769,herb_treats_condition,0.88,High,500-1000mg,Bleeding disorders,"Guggulu, Shallaki"
1,770,herb_treats_condition,0.74,Low,100-250mg,Bleeding disorders,"Ashwagandha, Brahmi"
1,771,herb_treats_condition,0.72,High,1-3g,Bleeding disorders,"Ashwagandha, Brahmi"
1,772,herb_treats_condition,0.9,High,250-500mg,Pitta excess,"Amla, Haritaki"
1,773,herb_treats_condition,0.83,Low,500-1000mg,Bleeding disorders,"Ashwagandha, Brahmi"
1,774,herb_treats_condition,0.89,Low,500-1000mg,None,"Ashwagandha, Brahmi"
1,775,herb_treats_condition,0.72,High,1-3g,Pregnancy,"Amla, Haritaki"
1,776,herb_treats_condition,0.92,Low,250-500mg,Bleeding disorders,"Triphala, Haritaki"
1,777,herb_treats_condition,0.77,High,500-1000mg,Bleeding disorders,"Amla, Haritaki"
1,778,herb_treats_condition,0.85,Medium,50-100mg,Pregnancy,"Amla, Haritaki"
1,780,herb_treats_condition,0.67,Medium,100-250mg,Pregnancy,"Ashwagandha, Brahmi"
1,781,herb_treats_condition,0.93,Medium,1-3g,Bleeding disorders,"Amla, Haritaki"
1,783,herb_treats_condition,0.88,Medium,500-1000mg,Pregnancy,"Amla, Haritaki"
1,784,herb_treats_condition,0.81,Low,250-500mg,Pregnancy,"Tulsi, Ginger"
1,785,herb_treats_condition,0.67,Low,100-250mg,Bleeding disorders,"Guggulu, Shallaki"
1,786,herb_treats_condition,0.83,High,50-100mg,Bleeding disorders,"Guggulu, Shallaki"
1,787,herb_treats_condition,0.87,Low,50-100mg,Pitta excess,"Ashwagandha, Brahmi"
1,788,herb_treats_condition,0.93,Low,500-1000mg,Pregnancy,"Tulsi, Ginger"
1,789,herb_treats_condition,0.85,High,100-250mg,Pregnancy,"Ashwagandha, Brahmi"
1,790,herb_treats_condition,0.86,High,50-100mg,Pitta excess,"Guggulu, Shallaki"
1,791,herb_treats_condition,0.94,High,1-3g,Bleeding disorders,"Triphala, Haritaki"
1,792,herb_treats_condition,0.76,High,250-500mg,Pregnancy,"Ashwagandha, Brahmi"
1,793,herb_treats_condition,0.75,Medium,250-500mg,Pregnancy,"Tulsi, Ginger"
1,794,herb_treats_condition,0.86,High,50-100mg,None,"Guggulu, Shallaki"
1,797,herb_treats_condition,0.8,Low,500-1000mg,Pitta excess,"Tulsi, Ginger"
1,799,herb_treats_condition,0.7,Low,1-3g,Pregnancy,"Triphala, Haritaki"
1,801,herb_treats_condition,0.87,Low,50-100mg,Pregnancy,"Triphala, Haritaki"
1,802,herb_treats_condition,0.66,Medium,500-1000mg,Pitta excess,"Triphala, Haritaki"
1,803,herb_treats_condition,0.93,Low,1-3g,None,"Triphala, Haritaki"
1,804,herb_treats_condition,0.75,Medium,250-500mg,Bleeding disorders,"Ashwagandha, Brahmi"
1,807,herb_treats_condition,0.82,Low,1-3g,Pregnancy,"Triphala, Haritaki"
1,808,herb_treats_condition,0.72,High,50-100mg,None,"Ashwagandha, Brahmi"
1,809,herb_treats_condition,0.91,Medium,250-500mg,Bleeding disorders,"Ashwagandha, Brahmi"
1,810,herb_treats_condition,0.82,Low,250-500mg,Pitta excess,"Tulsi, Ginger"
1,812,herb_treats_condition,0.82,Medium,1-3g,Pitta excess,"Guggulu, Shallaki"
1,813,herb_treats_condition,0.76,Medium,100-250mg,Pitta excess,"Triphala, Haritaki"
1,814,herb_treats_condition,0.65,Medium,50-100mg,Pitta excess,"Amla, Haritaki"
1,815,herb_treats_condition,0.75,High,50-100mg,Bleeding disorders,"Ashwagandha, Brahmi"
1,816,herb_treats_condition,0.88,Medium,250-500mg,Pregnancy,"Triphala, Haritaki"
1,817,herb_treats_condition,0.81,Low,500-1000mg,None,"Ashwagandha, Brahmi"
1,820,herb_treats_condition,0.94,Low,250-500mg,Pregnancy,"Ashwagandha, Brahmi"
1,822,herb_treats_condition,0.93,High,500-1000mg,Bleeding disorders,"Guggulu, Shallaki"
1,823,herb_treats_condition,0.94,Low,1-3g,Pregnancy,"Amla, Haritaki"
1,824,herb_treats_condition,0.69,Medium,50-100mg,Pregnancy,"Guggulu, Shallaki"
1,825,herb_treats_condition,0.85,Low,100-250mg,Bleeding disorders,"Tulsi, Ginger"
1,827,herb_treats_condition,0.91,Medium,250-500mg,Bleeding disorders,"Guggulu, Shallaki"
1,828,herb_treats_condition,0.73,Low,100-250mg,Pitta excess,"Amla, Haritaki"
1,829,herb_treats_condition,0.68,Low,100-250mg,None,"Guggulu, Shallaki"
1,830,herb_treats_condition,0.74,Low,1-3g,Bleeding disorders,"Triphala, Haritaki"
1,831,herb_treats_condition,0.79,Medium,250-500mg,Pregnancy,"Ashwagandha, Brahmi"
1,832,herb_treats_condition,0.7,High,250-500mg,Pregnancy,"Triphala, Haritaki"
1,833,herb_treats_condition,0.9,Medium,100-250mg,Pregnancy,"Triphala, Haritaki"
1,835,herb_treats_condition,0.94,Medium,1-3g,Pregnancy,"Tulsi, Ginger"
1,836,herb_treats_condition,0.73,Low,50-100mg,None,"Guggulu, Shallaki"
1,837,herb_treats_condition,0.82,High,100-250mg,Pregnancy,"Guggulu, Shallaki"
1,842,herb_treats_condition,0.68,Low,50-100mg,Pregnancy,"Ashwagandha, Brahmi"
1,843,herb_treats_condition,0.9,Low,100-250mg,Pitta excess,"Guggulu, Shallaki"
1,844,herb_treats_condition,0.76,High,50-100mg,Bleeding disorders,"Ashwagandha, Brahmi"
1,845,herb_treats_condition,0.66,Low,100-250mg,None,"Triphala, Haritaki"
1,846,herb_treats_condition,0.68,Medium,50-100mg,Pregnancy,"Guggulu, Shallaki"
1,847,herb_treats_condition,0.67,High,500-1000mg,None,"Guggulu, Shallaki"
1,848,herb_treats_condition,0.66,High,500-1000mg,Pitta excess,"Tulsi, Ginger"
1,849,herb_treats_condition,0.71,Low,250-500mg,Bleeding disorders,"Guggulu, Shallaki"
1,850,herb_treats_condition,0.92,Low,1-3g,Pitta excess,"Tulsi, Ginger"
1,851,herb_treats_condition,0.8,High,500-1000mg,Pregnancy,"Ashwagandha, Brahmi"
1,852,herb_treats_condition,0.73,Low,500-1000mg,Pitta excess,"Amla, Haritaki"
1,854,herb_treats_condition,0.72,High,50-100mg,None,"Tulsi, Ginger"
1,855,herb_treats_condition,0.79,Medium,250-500mg,Bleeding disorders,"Guggulu, Shallaki"
1,856,herb_treats_condition,0.73,Low,250-500mg,Pitta excess,"Ashwagandha, Brahmi"
1,858,herb_treats_condition,0.92,Medium,50-100mg,None,"Amla, Haritaki"
1,860,herb_treats_condition,0.76,High,100-250mg,Pitta excess,"Ashwagandha, Brahmi"
1,861,herb_treats_condition,0.72,Low,250-500mg,Pregnancy,"Triphala, Haritaki"
1,862,herb_treats_condition,0.82,Medium,250-500mg,Pitta excess,"Triphala, Haritaki"
1,863,herb_treats_condition,0.72,Medium,250-500mg,Pregnancy,"Tulsi, Ginger"
1,864,herb_treats_condition,0.93,High,100-250mg,Pitta excess,"Guggulu, Shallaki"
1,865,herb_treats_condition,0.81,Low,500-1000mg,Pregnancy,"Ashwagandha, Brahmi"
1,866,herb_treats_condition,0.67,High,100-250mg,Pregnancy,"Amla, Haritaki"
1,867,herb_treats_condition,0.79,Medium,1-3g,Pitta excess,"Triphala, Haritaki"
1,868,herb_treats_condition,0.75,Low,250-500mg,Pregnancy,"Ashwagandha, Brahmi"
1,869,herb_treats_condition,0.69,High,100-250mg,Pregnancy,"Amla, Haritaki"
1,872,herb_treats_condition,0.91,Low,250-500mg,None,"Amla, Haritaki"
1,873,herb_treats_condition,0.68,Medium,250-500mg,Pitta excess,"Triphala, Haritaki"
1,874,herb_treats_condition,0.87,Medium,500-1000mg,Bleeding disorders,"Triphala, Haritaki"
1,875,herb_treats_condition,0.86,High,1-3g,Bleeding disorders,"Triphala, Haritaki"
1,876,herb_treats_condition,0.85,Low,500-1000mg,Bleeding disorders,"Tulsi, Ginger"
1,877,herb_treats_condition,0.69,High,50-100mg,None,"Amla, Haritaki"
1,878,herb_treats_condition,0.66,High,250-500mg,Pitta excess,"Amla, Haritaki"
1,879,herb_treats_condition,0.68,Medium,100-250mg,Bleeding disorders,"Ashwagandha, Brahmi"
1,880,herb_treats_condition,0.72,Medium,100-250mg,Pregnancy,"Tulsi, Ginger"
1,882,herb_treats_condition,0.78,Medium,100-250mg,Pitta excess,"Ashwagandha, Brahmi"
1,883,herb_treats_condition,0.76,Low,50-100mg,Pregnancy,"Guggulu, Shallaki"
1,884,herb_treats_condition,0.78,Medium,100-250mg,None,"Guggulu, Shallaki"
1,885,herb_treats_condition,0.91,Medium,1-3g,None,"Ashwagandha, Brahmi"
1,886,herb_treats_condition,0.9,High,100-250mg,Pitta excess,"Guggulu, Shallaki"
1,887,herb_treats_condition,0.67,Low,250-500mg,Pregnancy,"Tulsi, Ginger"
1,888,herb_treats_condition,0.73,Low,50-100mg,Bleeding disorders,"Triphala, Haritaki"
1,890,herb_treats_condition,0.92,Low,50-100mg,Pregnancy,"Tulsi, Ginger"
1,891,herb_treats_condition,0.83,High,500-1000mg,Pregnancy,"Guggulu, Shallaki"
1,892,herb_treats_condition,0.93,Low,1-3g,None,"Triphala, Haritaki"
1,893,herb_treats_condition,0.67,Medium,100-250mg,Pitta excess,"Guggulu, Shallaki"
1,894,herb_treats_condition,0.86,High,1-3g,Bleeding disorders,"Tulsi, Ginger"
1,895,herb_treats_condition,0.74,Low,50-100mg,None,"Amla, Haritaki"
1,896,herb_treats_condition,0.81,Medium,100-250mg,Pregnancy,"Tulsi, Ginger"
1,898,herb_treats_condition,0.65,Low,250-500mg,None,"Triphala, Haritaki"
1,900,herb_treats_condition,0.68,Low,100-250mg,Bleeding disorders,"Ashwagandha, Brahmi"
1,902,herb_treats_condition,0.79,Low,250-500mg,None,"Guggulu, Shallaki"
1,903,herb_treats_condition,0.8,High,250-500mg,Pregnancy,"Amla, Haritaki"
1,904,herb_treats_condition,0.77,Medium,500-1000mg,Bleeding disorders,"Triphala, Haritaki"
1,905,herb_treats_condition,0.78,Medium,500-1000mg,None,"Tulsi, Ginger"
1,906,herb_treats_condition,0.72,Medium,1-3g,Pregnancy,"Triphala, Haritaki"
1,907,herb_treats_condition,0.88,High,50-100mg,Pregnancy,"Tulsi, Ginger"
1,909,herb_treats_condition,0.89,Medium,1-3g,Pitta excess,"Amla, Haritaki"
1,911,herb_treats_condition,0.67,Medium,1-3g,None,"Amla, Haritaki"
1,912,herb_treats_condition,0.86,Medium,1-3g,Pitta excess,"Guggulu, Shallaki"
1,913,herb_treats_condition,0.74,Medium,50-100mg,Pitta excess,"Ashwagandha, Brahmi"
1,914,herb_treats_condition,0.93,Medium,100-250mg,Pitta excess,"Triphala, Haritaki"
1,915,herb_treats_condition,0.89,Low,50-100mg,None,"Ashwagandha, Brahmi"
1,918,herb_treats_condition,0.95,Medium,100-250mg,Pitta excess,"Amla, Haritaki"
1,919,herb_treats_condition,0.73,High,50-100mg,Pregnancy,"Guggulu, Shallaki"
1,920,herb_treats_condition,0.82,High,250-500mg,Bleeding disorders,"Amla, Haritaki"
1,921,herb_treats_condition,0.79,Low,1-3g,None,"Ashwagandha, Brahmi"
1,922,herb_treats_condition,0.77,Low,1-3g,Pregnancy,"Ashwagandha, Brahmi"
1,923,herb_treats_condition,0.82,Low,250-500mg,Bleeding disorders,"Guggulu, Shallaki"
1,927,herb_treats_condition,0.73,High,500-1000mg,None,"Ashwagandha, Brahmi"
1,928,herb_treats_condition,0.7,Medium,100-250mg,None,"Ashwagandha, Brahmi"
1,929,herb_treats_condition,0.77,Medium,100-250mg,Pregnancy,"Guggulu, Shallaki"
1,930,herb_treats_condition,0.93,Medium,50-100mg,Bleeding disorders,"Tulsi, Ginger"
1,932,herb_treats_condition,0.74,Medium,50-100mg,Pitta excess,"Triphala, Haritaki"
1,933,herb_treats_condition,0.74,High,500-1000mg,Bleeding disorders,"Tulsi, Ginger"
1,934,herb_treats_condition,0.87,High,50-100mg,Pitta excess,"Guggulu, Shallaki"
1,936,herb_treats_condition,0.71,Medium,500-1000mg,Bleeding disorders,"Ashwagandha, Brahmi"
1,938,herb_treats_condition,0.8,Low,50-100mg,Bleeding disorders,"Amla, Haritaki"
1,939,herb_treats_condition,0.77,High,1-3g,Pregnancy,"Triphala, Haritaki"
1,940,herb_treats_condition,0.71,Low,50-100mg,Pitta excess,"Ashwagandha, Brahmi"
1,941,herb_treats_condition,0.79,Medium,100-250mg,Bleeding disorders,"Tulsi, Ginger"
1,942,herb_treats_condition,0.9,High,500-1000mg,Pregnancy,"Ashwagandha, Brahmi"
1,943,herb_treats_condition,0.72,Medium,1-3g,None,"Triphala, Haritaki"
1,944,herb_treats_condition,0.94,Medium,1-3g,Bleeding disorders,"Tulsi, Ginger"
1,945,herb_treats_condition,0.7,Medium,50-100mg,Bleeding disorders,"Ashwagandha, Brahmi"
1,946,herb_treats_condition,0.77,Low,1-3g,Pitta excess,"Triphala, Haritaki"
1,949,herb_treats_condition,0.84,High,100-250mg,Bleeding disorders,"Guggulu, Shallaki"
1,950,herb_treats_condition,0.8,High,50-100mg,None,"Triphala, Haritaki"
1,951,herb_treats_condition,0.84,High,50-100mg,Pitta excess,"Tulsi, Ginger"
1,952,herb_treats_condition,0.83,Medium,250-500mg,None,"Guggulu, Shallaki"
1,953,herb_treats_condition,0.91,Medium,250-500mg,Pitta excess,"Guggulu, Shallaki"
1,954,herb_treats_condition,0.74,High,1-3g,None,"Amla, Haritaki"
1,956,herb_treats_condition,0.68,High,250-500mg,Bleeding disorders,"Tulsi, Ginger"
1,958,herb_treats_condition,0.86,Medium,50-100mg,Bleeding disorders,"Tulsi, Ginger"
1,959,herb_treats_condition,0.84,Medium,250-500mg,Bleeding disorders,"Triphala, Haritaki"
1,961,herb_treats_condition,0.69,Low,50-100mg,None,"Tulsi, Ginger"
1,962,herb_treats_condition,0.85,High,50-100mg,None,"Tulsi, Ginger"
1,963,herb_treats_condition,0.73,Medium,500-1000mg,None,"Ashwagandha, Brahmi"
1,966,herb_treats_condition,0.82,High,100-250mg,Bleeding disorders,"Triphala, Haritaki"
1,967,herb_treats_condition,0.86,High,500-1000mg,Bleeding disorders,"Amla, Haritaki"
1,968,herb_treats_condition,0.74,Low,1-3g,Pitta excess,"Tulsi, Ginger"
1,969,herb_treats_condition,0.68,Low,250-500mg,Pitta excess,"Tulsi, Ginger"
1,970,herb_treats_condition,0.85,Low,250-500mg,Pitta excess,"Tulsi, Ginger"
1,971,herb_treats_condition,0.78,Medium,250-500mg,Bleeding disorders,"Amla, Haritaki"
1,972,herb_treats_condition,0.74,Low,500-1000mg,Pregnancy,"Amla, Haritaki"
1,974,herb_treats_condition,0.82,High,50-100mg,None,"Triphala, Haritaki"
1,976,herb_treats_condition,0.8,High,500-1000mg,Bleeding disorders,"Guggulu, Shallaki"
1,977,herb_treats_condition,0.67,Low,100-250mg,Pitta excess,"Tulsi, Ginger"
1,978,herb_treats_condition,0.77,High,500-1000mg,Pitta excess,"Tulsi, Ginger"
1,979,herb_treats_condition,0.91,Low,50-100mg,None,"Tulsi, Ginger"
1,980,herb_treats_condition,0.84,Low,250-500mg,Pregnancy,"Ashwagandha, Brahmi"
1,982,herb_treats_condition,0.79,Low,100-250mg,Pitta excess,"Guggulu, Shallaki"
1,983,herb_treats_condition,0.89,Low,100-250mg,None,"Guggulu, Shallaki"
1,984,herb_treats_condition,0.77,Medium,500-1000mg,Pregnancy,"Ashwagandha, Brahmi"
1,986,herb_treats_condition,0.81,High,250-500mg,Pregnancy,"Tulsi, Ginger"
1,987,herb_treats_condition,0.88,High,100-250mg,Pregnancy,"Ashwagandha, Brahmi"
1,990,herb_treats_condition,0.84,Low,100-250mg,Bleeding disorders,"Tulsi, Ginger"
1,991,herb_treats_condition,0.69,Medium,1-3g,Bleeding disorders,"Triphala, Haritaki"
1,992,herb_treats_condition,0.67,Low,250-500mg,Bleeding disorders,"Guggulu, Shallaki"
1,993,herb_treats_condition,0.87,High,1-3g,Bleeding disorders,"Guggulu, Shallaki"
1,994,herb_treats_condition,0.92,Low,250-500mg,None,"Tulsi, Ginger"
1,995,herb_treats_condition,0.88,Low,500-1000mg,Pregnancy,"Triphala, Haritaki"
1,997,herb_treats_condition,0.72,Low,100-250mg,Pregnancy,"Amla, Haritaki"
1,998,herb_treats_condition,0.8,Low,250-500mg,Pregnancy,"Guggulu, Shallaki"
1,999,herb_treats_condition,0.91,Medium,1-3g,Pregnancy,"Amla, Haritaki"
1,1000,herb_treats_condition,0.95,High,50-100mg,Pregnancy,"Ashwagandha, Brahmi"
1,1001,herb_treats_condition,0.86,Medium,500-1000mg,None,"Ashwagandha, Brahmi"
1,1003,herb_treats_condition,0.81,Medium,100-250mg,Pitta excess,"Ashwagandha, Brahmi"
1,1004,herb_treats_condition,0.74,High,50-100mg,Bleeding disorders,"Amla, Haritaki"
1,1005,herb_treats_condition,0.83,Low,500-1000mg,Pregnancy,"Amla, Haritaki"
1,1006,herb_treats_condition,0.87,Low,250-500mg,Pregnancy,"Ashwagandha, Brahmi"
1,1007,herb_treats_condition,0.8,High,100-250mg,Bleeding disorders,"Amla, Haritaki"
1,1008,herb_treats_condition,0.94,Medium,500-1000mg,Bleeding disorders,"Triphala, Haritaki"
1,1009,herb_treats_condition,0.66,Medium,100-250mg,None,"Tulsi, Ginger"
1,1010,herb_treats_condition,0.72,Low,50-100mg,Pregnancy,"Amla, Haritaki"
1,1012,herb_treats_condition,0.85,Low,50-100mg,Pregnancy,"Ashwagandha, Brahmi"
1,1013,herb_treats_condition,0.92,High,100-250mg,None,"Tulsi, Ginger"
1,1015,herb_treats_condition,0.73,Low,50-100mg,Pitta excess,"Ashwagandha, Brahmi"
1,1019,herb_treats_condition,0.91,Medium,250-500mg,None,"Ashwagandha, Brahmi"
1,1020,herb_treats_condition,0.68,Low,50-100mg,Pitta excess,"Triphala, Haritaki"
1,1022,herb_treats_condition,0.75,Medium,1-3g,Bleeding disorders,"Ashwagandha, Brahmi"
1,1023,herb_treats_condition,0.76,Medium,100-250mg,Pregnancy,"Guggulu, Shallaki"
1,1024,herb_treats_condition,0.77,Medium,250-500mg,None,"Guggulu, Shallaki"
1,1026,herb_treats_condition,0.89,High,100-250mg,Pregnancy,"Triphala, Haritaki"
1,1027,herb_treats_condition,0.86,Low,100-250mg,Pregnancy,"Guggulu, Shallaki"
1,1028,herb_treats_condition,0.92,Medium,1-3g,None,"Triphala, Haritaki"
1,1029,herb_treats_condition,0.83,Medium,1-3g,Pregnancy,"Triphala, Haritaki"
1,1030,herb_treats_condition,0.79,Medium,50-100mg,None,"Guggulu, Shallaki"
1,1031,herb_treats_condition,0.66,Medium,250-500mg,Pregnancy,"Amla, Haritaki"
1,1032,herb_treats_condition,0.88,High,1-3g,Pitta excess,"Tulsi, Ginger"
1,1033,herb_treats_condition,0.81,High,1-3g,Pregnancy,"Guggulu, Shallaki"
1,1034,herb_treats_condition,0.85,Low,500-1000mg,Bleeding disorders,"Guggulu, Shallaki"
1,1035,herb_treats_condition,0.69,High,1-3g,Pregnancy,"Ashwagandha, Brahmi"
1,1036,herb_treats_condition,0.84,Low,1-3g,None,"Guggulu, Shallaki"
1,1037,herb_treats_condition,0.91,Low,500-1000mg,Bleeding disorders,"Triphala, Haritaki"
1,1038,herb_treats_condition,0.75,Medium,50-100mg,Pitta excess,"Amla, Haritaki"
1,1039,herb_treats_condition,0.84,Medium,100-250mg,Pregnancy,"Guggulu, Shallaki"
1,1043,herb_treats_condition,0.78,High,500-1000mg,Pregnancy,"Guggulu, Shallaki"
1,1044,herb_treats_condition,0.78,Low,500-1000mg,Pregnancy,"Ashwagandha, Brahmi"
1,1045,herb_treats_condition,0.77,Low,1-3g,Pregnancy,"Ashwagandha, Brahmi"
1,1046,herb_treats_condition,0.89,High,250-500mg,Pitta excess,"Guggulu, Shallaki"
1,1047,herb_treats_condition,0.94,Medium,50-100mg,Pitta excess,"Guggulu, Shallaki"
1,1048,herb_treats_condition,0.75,High,1-3g,None,"Tulsi, Ginger"
1,1049,herb_treats_condition,0.86,Low,50-100mg,Pitta excess,"Ashwagandha, Brahmi"
1,1051,herb_treats_condition,0.75,High,250-500mg,Bleeding disorders,"Ashwagandha, Brahmi"
1,1053,herb_treats_condition,0.66,Low,500-1000mg,Pitta excess,"Guggulu, Shallaki"
1,1054,herb_treats_condition,0.68,High,100-250mg,Pitta excess,"Ashwagandha, Brahmi"
1,1055,herb_treats_condition,0.93,Medium,100-250mg,None,"Triphala, Haritaki"
1,1057,herb_treats_condition,0.87,Low,500-1000mg,Pregnancy,"Amla, Haritaki"
1,1058,herb_treats_condition,0.69,Medium,500-1000mg,Pitta excess,"Guggulu, Shallaki"
1,1059,herb_treats_condition,0.65,High,50-100mg,None,"Amla, Haritaki"
1,1060,herb_treats_condition,0.79,High,100-250mg,Pitta excess,"Triphala, Haritaki"
1,1061,herb_treats_condition,0.68,High,1-3g,Bleeding disorders,"Amla, Haritaki"
1,1062,herb_treats_condition,0.91,Medium,1-3g,Pitta excess,"Tulsi, Ginger"
1,1063,herb_treats_condition,0.77,Medium,250-500mg,None,"Triphala, Haritaki"
1,1064,herb_treats_condition,0.69,High,1-3g,Bleeding disorders,"Amla, Haritaki"
1,1065,herb_treats_condition,0.91,High,1-3g,Pitta excess,"Triphala, Haritaki"
1,1066,herb_treats_condition,0.71,High,250-500mg,Bleeding disorders,"Triphala, Haritaki"
1,1067,herb_treats_condition,0.94,High,100-250mg,Bleeding disorders,"Ashwagandha, Brahmi"
1,1068,herb_treats_condition,0.88,High,500-1000mg,None,"Amla, Haritaki"
1,1071,herb_treats_condition,0.74,Medium,50-100mg,Pregnancy,"Ashwagandha, Brahmi"
1,1072,herb_treats_condition,0.76,Low,50-100mg,Pitta excess,"Tulsi, Ginger"
1,1073,herb_treats_condition,0.88,Low,250-500mg,Bleeding disorders,"Triphala, Haritaki"
1,1074,herb_treats_condition,0.9,High,250-500mg,Pitta excess,"Amla, Haritaki"
1,1075,herb_treats_condition,0.66,Medium,50-100mg,Pitta excess,"Amla, Haritaki"
1,1078,herb_treats_condition,0.77,High,250-500mg,Pregnancy,"Guggulu, Shallaki"
1,1079,herb_treats_condition,0.77,High,250-500mg,Pregnancy,"Ashwagandha, Brahmi"
1,1080,herb_treats_condition,0.87,Low,1-3g,None,"Triphala, Haritaki"
1,1081,herb_treats_condition,0.92,High,250-500mg,Pitta excess,"Triphala, Haritaki"
1,1082,herb_treats_condition,0.74,Low,50-100mg,Pitta excess,"Triphala, Haritaki"
1,1083,herb_treats_condition,0.87,Low,500-1000mg,Pregnancy,"Guggulu, Shallaki"
1,1085,herb_treats_condition,0.73,Medium,100-250mg,Pitta excess,"Amla, Haritaki"
1,1087,herb_treats_condition,0.9,Low,250-500mg,None,"Triphala, Haritaki"
1,1088,herb_treats_condition,0.66,Medium,1-3g,Pregnancy,"Amla, Haritaki"
1,1089,herb_treats_condition,0.9,Medium,500-1000mg,Bleeding disorders,"Ashwagandha, Brahmi"
1,1090,herb_treats_condition,0.89,Medium,1-3g,Pitta excess,"Triphala, Haritaki"
1,1093,herb_treats_condition,0.81,High,100-250mg,None,"Amla, Haritaki"
1,1094,herb_treats_condition,0.81,Low,250-500mg,Pitta excess,"Triphala, Haritaki"
1,1095,herb_treats_condition,0.85,Medium,250-500mg,Bleeding disorders,"Triphala, Haritaki"
1,1096,herb_treats_condition,0.94,High,1-3g,None,"Amla, Haritaki"
1,1098,herb_treats_condition,0.9,High,50-100mg,Pregnancy,"Tulsi, Ginger"
1,1099,herb_treats_condition,0.78,High,1-3g,Pitta excess,"Ashwagandha, Brahmi"
1,1100,herb_treats_condition,0.85,Medium,500-1000mg,Pregnancy,"Guggulu, Shallaki"
1,1103,herb_treats_condition,0.73,High,250-500mg,Pregnancy,"Amla, Haritaki"
1,1104,herb_treats_condition,0.9,Medium,1-3g,None,"Guggulu, Shallaki"
1,1105,herb_treats_condition,0.66,High,100-250mg,Bleeding disorders,"Amla, Haritaki"
1,1106,herb_treats_condition,0.67,Low,100-250mg,Pregnancy,"Ashwagandha, Brahmi"
1,1108,herb_treats_condition,0.71,High,100-250mg,None,"Ashwagandha, Brahmi"
1,1109,herb_treats_condition,0.71,High,500-1000mg,Pregnancy,"Triphala, Haritaki"
1,1111,herb_treats_condition,0.66,High,250-500mg,Pregnancy,"Ashwagandha, Brahmi"
1,1113,herb_treats_condition,0.67,Low,250-500mg,Pregnancy,"Amla, Haritaki"
1,1114,herb_treats_condition,0.9,Medium,500-1000mg,None,"Guggulu, Shallaki"
1,1115,herb_treats_condition,0.84,Medium,250-500mg,Pregnancy,"Guggulu, Shallaki"
1,1117,herb_treats_condition,0.85,High,50-100mg,Pregnancy,"Amla, Haritaki"
1,1118,herb_treats_condition,0.66,Low,250-500mg,Pregnancy,"Tulsi, Ginger"
1,1120,herb_treats_condition,0.89,Medium,1-3g,Pregnancy,"Tulsi, Ginger"
1,1121,herb_treats_condition,0.88,Medium,500-1000mg,None,"Ashwagandha, Brahmi"
1,1122,herb_treats_condition,0.79,High,100-250mg,Pitta excess,"Guggulu, Shallaki"
1,1123,herb_treats_condition,0.89,High,250-500mg,Pitta excess,"Tulsi, Ginger"
1,1124,herb_treats_condition,0.85,High,250-500mg,Pregnancy,"Amla, Haritaki"
1,1125,herb_treats_condition,0.91,Low,50-100mg,Pregnancy,"Ashwagandha, Brahmi"
1,1127,herb_treats_condition,0.82,Medium,1-3g,Pregnancy,"Tulsi, Ginger"
1,1128,herb_treats_condition,0.71,High,250-500mg,Pitta excess,"Guggulu, Shallaki"
1,1130,herb_treats_condition,0.92,High,100-250mg,Pitta excess,"Triphala, Haritaki"
1,1132,herb_treats_condition,0.72,Medium,100-250mg,Pregnancy,"Triphala, Haritaki"
1,1133,herb_treats_condition,0.85,High,50-100mg,None,"Amla, Haritaki"
1,1134,herb_treats_condition,0.67,High,50-100mg,Bleeding disorders,"Ashwagandha, Brahmi"
1,1135,herb_treats_condition,0.71,High,500-1000mg,Bleeding disorders,"Tulsi, Ginger"
1,1137,herb_treats_condition,0.69,High,100-250mg,Pregnancy,"Tulsi, Ginger"
1,1138,herb_treats_condition,0.84,Low,250-500mg,None,"Guggulu, Shallaki"
1,1139,herb_treats_condition,0.75,High,250-500mg,Pitta excess,"Amla, Haritaki"
1,1140,herb_treats_condition,0.82,Medium,500-1000mg,Pitta excess,"Ashwagandha, Brahmi"
1,1143,herb_treats_condition,0.74,Low,500-1000mg,Bleeding disorders,"Tulsi, Ginger"
1,1144,herb_treats_condition,0.69,High,250-500mg,None,"Guggulu, Shallaki"
1,1145,herb_treats_condition,0.78,Medium,500-1000mg,Pregnancy,"Triphala, Haritaki"
1,1146,herb_treats_condition,0.84,Low,250-500mg,Pitta excess,"Amla, Haritaki"
1,1147,herb_treats_condition,0.71,High,50-100mg,Pregnancy,"Ashwagandha, Brahmi"
1,1148,herb_treats_condition,0.9,High,50-100mg,None,"Amla, Haritaki"
1,1149,herb_treats_condition,0.71,Low,1-3g,Bleeding disorders,"Amla, Haritaki"
1,1150,herb_treats_condition,0.92,High,500-1000mg,Pitta excess,"Tulsi, Ginger"
1,1151,herb_treats_condition,0.77,High,250-500mg,Pitta excess,"Guggulu, Shallaki"
1,1152,herb_treats_condition,0.8,Low,500-1000mg,Bleeding disorders,"Amla, Haritaki"
1,1154,herb_treats_condition,0.65,Low,1-3g,Pitta excess,"Amla, Haritaki"
1,1155,herb_treats_condition,0.69,Low,100-250mg,Pitta excess,"Guggulu, Shallaki"
1,1156,herb_treats_condition,0.93,Low,100-250mg,None,"Triphala, Haritaki"
1,1158,herb_treats_condition,0.67,Medium,100-250mg,Pregnancy,"Triphala, Haritaki"
1,1159,herb_treats_condition,0.81,Medium,500-1000mg,None,"Guggulu, Shallaki"
1,1161,herb_treats_condition,0.91,Low,250-500mg,Pregnancy,"Amla, Haritaki"
1,1162,herb_treats_condition,0.84,Medium,250-500mg,Pitta excess,"Guggulu, Shallaki"
1,1163,herb_treats_condition,0.85,Medium,1-3g,Pregnancy,"Amla, Haritaki"
1,1164,herb_treats_condition,0.73,Low,1-3g,None,"Tulsi, Ginger"
1,1165,herb_treats_condition,0.9,Medium,500-1000mg,None,"Amla, Haritaki"
1,1166,herb_treats_condition,0.65,Low,500-1000mg,Pitta excess,"Triphala, Haritaki"
1,1167,herb_treats_condition,0.67,High,250-500mg,Pitta excess,"Triphala, Haritaki"
1,1168,herb_treats_condition,0.71,Medium,1-3g,Pregnancy,"Triphala, Haritaki"
1,1169,herb_treats_condition,0.77,Medium,50-100mg,None,"Guggulu, Shallaki"
1,1170,herb_treats_condition,0.79,High,100-250mg,None,"Ashwagandha, Brahmi"
1,1171,herb_treats_condition,0.72,Low,1-3g,Pitta excess,"Triphala, Haritaki"
1,1173,herb_treats_condition,0.84,Low,1-3g,Pitta excess,"Ashwagandha, Brahmi"
1,1174,herb_treats_condition,0.7,Low,1-3g,None,"Amla, Haritaki"
1,1175,herb_treats_condition,0.94,High,50-100mg,Bleeding disorders,"Ashwagandha, Brahmi"
1,1177,herb_treats_condition,0.71,High,500-1000mg,None,"Triphala, Haritaki"
1,1178,herb_treats_condition,0.72,Medium,1-3g,Pitta excess,"Amla, Haritaki"
1,1179,herb_treats_condition,0.9,Low,1-3g,Bleeding disorders,"Triphala, Haritaki"
1,1180,herb_treats_condition,0.87,Medium,500-1000mg,Pregnancy,"Triphala, Haritaki"
1,1181,herb_treats_condition,0.76,Low,50-100mg,Pregnancy,"Triphala, Haritaki"
1,1185,herb_treats_condition,0.81,High,500-1000mg,Pitta excess,"Amla, Haritaki"
1,1187,herb_treats_condition,0.68,Medium,1-3g,Pregnancy,"Amla, Haritaki"
1,1188,herb_treats_condition,0.8,Low,50-100mg,None,"Triphala, Haritaki"
1,1191,herb_treats_condition,0.92,High,50-100mg,None,"Amla, Haritaki"
1,1193,herb_treats_condition,0.78,Low,1-3g,None,"Triphala, Haritaki"
1,1194,herb_treats_condition,0.93,Medium,500-1000mg,Bleeding disorders,"Amla, Haritaki"
1,1195,herb_treats_condition,0.89,High,1-3g,Pregnancy,"Guggulu, Shallaki"
1,1196,herb_treats_condition,0.69,Medium,100-250mg,Pregnancy,"Tulsi, Ginger"
1,1197,herb_treats_condition,0.83,High,500-1000mg,Bleeding disorders,"Triphala, Haritaki"
1,1198,herb_treats_condition,0.65,High,50-100mg,Pregnancy,"Amla, Haritaki"
1,1199,herb_treats_condition,0.65,High,100-250mg,Bleeding disorders,"Guggulu, Shallaki"
1,1200,herb_treats_condition,0.76,Low,500-1000mg,Bleeding disorders,"Tulsi, Ginger"
1,1202,herb_treats_condition,0.91,Medium,1-3g,Bleeding disorders,"Amla, Haritaki"
1,1203,herb_treats_condition,0.73,High,500-1000mg,Pitta excess,"Guggulu, Shallaki"
1,1204,herb_treats_condition,0.82,High,500-1000mg,Pitta excess,"Tulsi, Ginger"
1,1205,herb_treats_condition,0.82,Medium,250-500mg,Bleeding disorders,"Amla, Haritaki"
1,1206,herb_treats_condition,0.75,High,500-1000mg,Pitta excess,"Ashwagandha, Brahmi"
1,1207,herb_treats_condition,0.87,Medium,100-250mg,Pregnancy,"Triphala, Haritaki"
1,1208,herb_treats_condition,0.8,Medium,1-3g,Pregnancy,"Triphala, Haritaki"
1,1209,herb_treats_condition,0.77,High,50-100mg,Pregnancy,"Triphala, Haritaki"
1,1210,herb_treats_condition,0.79,High,500-1000mg,Pregnancy,"Ashwagandha, Brahmi"
1,1211,herb_treats_condition,0.73,Medium,50-100mg,Pregnancy,"Guggulu, Shallaki"
1,1212,herb_treats_condition,0.93,Medium,1-3g,Bleeding disorders,"Amla, Haritaki"
1,1213,herb_treats_condition,0.67,Low,500-1000mg,None,"Ashwagandha, Brahmi"
1,1214,herb_treats_condition,0.71,High,1-3g,Bleeding disorders,"Triphala, Haritaki"
1,1215,herb_treats_condition,0.66,High,1-3g,Pitta excess,"Amla, Haritaki"
1,1216,herb_treats_condition,0.7,Low,250-500mg,Pitta excess,"Ashwagandha, Brahmi"
1,1217,herb_treats_condition,0.94,Low,250-500mg,None,"Tulsi, Ginger"
1,1218,herb_treats_condition,0.85,Medium,1-3g,Pitta excess,"Amla, Haritaki"
1,1219,herb_treats_condition,0.65,High,50-100mg,Pregnancy,"Amla, Haritaki"
1,1220,herb_treats_condition,0.74,High,1-3g,Bleeding disorders,"Tulsi, Ginger"
1,1221,herb_treats_condition,0.94,Medium,100-250mg,Pitta excess,"Guggulu, Shallaki"
1,1223,herb_treats_condition,0.93,High,50-100mg,Bleeding disorders,"Triphala, Haritaki"
1,1224,herb_treats_condition,0.77,Low,1-3g,Pregnancy,"Amla, Haritaki"
1,1225,herb_treats_condition,0.74,Low,1-3g,Bleeding disorders,"Amla, Haritaki"
1,1226,herb_treats_condition,0.89,High,250-500mg,None,"Guggulu, Shallaki"
1,1227,herb_treats_condition,0.82,Low,250-500mg,None,"Guggulu, Shallaki"
1,1229,herb_treats_condition,0.92,Low,500-1000mg,Pregnancy,"Tulsi, Ginger"
1,1230,herb_treats_condition,0.67,High,100-250mg,Pitta excess,"Tulsi, Ginger"
1,1231,herb_treats_condition,0.77,Medium,1-3g,Pregnancy,"Tulsi, Ginger"
1,1232,herb_treats_condition,0.72,Low,500-1000mg,Bleeding disorders,"Ashwagandha, Brahmi"
1,1233,herb_treats_condition,0.82,Low,500-1000mg,Bleeding disorders,"Tulsi, Ginger"
1,1234,herb_treats_condition,0.72,High,250-500mg,Pitta excess,"Triphala, Haritaki"
1,1235,herb_treats_condition,0.8,Low,100-250mg,Pitta excess,"Tulsi, Ginger"
1,1236,herb_treats_condition,0.71,Low,100-250mg,Bleeding disorders,"Triphala, Haritaki"
1,1237,herb_treats_condition,0.88,Low,50-100mg,None,"Amla, Haritaki"
1,1239,herb_treats_condition,0.65,High,50-100mg,None,"Tulsi, Ginger"
1,1241,herb_treats_condition,0.84,Medium,1-3g,Bleeding disorders,"Guggulu, Shallaki"
1,1242,herb_treats_condition,0.7,High,250-500mg,None,"Triphala, Haritaki"
1,1243,herb_treats_condition,0.88,Low,50-100mg,None,"Guggulu, Shallaki"
1,1244,herb_treats_condition,0.93,Low,1-3g,Bleeding disorders,"Guggulu, Shallaki"
1,1245,herb_treats_condition,0.91,Low,500-1000mg,Pregnancy,"Amla, Haritaki"
1,1246,herb_treats_condition,0.79,High,50-100mg,Pregnancy,"Triphala, Haritaki"
1,1247,herb_treats_condition,0.76,Low,250-500mg,Bleeding disorders,"Amla, Haritaki"
1,1248,herb_treats_condition,0.91,Low,1-3g,Bleeding disorders,"Triphala, Haritaki"
1,1249,herb_treats_condition,0.73,High,250-500mg,Bleeding disorders,"Triphala, Haritaki"
1,1253,herb_treats_condition,0.8,Low,500-1000mg,Bleeding disorders,"Tulsi, Ginger"
1,1256,herb_treats_condition,0.91,Medium,500-1000mg,Pitta excess,"Amla, Haritaki"
1,1258,herb_treats_condition,0.69,High,100-250mg,Pregnancy,"Tulsi, Ginger"
1,1259,herb_treats_condition,0.89,High,500-1000mg,None,"Triphala, Haritaki"
1,1260,herb_treats_condition,0.69,High,100-250mg,None,"Ashwagandha, Brahmi"
1,1261,herb_treats_condition,0.7,Medium,100-250mg,Bleeding disorders,"Guggulu, Shallaki"
1,1262,herb_treats_condition,0.74,High,1-3g,Pregnancy,"Guggulu, Shallaki"
1,1263,herb_treats_condition,0.68,Low,50-100mg,Pitta excess,"Tulsi, Ginger"
1,1264,herb_treats_condition,0.79,High,50-100mg,None,"Tulsi, Ginger"
1,1265,herb_treats_condition,0.73,Medium,1-3g,Bleeding disorders,"Tulsi, Ginger"
1,1266,herb_treats_condition,0.66,Low,250-500mg,Pitta excess,"Amla, Haritaki"
1,1267,herb_treats_condition,0.82,High,1-3g,Pitta excess,"Tulsi, Ginger"
1,1268,herb_treats_condition,0.76,High,1-3g,None,"Guggulu, Shallaki"
1,1269,herb_treats_condition,0.92,Medium,1-3g,Bleeding disorders,"Guggulu, Shallaki"
1,1271,herb_treats_condition,0.84,Low,100-250mg,Bleeding disorders,"Guggulu, Shallaki"
1,1272,herb_treats_condition,0.84,High,500-1000mg,Pregnancy,"Ashwagandha, Brahmi"
1,1273,herb_treats_condition,0.7,Low,250-500mg,Bleeding disorders,"Tulsi, Ginger"
1,1275,herb_treats_condition,0.86,High,500-1000mg,Bleeding disorders,"Guggulu, Shallaki"
1,1276,herb_treats_condition,0.88,Medium,1-3g,None,"Guggulu, Shallaki"
1,1277,herb_treats_condition,0.7,Low,100-250mg,Pitta excess,"Tulsi, Ginger"
1,1278,herb_treats_condition,0.93,High,50-100mg,Pitta excess,"Triphala, Haritaki"
1,1279,herb_treats_condition,0.77,Low,50-100mg,None,"Amla, Haritaki"
1,1280,herb_treats_condition,0.67,Medium,1-3g,Pregnancy,"Ashwagandha, Brahmi"
1,1281,herb_treats_condition,0.73,Low,50-100mg,None,"Tulsi, Ginger"
1,1282,herb_treats_condition,0.72,High,250-500mg,None,"Triphala, Haritaki"
1,1283,herb_treats_condition,0.69,Low,50-100mg,Pregnancy,"Tulsi, Ginger"
1,1284,herb_treats_condition,0.91,Medium,500-1000mg,None,"Amla, Haritaki"
1,1285,herb_treats_condition,0.93,High,500-1000mg,Pitta excess,"Amla, Haritaki"
1,1286,herb_treats_condition,0.7,High,500-1000mg,None,"Amla, Haritaki"
1,1288,herb_treats_condition,0.84,High,250-500mg,Bleeding disorders,"Guggulu, Shallaki"
1,1289,herb_treats_condition,0.81,Low,500-1000mg,Bleeding disorders,"Tulsi, Ginger"
1,1291,herb_treats_condition,0.77,Low,250-500mg,Pregnancy,"Ashwagandha, Brahmi"
1,1292,herb_treats_condition,0.81,Low,250-500mg,Bleeding disorders,"Guggulu, Shallaki"
1,1293,herb_treats_condition,0.81,High,500-1000mg,None,"Tulsi, Ginger"
1,1294,herb_treats_condition,0.65,Medium,250-500mg,Pitta excess,"Ashwagandha, Brahmi"
1,1295,herb_treats_condition,0.81,Low,500-1000mg,None,"Guggulu, Shallaki"
1,1297,herb_treats_condition,0.72,High,500-1000mg,None,"Triphala, Haritaki"
1,1299,herb_treats_condition,0.73,Medium,100-250mg,Bleeding disorders,"Tulsi, Ginger"
1,1300,herb_treats_condition,0.84,High,250-500mg,None,"Triphala, Haritaki"
1,1301,herb_treats_condition,0.91,Low,100-250mg,Bleeding disorders,"Ashwagandha, Brahmi"
1,1302,herb_treats_condition,0.84,High,500-1000mg,Bleeding disorders,"Amla, Haritaki"
1,1303,herb_treats_condition,0.8,Medium,50-100mg,Pitta excess,"Ashwagandha, Brahmi"
1,1305,herb_treats_condition,0.94,Low,100-250mg,Pregnancy,"Tulsi, Ginger"
1,1306,herb_treats_condition,0.73,High,500-1000mg,Pregnancy,"Triphala, Haritaki"
1,1307,herb_treats_condition,0.68,Low,500-1000mg,Pitta excess,"Tulsi, Ginger"
1,1308,herb_treats_condition,0.78,Medium,250-500mg,None,"Ashwagandha, Brahmi"
1,1310,herb_treats_condition,0.75,Low,50-100mg,Bleeding disorders,"Guggulu, Shallaki"
1,1311,herb_treats_condition,0.67,Medium,100-250mg,Pitta excess,"Tulsi, Ginger"
1,1312,herb_treats_condition,0.9,Low,50-100mg,Pitta excess,"Guggulu, Shallaki"
1,1313,herb_treats_condition,0.88,Medium,100-250mg,Pregnancy,"Triphala, Haritaki"
1,1315,herb_treats_condition,0.79,Low,1-3g,Pitta excess,"Guggulu, Shallaki"
1,1317,herb_treats_condition,0.77,Medium,250-500mg,Pitta excess,"Ashwagandha, Brahmi"
1,1318,herb_treats_condition,0.87,High,1-3g,Pregnancy,"Tulsi, Ginger"
1,1319,herb_treats_condition,0.79,Medium,100-250mg,Bleeding disorders,"Ashwagandha, Brahmi"
1,1320,herb_treats_condition,0.91,Low,50-100mg,Pitta excess,"Guggulu, Shallaki"
1,1322,herb_treats_condition,0.75,Low,250-500mg,Pregnancy,"Guggulu, Shallaki"
1,1324,herb_treats_condition,0.89,Low,50-100mg,None,"Amla, Haritaki"
1,1325,herb_treats_condition,0.7,Low,100-250mg,Pitta excess,"Guggulu, Shallaki"
1,1327,herb_treats_condition,0.68,High,250-500mg,Pregnancy,"Ashwagandha, Brahmi"
1,1328,herb_treats_condition,0.76,Low,1-3g,Pregnancy,"Triphala, Haritaki"
1,1329,herb_treats_condition,0.8,Medium,1-3g,Bleeding disorders,"Guggulu, Shallaki"
1,1330,herb_treats_condition,0.87,Low,500-1000mg,Bleeding disorders,"Triphala, Haritaki"
1,1331,herb_treats_condition,0.73,Low,500-1000mg,None,"Amla, Haritaki"
1,1333,herb_treats_condition,0.74,High,500-1000mg,Pitta excess,"Amla, Haritaki"
1,1334,herb_treats_condition,0.71,Medium,250-500mg,None,"Tulsi, Ginger"
1,1335,herb_treats_condition,0.91,High,1-3g,Pitta excess,"Ashwagandha, Brahmi"
1,1336,herb_treats_condition,0.81,Medium,250-500mg,Bleeding disorders,"Amla, Haritaki"
1,1338,herb_treats_condition,0.76,Low,1-3g,None,"Triphala, Haritaki"
1,1339,herb_treats_condition,0.91,High,250-500mg,Pitta excess,"Tulsi, Ginger"
1,1342,herb_treats_condition,0.87,High,1-3g,None,"Triphala, Haritaki"
1,1343,herb_treats_condition,0.81,Medium,1-3g,Pitta excess,"Amla, Haritaki"
1,1345,herb_treats_condition,0.73,Medium,250-500mg,Pregnancy,"Ashwagandha, Brahmi"
1,1346,herb_treats_condition,0.81,Low,50-100mg,Pitta excess,"Triphala, Haritaki"
1,1347,herb_treats_condition,0.91,Low,50-100mg,None,"Triphala, Haritaki"
1,1348,herb_treats_condition,0.68,High,500-1000mg,None,"Amla, Haritaki"
1,1349,herb_treats_condition,0.84,High,250-500mg,Pregnancy,"Tulsi, Ginger"
1,1350,herb_treats_condition,0.72,High,50-100mg,Pregnancy,"Triphala, Haritaki"
1,1351,herb_treats_condition,0.85,Low,500-1000mg,Pregnancy,"Tulsi, Ginger"
1,1352,herb_treats_condition,0.82,Medium,250-500mg,Pregnancy,"Amla, Haritaki"
1,1353,herb_treats_condition,0.73,Low,50-100mg,Bleeding disorders,"Ashwagandha, Brahmi"
1,1354,herb_treats_condition,0.93,High,50-100mg,Pregnancy,"Triphala, Haritaki"
1,1355,herb_treats_condition,0.81,Low,100-250mg,Pitta excess,"Amla, Haritaki"
1,1356,herb_treats_condition,0.84,Low,1-3g,None,"Ashwagandha, Brahmi"
1,1357,herb_treats_condition,0.88,High,250-500mg,None,"Guggulu, Shallaki"
1,1358,herb_treats_condition,0.91,Low,100-250mg,None,"Amla, Haritaki"
1,1359,herb_treats_condition,0.75,Low,1-3g,None,"Tulsi, Ginger"
1,1361,herb_treats_condition,0.92,High,250-500mg,Bleeding disorders,"Guggulu, Shallaki"
1,1365,herb_treats_condition,0.88,Medium,250-500mg,Pitta excess,"Amla, Haritaki"
1,1366,herb_treats_condition,0.81,Medium,1-3g,Bleeding disorders,"Tulsi, Ginger"
1,1367,herb_treats_condition,0.94,Medium,500-1000mg,Pregnancy,"Ashwagandha, Brahmi"
1,1368,herb_treats_condition,0.94,High,50-100mg,Pitta excess,"Tulsi, Ginger"
1,1369,herb_treats_condition,0.65,Low,100-250mg,Bleeding disorders,"Ashwagandha, Brahmi"
1,1370,herb_treats_condition,0.88,High,250-500mg,Pitta excess,"Ashwagandha, Brahmi"
1,1371,herb_treats_condition,0.66,Medium,100-250mg,Pitta excess,"Tulsi, Ginger"
1,1373,herb_treats_condition,0.76,High,100-250mg,Pitta excess,"Tulsi, Ginger"
1,1374,herb_treats_condition,0.89,Low,1-3g,None,"Amla, Haritaki"
1,1375,herb_treats_condition,0.93,High,50-100mg,Bleeding disorders,"Guggulu, Shallaki"
1,1376,herb_treats_condition,0.7,High,1-3g,Pregnancy,"Amla, Haritaki"
1,1377,herb_treats_condition,0.84,Low,1-3g,None,"Ashwagandha, Brahmi"
1,1378,herb_treats_condition,0.88,Medium,250-500mg,None,"Guggulu, Shallaki"
1,1379,herb_treats_condition,0.93,Low,100-250mg,Pregnancy,"Guggulu, Shallaki"
1,1380,herb_treats_condition,0.67,High,50-100mg,Bleeding disorders,"Amla, Haritaki"
1,1382,herb_treats_condition,0.82,Medium,1-3g,Pitta excess,"Triphala, Haritaki"
1,1383,herb_treats_condition,0.67,High,500-1000mg,None,"Amla, Haritaki"
1,1384,herb_treats_condition,0.82,Low,100-250mg,None,"Tulsi, Ginger"
1,1385,herb_treats_condition,0.89,Low,100-250mg,Bleeding disorders,"Ashwagandha, Brahmi"
1,1387,herb_treats_condition,0.79,High,50-100mg,None,"Tulsi, Ginger"
1,1388,herb_treats_condition,0.68,High,500-1000mg,Pitta excess,"Triphala, Haritaki"
1,1389,herb_treats_condition,0.79,Low,500-1000mg,None,"Amla, Haritaki"
1,1390,herb_treats_condition,0.71,High,1-3g,Pitta excess,"Triphala, Haritaki"
1,1391,herb_treats_condition,0.67,Medium,250-500mg,Pregnancy,"Ashwagandha, Brahmi"
1,1392,herb_treats_condition,0.85,Medium,250-500mg,Bleeding disorders,"Triphala, Haritaki"
1,1393,herb_treats_condition,0.75,High,50-100mg,Bleeding disorders,"Triphala, Haritaki"
1,1394,herb_treats_condition,0.95,High,500-1000mg,Pitta excess,"Guggulu, Shallaki"
1,1395,herb_treats_condition,0.66,Low,100-250mg,Bleeding disorders,"Triphala, Haritaki"
1,1396,herb_treats_condition,0.88,Low,50-100mg,Pregnancy,"Triphala, Haritaki"
1,1397,herb_treats_condition,0.93,Low,250-500mg,Pregnancy,"Tulsi, Ginger"
1,1398,herb_treats_condition,0.86,Low,250-500mg,None,"Guggulu, Shallaki"
1,1399,herb_treats_condition,0.66,Low,1-3g,Pitta excess,"Triphala, Haritaki"
1,1400,herb_treats_condition,0.81,Medium,1-3g,None,"Amla, Haritaki"
1,1401,herb_treats_condition,0.87,Low,50-100mg,None,"Amla, Haritaki"
1,1402,herb_treats_condition,0.92,High,50-100mg,Bleeding disorders,"Triphala, Haritaki"
1,1403,herb_treats_condition,0.67,Low,1-3g,Bleeding disorders,"Ashwagandha, Brahmi"
1,1404,herb_treats_condition,0.79,Low,50-100mg,None,"Tulsi, Ginger"
1,1405,herb_treats_condition,0.85,High,250-500mg,Pregnancy,"Ashwagandha, Brahmi"
1,1407,herb_treats_condition,0.74,High,500-1000mg,Pitta excess,"Guggulu, Shallaki"
1,1408,herb_treats_condition,0.8,High,50-100mg,Bleeding disorders,"Guggulu, Shallaki"
1,1409,herb_treats_condition,0.91,High,50-100mg,Pitta excess,"Triphala, Haritaki"
1,1410,herb_treats_condition,0.8,Medium,1-3g,Pregnancy,"Ashwagandha, Brahmi"
1,1412,herb_treats_condition,0.72,High,250-500mg,Bleeding disorders,"Guggulu, Shallaki"
1,1413,herb_treats_condition,0.77,Low,50-100mg,Bleeding disorders,"Tulsi, Ginger"
1,1417,herb_treats_condition,0.76,Medium,100-250mg,Bleeding disorders,"Ashwagandha, Brahmi"
1,1420,herb_treats_condition,0.84,Medium,50-100mg,Bleeding disorders,"Triphala, Haritaki"
1,1421,herb_treats_condition,0.7,Medium,100-250mg,Pregnancy,"Guggulu, Shallaki"
1,1422,herb_treats_condition,0.81,High,1-3g,Pitta excess,"Guggulu, Shallaki"
1,1423,herb_treats_condition,0.72,Low,500-1000mg,Bleeding disorders,"Amla, Haritaki"
1,1424,herb_treats_condition,0.75,High,100-250mg,Pitta excess,"Triphala, Haritaki"
1,1426,herb_treats_condition,0.82,High,100-250mg,Pitta excess,"Tulsi, Ginger"
1,1428,herb_treats_condition,0.86,High,100-250mg,None,"Triphala, Haritaki"
1,1429,herb_treats_condition,0.85,High,100-250mg,Bleeding disorders,"Ashwagandha, Brahmi"
1,1430,herb_treats_condition,0.82,High,50-100mg,Pitta excess,"Tulsi, Ginger"
1,1431,herb_treats_condition,0.9,Low,50-100mg,Bleeding disorders,"Guggulu, Shallaki"
1,1432,herb_treats_condition,0.94,Medium,500-1000mg,Bleeding disorders,"Triphala, Haritaki"
1,1434,herb_treats_condition,0.88,Low,100-250mg,Pitta excess,"Ashwagandha, Brahmi"
1,1435,herb_treats_condition,0.88,High,1-3g,Bleeding disorders,"Amla, Haritaki"
1,1437,herb_treats_condition,0.82,Low,1-3g,Pitta excess,"Triphala, Haritaki"
1,1438,herb_treats_condition,0.86,Medium,50-100mg,None,"Triphala, Haritaki"
1,1439,herb_treats_condition,0.8,High,500-1000mg,Bleeding disorders,"Triphala, Haritaki"
1,1442,herb_treats_condition,0.91,Medium,500-1000mg,Pitta excess,"Triphala, Haritaki"
1,1443,herb_treats_condition,0.71,Low,500-1000mg,Pregnancy,"Tulsi, Ginger"
1,1445,herb_treats_condition,0.94,Low,100-250mg,Pitta excess,"Ashwagandha, Brahmi"
1,1446,herb_treats_condition,0.7,Medium,1-3g,None,"Tulsi, Ginger"
1,1447,herb_treats_condition,0.91,Low,500-1000mg,None,"Ashwagandha, Brahmi"
1,1448,herb_treats_condition,0.83,Medium,250-500mg,None,"Amla, Haritaki"
1,1449,herb_treats_condition,0.93,High,1-3g,Pregnancy,"Amla, Haritaki"
1,1450,herb_treats_condition,0.68,Medium,50-100mg,Pitta excess,"Amla, Haritaki"
1,1451,herb_treats_condition,0.81,High,50-100mg,None,"Amla, Haritaki"
1,1453,herb_treats_condition,0.88,Low,100-250mg,Bleeding disorders,"Guggulu, Shallaki"
1311,457,herb_treats_condition,0.66,Medium,100-250mg,Pregnancy,"Neem — Fruit, Atish Assam"
