node_id,name,scientific_name,taste,energy,post_digestive_effect,primary_dosha_balance,secondary_dosha_balance,region,properties,uses,contraindications,medicine_forms,rasa,guna,virya,vipaka,prabhava,reduces_vata,reduces_pitta,reduces_kapha,anti_inflammatory,analgesic,carminative,antimicrobial,antioxidant,hepatoprotective,anxiolytic,antipyretic,alkaloids,flavonoids,terpenoids,phenols,tannins,saponins,glycosides,lignans,sterols,coumarins,dosha_vata,dosha_pitta,dosha_kapha
1,Ashwagandha,Withania somnifera,Bitter,Sweet,Pungent,Vata,Pitta,Rajasthan,"Adaptogenic, Rejuvenating, Anti-inflammatory, Immunomodulatory","Stress, Anxiety, Insomnia, Fatigue, Cognitive function",Pregnancy,"Churna (powder), Kwatha (decoction), Vati (tablets), Ghrita (ghee), Taila (oil)",Bitter,"Light,Mobile",Cold,Pungent,Galactagogue,1,1,0,1,0,1,0,0,0,0,0,0,0,1,0,0,0,0,0,1,1,2,-3,0
2,Turmeric,Curcuma longa,Pungent,Bitter,Sweet,Kapha,Pitta,West Bengal,"Anti-inflammatory, Antioxidant, Hepatoprotective, Wound healing","Arthritis, Digestive disorders, Skin conditions, Liver disorders","Gallstones, Pregnancy","Churna (powder), Kwatha (decoction), Avaleha (jam), Ghrita (ghee), Taila (oil)",Pungent,"Hot,Clear",Cold,Sweet,Rejuvenating,0,1,1,1,1,0,0,1,1,0,1,0,0,0,1,0,0,0,0,0,0,0,0,-3
3,Triphala,Terminalia chebula/bellirica/myrobalan,Mixed,Mixed,Mixed,All,All,Madhya Pradesh,"Digestive stimulant, Antioxidant, Immunomodulatory, Mild laxative","Digestion, Constipation, Weight management, Immunity",Diarrhea,"Churna (powder), Kwatha (decoction), Vati (tablets), Avaleha (jam)",Salty,"Light,Liquid",Cold,Sweet,Analgesic,1,1,1,1,1,1,0,1,0,0,1,0,0,1,0,0,0,0,0,0,1,0,-2,0
4,Brahmi,Bacopa monnieri,Bitter,Sweet,Astringent,Kapha,Vata,Uttar Pradesh,"Nootropic, Anxiolytic, Anti-epileptic, Cardioprotective","Memory enhancement, Anxiety, Epilepsy, ADHD","Pregnancy, Bradycardia","Churna (powder), Kwatha (decoction), Vati (tablets), Ghrita (ghee), Taila (oil)",Bitter,"Cold,Soft",Hot,Astringent,Rejuvenating,1,0,1,1,0,1,0,0,1,1,1,1,1,0,1,0,0,0,0,0,0,1,0,-3
5,Neem,Azadirachta indica,Bitter,Astringent,Sweet,Kapha,Pitta,Maharashtra,"Antimicrobial, Antiviral, Antifungal, Antipyretic, Anti-diabetic","Skin diseases, Fever, Dental care, Blood purification","Pregnancy, Cold constitution","Churna (powder), Kwatha (decoction), Vati (tablets), Taila (oil)",Bitter,"Smooth,Cloudy",Hot,Sweet,Carminative,0,1,1,1,1,0,1,1,0,0,1,1,0,0,0,1,0,0,0,0,0,2,-2,-3
6,Ginger,Zingiber officinale,Pungent,Sweet,Sweet,Kapha,Vata,Asia,"Carminative, Anti-emetic, Circulatory stimulant, Anti-inflammatory","Digestion, Nausea, Cold, Arthritis","Bleeding disorders, Pitta excess","Churna (powder), Kwatha (decoction), Vati (tablets), Swarasa (juice)",Pungent,Rough,Cold,Sweet,Analgesic,1,0,1,1,0,1,0,0,0,0,0,0,0,0,0,0,0,0,1,0,0,-2,2,-3
7,Amla,Phyllanthus emblica,Sour,Sweet,Sweet,Pitta,All,Uttarakhand,"Rich in Vitamin C, Antioxidant, Immunomodulatory, Hepatoprotective","Immunity, Hair care, Digestion, Anti-aging","Diarrhea, Hyperacidity","Churna (powder), Kwatha (decoction), Avaleha (jam), Vati (tablets), Ghrita (ghee)",Sour,Sharp,Hot,Sweet,Rejuvenative,0,1,0,1,1,0,0,1,1,1,1,0,0,0,0,0,0,0,1,0,0,1,1,0
8,Shatavari,Asparagus racemosus,Sweet,Bitter,Sweet,Pitta,Vata,Karnataka,"Galactagogue, Adaptogenic, Anti-ulcer, Immunomodulatory","Female reproductive health, Menopause, Lactation, Ulcers","Cough, Kapha excess","Churna (powder), Kwatha (decoction), Vati (tablets), Ghrita (ghee), Milk decoction",Sweet,"Heavy,Light,Firm",Cold,Sweet,Rejuvenating,1,1,0,1,0,1,0,0,1,1,0,0,1,0,0,0,0,0,1,0,0,-2,-3,3
9,Guggulu,Commiphora mukul,Pungent,Bitter,Astringent,Kapha,Vata,Gujarat,"Anti-inflammatory, Lipid-lowering, Anti-obesity, Anti-arthritic","Obesity, Arthritis, High cholesterol, Skin diseases","Pregnancy, Pitta excess","Vati (tablets), Churna (powder), Kwatha (decoction), Taila (oil)",Pungent,Dense,Hot,Astringent,Galactagogue,1,0,1,1,0,0,0,0,1,0,1,0,0,1,0,0,0,0,0,0,0,-2,3,-3
10,Tulsi,Ocimum tenuiflorum,Pungent,Bitter,Sweet,Kapha,Vata,Kerala,"Adaptogenic, Anti-stress, Respiratory stimulant, Immunomodulatory","Respiratory disorders, Stress, Fever, Immunity","Pregnancy, Bleeding disorders","Churna (powder), Kwatha (decoction), Swarasa (juice), Vati (tablets), Ghrita (ghee)",Pungent,Firm,Hot,Sweet,Rejuvenating,1,0,1,1,0,0,1,0,0,0,0,0,0,1,1,0,0,0,0,0,0,-2,3,-3
11,Arjuna,Terminalia arjuna,Astringent,Sweet,Astringent,Kapha,Vata,Tamil Nadu,"Cardiotonic, Astringent, Cooling, Hemostatic","Heart disease, Bleeding disorders, Skin diseases","Pregnancy, Constipation","Churna (powder), Kwatha (decoction), Vati (tablets), Ghrita (ghee), Taila (oil)",Astringent,Subtle,Cold,Astringent,Diaphoretic,1,0,1,0,0,0,1,1,1,0,0,0,1,0,0,0,1,0,0,1,1,1,-2,-2
12,Haritaki,Terminalia chebula,Astringent,Sweet,Sweet,Vata,Kapha,Madhya Pradesh,"Laxative, Rejuvenative, Alterative, Anti-inflammatory","Constipation, Digestive disorders, Skin diseases","Pregnancy, Diarrhea","Churna (powder), Kwatha (decoction), Vati (tablets)",Astringent,"Smooth,Sticky",Hot,Sweet,Diaphoretic,1,0,1,1,1,0,0,1,0,0,1,0,0,0,0,1,0,0,0,0,0,0,0,-3
13,Bibhitaki,Terminalia bellirica,Astringent,Sweet,Sweet,Kapha,Vata,Madhya Pradesh,"Astringent, Alterative, Anti-inflammatory, Hepatoprotective","Eye diseases, Respiratory disorders, Digestive issues","Pregnancy, Constipation","Churna (powder), Kwatha (decoction), Vati (tablets)",Astringent,"Heavy,Subtle",Hot,Sweet,Nervine tonic,1,0,1,1,0,0,1,1,1,0,0,0,0,0,1,1,1,1,0,0,0,1,0,-3
14,Yashtimadhu,Glycyrrhiza glabra,Sweet,Sweet,Sweet,Vata,Pitta,Mediterranean,"Demulcent, Anti-inflammatory, Expectorant, Anti-ulcer","Respiratory disorders, Digestive ulcers, Skin diseases","Hypertension, Pregnancy","Churna (powder), Kwatha (decoction), Vati (tablets), Ghrita (ghee), Milk decoction",Sweet,"Stable,Mobile,Firm",Cold,Sweet,Rejuvenative,1,1,0,1,0,0,0,0,0,0,0,1,0,0,0,0,0,0,0,0,0,-2,-3,3
15,Pippali,Piper longum,Pungent,Hot,Sweet,Kapha,Vata,Bihar,"Carminative, Digestive stimulant, Rejuvenative, Anti-inflammatory","Digestive disorders, Respiratory issues, Male infertility","Bleeding disorders, Pitta excess","Churna (powder), Vati (tablets), Kwatha (decoction), Avaleha (jam)",Pungent,Bland,Hot,Sweet,Galactagogue,1,0,1,1,0,1,0,0,0,0,0,0,1,0,0,0,1,1,0,0,0,-2,3,-3
16,Gokshura,Tribulus terrestris,Sweet,Astringent,Sweet,Vata,Kapha,Rajasthan,"Diuretic, Aphrodisiac, Cooling, Anti-lithic","Urinary disorders, Kidney stones, Male infertility","Pregnancy, Pitta excess","Churna (powder), Kwatha (decoction), Vati (tablets)",Sweet,"Mobile,Subtle,Heavy",Cold,Sweet,Galactagogue,1,0,1,1,0,0,0,0,0,0,0,1,0,1,0,0,0,0,0,0,0,-1,-2,2
17,Shankhapushpi,Convolvulus pluricaulis,Sweet,Astringent,Sweet,Vata,Pitta,Uttar Pradesh,"Nootropic, Anxiolytic, Anti-epileptic, Cardiotonic","Memory enhancement, Anxiety, Insomnia, Heart disease","Pregnancy, Bradycardia","Churna (powder), Kwatha (decoction), Vati (tablets), Ghrita (ghee)",Sweet,Clear,Hot,Sweet,Demulcent,1,1,0,1,0,0,0,0,0,1,0,0,0,0,1,0,0,0,0,0,1,-3,-2,1
18,Jatamansi,Nardostachys jatamansi,Bitter,Sweet,Astringent,Vata,Kapha,Uttarakhand,"Sedative, Anxiolytic, Anti-epileptic, Cardiotonic","Insomnia, Anxiety, Epilepsy, Heart palpitations","Pregnancy, Depression","Churna (powder), Kwatha (decoction), Vati (tablets), Ghrita (ghee), Taila (oil)",Bitter,"Sticky,Cloudy",Cold,Astringent,Diaphoretic,1,0,1,1,1,0,0,0,0,1,1,0,0,0,0,0,0,0,0,1,1,0,-2,-1
19,Bhringraj,Eclipta alba,Bitter,Pungent,Sweet,Kapha,Pitta,Assam,"Hair tonic, Hepatoprotective, Anti-inflammatory, Antimicrobial","Hair loss, Liver disorders, Skin diseases","Pregnancy, Diarrhea","Churna (powder), Kwatha (decoction), Taila (oil), Vati (tablets), Swarasa (juice)",Bitter,"Soft,Clear,Light",Hot,Sweet,Rejuvenating,0,1,1,1,1,0,1,1,1,0,0,1,0,0,0,0,1,0,1,0,1,3,-2,-3
20,Manjistha,Rubia cordifolia,Bitter,Sweet,Sweet,Pitta,Kapha,Himachal Pradesh,"Blood purifier, Anti-inflammatory, Antimicrobial, Cooling","Skin diseases, Blood disorders, Urinary issues","Pregnancy, Low blood pressure","Churna (powder), Kwatha (decoction), Vati (tablets), Ghrita (ghee)",Bitter,Sharp,Cold,Sweet,Analgesic,0,1,1,1,1,1,1,0,0,0,0,0,0,0,0,0,1,0,0,0,0,2,-3,-2
21,Kutki,Picrorhiza kurroa,Bitter,Cool,Sweet,Pitta,Kapha,Himachal Pradesh,"Hepatoprotective, Anti-inflammatory, Immunomodulatory, Bitter tonic","Liver disorders, Digestive issues, Fever, Skin diseases","Pregnancy, Weak digestion","Churna (powder), Kwatha (decoction), Vati (tablets), Ghrita (ghee)",Bitter,"Sharp,Mobile",Cold,Sweet,Diaphoretic,0,1,1,1,0,1,1,0,1,1,0,1,1,1,0,0,0,0,0,0,1,3,-3,-2
22,Guduchi,Tinospora cordifolia,Bitter,Sweet,Sweet,All,All,India,"Immunomodulatory, Anti-inflammatory, Antipyretic, Rejuvenative","Fever, Immunity, Digestive disorders, Skin diseases","Pregnancy, Autoimmune conditions","Churna (powder), Kwatha (decoction), Vati (tablets), Ghrita (ghee), Avaleha (jam)",Bitter,Mobile,Hot,Sweet,Analgesic,1,1,1,1,0,0,0,0,0,0,1,0,0,0,1,0,1,0,0,0,0,1,-2,-3
23,Amla,Phyllanthus emblica,Sour,Sweet,Sweet,Pitta,All,Uttarakhand,"Rich in Vitamin C, Antioxidant, Immunomodulatory, Hepatoprotective","Immunity, Hair care, Digestion, Anti-aging","Diarrhea, Hyperacidity","Churna (powder), Kwatha (decoction), Avaleha (jam), Vati (tablets), Ghrita (ghee)",Sour,"Dry,Sharp,Cloudy",Hot,Sweet,Aphrodisiac,0,1,0,1,0,0,1,1,1,1,1,0,0,1,0,0,0,0,1,0,0,2,1,0
24,Chitrak,Plumbago zeylanica,Pungent,Hot,Sweet,Kapha,Vata,Rajasthan,"Digestive stimulant, Carminative, Anti-inflammatory, Anthelmintic","Digestive disorders, Abdominal pain, Parasitic infections","Pregnancy, Ulcers","Churna (powder), Kwatha (decoction), Vati (tablets)",Pungent,Smooth,Hot,Sweet,Nervine tonic,1,0,1,1,0,1,1,0,0,0,1,0,0,0,1,1,0,0,0,0,0,-2,3,-3
25,Punarnava,Boerhavia diffusa,Bitter,Astringent,Sweet,Vata,Kapha,Uttar Pradesh,"Diuretic, Anti-inflammatory, Cardiotonic, Hepatoprotective","Edema, Heart disease, Liver disorders, Urinary issues","Pregnancy, Dehydration","Churna (powder), Kwatha (decoction), Vati (tablets), Ghrita (ghee)",Bitter,Firm,Cold,Sweet,Aphrodisiac,1,0,1,1,1,0,1,0,1,1,0,0,0,0,0,0,0,0,0,1,0,0,-2,-2
26,Mustak,Cyperus rotundus,Bitter,Astringent,Sweet,Kapha,Vata,Bihar,"Carminative, Digestive stimulant, Anti-inflammatory, Anti-spasmodic","Digestive disorders, Diarrhea, Menstrual disorders","Pregnancy, Excess Vata","Churna (powder), Kwatha (decoction), Vati (tablets)",Bitter,Clear,Cold,Sweet,Galactagogue,1,0,1,1,0,1,0,1,0,0,0,0,0,0,0,0,1,0,0,0,0,0,-2,-2
27,Haridra,Curcuma longa,Pungent,Bitter,Sweet,Kapha,Pitta,West Bengal,"Anti-inflammatory, Antioxidant, Hepatoprotective, Wound healing","Arthritis, Digestive disorders, Skin conditions, Liver disorders","Gallstones, Pregnancy","Churna (powder), Kwatha (decoction), Vati (tablets), Ghrita (ghee), Taila (oil)",Pungent,Liquid,Cold,Sweet,Detoxifying,0,1,1,1,1,0,0,1,1,0,1,1,0,1,0,1,0,0,0,0,1,0,-1,-3
28,Daru haridra,Berberis aristata,Bitter,Cool,Astringent,Pitta,Kapha,Himachal Pradesh,"Anti-inflammatory, Antimicrobial, Hepatoprotective, Antipyretic","Skin diseases, Liver disorders, Digestive issues, Fever","Pregnancy, Weak digestion","Churna (powder), Kwatha (decoction), Vati (tablets), Ghrita (ghee)",Bitter,"Stable,Light,Firm",Cold,Astringent,Demulcent,0,1,1,1,1,1,1,0,1,1,1,1,0,0,0,0,1,1,0,0,0,3,-3,-2
29,Sunth,Zingiber officinale,Pungent,Sweet,Sweet,Kapha,Vata,Asia,"Carminative, Anti-emetic, Circulatory stimulant, Anti-inflammatory","Digestion, Nausea, Cold, Arthritis","Bleeding disorders, Pitta excess","Churna (powder), Kwatha (decoction), Vati (tablets)",Pungent,Cloudy,Cold,Sweet,Galactagogue,1,0,1,1,0,1,0,0,1,0,0,0,0,1,0,0,0,0,0,0,1,-2,1,-3
30,Mulethi,Glycyrrhiza glabra,Sweet,Sweet,Sweet,Vata,Pitta,Mediterranean,"Demulcent, Anti-inflammatory, Expectorant, Anti-ulcer","Respiratory disorders, Digestive ulcers, Skin diseases","Hypertension, Pregnancy","Churna (powder), Kwatha (decoction), Vati (tablets), Ghrita (ghee), Milk decoction",Sweet,"Smooth,Oily",Cold,Sweet,Analgesic,1,1,0,1,0,0,0,0,0,1,1,0,0,0,0,1,0,0,1,1,1,-3,-3,3
31,Kalonji,Nigella sativa,Pungent,Hot,Pungent,Kapha,Vata,Uttar Pradesh,"Carminative, Anti-inflammatory, Immunomodulatory, Galactagogue","Respiratory disorders, Digestive issues, Immunity, Lactation","Pregnancy, Bleeding disorders","Churna (powder), Taila (oil), Vati (tablets)",Pungent,"Cloudy,Hot",Hot,Pungent,Aphrodisiac,1,0,1,1,1,1,0,1,0,0,0,0,1,0,0,0,0,0,0,0,0,-2,3,-3
32,Safed musli,Chlorophytum borivilianum,Sweet,Cool,Sweet,Vata,Kapha,Karnataka,"Aphrodisiac, Rejuvenative, Immunomodulatory, Anti-stress","Male infertility, General debility, Stress, Immunity","Pregnancy, Diabetes","Churna (powder), Kwatha (decoction), Vati (tablets), Milk decoction",Sweet,"Dense,Soft",Cold,Sweet,Detoxifying,1,0,1,1,0,0,0,1,1,0,1,1,1,0,1,0,0,0,1,0,0,-3,-2,2
33,Shilajit,Black bitumen,Bitter,Astringent,Sweet,Vata,Kapha,Himachal Pradesh,"Rejuvenative, Anti-inflammatory, Immunomodulatory, Aphrodisiac","General debility, Male infertility, Bone fractures, Immunity","Pregnancy, Hot constitution","Vati (tablets), Churna (powder), Kwatha (decoction), Ghrita (ghee)",Bitter,"Light,Subtle,Dry",Cold,Sweet,Diaphoretic,1,0,1,1,0,0,0,0,1,1,0,1,0,0,1,0,1,0,0,1,0,3,-2,-2
34,Vidarikanda,Pueraria tuberosa,Sweet,Cool,Sweet,Vata,Pitta,Karnataka,"Rejuvenative, Anti-inflammatory, Demulcent, Aphrodisiac","General debility, Male infertility, Digestive disorders, Fever","Pregnancy, Obesity","Churna (powder), Kwatha (decoction), Vati (tablets), Ghrita (ghee)",Sweet,"Liquid,Light,Subtle",Cold,Sweet,Detoxifying,1,1,0,1,0,0,1,0,1,1,0,0,0,0,0,0,0,0,1,0,1,-1,-3,3
35,Medhya herbs,Mixed herbs,Bitter,Sweet,Astringent,Vata,Pitta,Uttar Pradesh,"Nootropic, Memory enhancer, Cognitive function, Mental clarity","Memory enhancement, Cognitive decline, Mental fatigue, Concentration issues","Pregnancy, Bradycardia","Churna (powder), Kwatha (decoction), Vati (tablets), Ghrita (ghee)",Bitter,"Light,Liquid,Subtle",Hot,Astringent,Detoxifying,1,1,0,0,0,1,1,0,0,0,1,0,0,0,0,0,1,1,0,0,0,2,-2,-2
36,Rasna,Pluchea lanceolata,Bitter,Pungent,Sweet,Vata,Kapha,Gujarat,"Anti-inflammatory, Analgesic, Anti-arthritic, Expectorant","Arthritis, Joint pain, Respiratory disorders, Muscle pain","Pregnancy, Bleeding disorders","Churna (powder), Kwatha (decoction), Taila (oil), Vati (tablets)",Bitter,Oily,Hot,Sweet,Analgesic,1,0,1,1,1,0,1,1,0,0,0,0,1,0,1,0,0,0,0,1,0,0,0,-3
37,Eranda,Ricinus communis,Pungent,Hot,Sweet,Vata,Pitta,Maharashtra,"Laxative, Anti-inflammatory, Analgesic, Anti-arthritic","Constipation, Arthritis, Skin diseases, Joint pain","Pregnancy, Diarrhea","Churna (powder), Taila (oil), Vati (tablets)",Pungent,Cold,Hot,Sweet,Demulcent,1,1,0,1,1,0,1,0,1,1,1,0,0,0,0,1,1,0,0,0,1,-1,1,-3
38,Nirgundi,Vitex negundo,Bitter,Pungent,Pungent,Vata,Kapha,Madhya Pradesh,"Anti-inflammatory, Analgesic, Anti-arthritic, Expectorant","Arthritis, Joint pain, Respiratory disorders, Skin diseases","Pregnancy, Bleeding disorders","Churna (powder), Kwatha (decoction), Taila (oil), Vati (tablets)",Bitter,"Sharp,Light",Hot,Pungent,Rejuvenating,1,0,1,1,1,0,0,1,0,0,0,0,0,1,0,0,0,0,0,0,0,1,1,-3
39,Bhallataka,Semicarpus anacardium,Pungent,Hot,Pungent,Kapha,Vata,Goa,"Anti-inflammatory, Analgesic, Anti-arthritic, Digestive stimulant","Arthritis, Digestive disorders, Skin diseases, Joint pain","Pregnancy, Ulcers","Churna (powder), Vati (tablets), Taila (oil)",Pungent,"Mobile,Heavy,Clear",Hot,Pungent,Diaphoretic,1,0,1,1,1,0,1,0,1,0,0,1,1,0,0,0,1,0,0,0,0,-1,3,-3
40,Asthisrinkhala,Cissus quadrangularis,Bitter,Astringent,Sweet,Vata,Kapha,Karnataka,"Bone healer, Anti-inflammatory, Analgesic, Rejuvenative","Fractures, Osteoporosis, Joint pain, Bone health","Pregnancy, Excess Kapha","Churna (powder), Kwatha (decoction), Vati (tablets), Ghrita (ghee)",Bitter,"Oily,Rough,Heavy",Hot,Sweet,Rejuvenative,1,0,1,1,1,0,0,0,0,1,0,0,0,1,0,0,0,0,0,0,0,0,1,-2
41,Karavellaka,Momordica charantia,Bitter,Cool,Sweet,Pitta,Kapha,Tamil Nadu,"Anti-diabetic, Anti-inflammatory, Hepatoprotective, Digestive","Diabetes, Liver disorders, Digestive issues, Skin diseases","Pregnancy, Weak digestion","Churna (powder), Kwatha (decoction), Vati (tablets), Swarasa (juice)",Bitter,Clear,Cold,Sweet,Analgesic,0,1,1,1,0,0,0,0,1,1,0,1,1,0,0,0,0,0,0,0,0,2,-3,-2
42,Madhuyasti,Glycyrrhiza glabra,Sweet,Sweet,Sweet,Vata,Pitta,Mediterranean,"Demulcent, Anti-inflammatory, Expectorant, Anti-ulcer","Respiratory disorders, Digestive ulcers, Skin diseases","Hypertension, Pregnancy","Churna (powder), Kwatha (decoction), Vati (tablets), Ghrita (ghee), Milk decoction",Sweet,"Oily,Subtle",Cold,Sweet,Galactagogue,1,1,0,1,0,0,1,0,0,0,0,0,0,0,0,1,0,0,1,0,0,-2,-3,3
43,Devadaru,Cedrus deodara,Bitter,Astringent,Sweet,Kapha,Vata,Uttarakhand,"Anti-inflammatory, Analgesic, Anti-arthritic, Expectorant","Arthritis, Respiratory disorders, Skin diseases, Joint pain","Pregnancy, Bleeding disorders","Churna (powder), Kwatha (decoction), Taila (oil), Vati (tablets)",Bitter,"Dry,Cloudy,Oily",Cold,Sweet,Rejuvenative,1,0,1,1,1,0,0,0,0,1,0,1,0,0,0,1,0,0,0,0,1,1,-2,-1
44,Bala,Sida cordifolia,Sweet,Cool,Sweet,Vata,Kapha,Uttar Pradesh,"Muscle strengthener, Anti-inflammatory, Rejuvenative, Demulcent","Muscle weakness, Arthritis, General debility, Skin diseases","Pregnancy, Obesity","Churna (powder), Kwatha (decoction), Vati (tablets), Ghrita (ghee)",Sweet,"Sticky,Subtle,Sharp",Cold,Sweet,Analgesic,1,0,1,1,0,0,0,0,1,1,0,0,1,1,0,0,1,0,0,1,0,-2,-1,2
45,Atibala,Abutilon indicum,Sweet,Cool,Sweet,Vata,Kapha,Uttar Pradesh,"Muscle strengthener, Anti-inflammatory, Rejuvenative, Demulcent","Muscle weakness, Arthritis, General debility, Skin diseases","Pregnancy, Obesity","Churna (powder), Kwatha (decoction), Vati (tablets), Ghrita (ghee)",Sweet,"Cold,Bland,Soft",Cold,Sweet,Diaphoretic,1,0,1,1,1,0,0,1,0,0,0,0,0,1,1,0,0,0,0,1,0,-2,-2,1
46,Kantakari,Solanum xanthocarpum,Bitter,Pungent,Sweet,Kapha,Vata,Bihar,"Expectorant, Anti-inflammatory, Analgesic, Anti-asthmatic","Respiratory disorders, Asthma, Cough, Throat diseases","Pregnancy, Bleeding disorders","Churna (powder), Kwatha (decoction), Vati (tablets), Swarasa (juice)",Bitter,"Dry,Cold,Soft",Hot,Sweet,Carminative,1,0,1,1,1,0,0,1,0,1,0,0,0,0,1,0,1,1,0,0,0,2,0,-3
47,Kashmarya,Gmelina arborea,Bitter,Sweet,Sweet,Vata,Pitta,Madhya Pradesh,"Cooling, Rejuvenative, Anti-inflammatory, Hepatoprotective","Fever, Liver disorders, Digestive issues, Skin diseases","Pregnancy, Weak digestion","Churna (powder), Kwatha (decoction), Vati (tablets)",Bitter,"Light,Mobile",Cold,Sweet,Aphrodisiac,1,1,0,1,0,0,0,0,1,0,0,0,0,0,0,0,1,0,0,0,0,2,-3,0
48,Parushaka,Terminalia arjuna,Astringent,Sweet,Astringent,Kapha,Vata,Tamil Nadu,"Cardiotonic, Astringent, Cooling, Hemostatic","Heart disease, Bleeding disorders, Skin diseases","Pregnancy, Constipation","Churna (powder), Kwatha (decoction), Vati (tablets)",Astringent,Clear,Hot,Astringent,Galactagogue,1,0,1,0,1,1,0,0,0,0,1,0,1,0,0,0,0,0,0,0,0,0,0,-3
49,Udumbara,Ficus racemosa,Sweet,Astringent,Sweet,Vata,Kapha,Karnataka,"Astringent, Cooling, Anti-inflammatory, Hemostatic","Bleeding disorders, Skin diseases, Digestive issues, Urinary disorders","Pregnancy, Constipation","Churna (powder), Kwatha (decoction), Vati (tablets)",Sweet,Light,Hot,Sweet,Carminative,1,0,1,1,0,1,0,0,0,1,1,0,1,0,0,0,1,0,0,0,0,-2,0,-1
50,Plaksha,Ficus infectoria,Astringent,Cool,Sweet,Vata,Kapha,Karnataka,"Astringent, Cooling, Anti-inflammatory, Hemostatic","Bleeding disorders, Skin diseases, Digestive issues, Urinary disorders","Pregnancy, Constipation","Churna (powder), Kwatha (decoction), Vati (tablets)",Astringent,Light,Cold,Sweet,Detoxifying,1,0,1,1,0,0,0,0,0,0,0,0,0,1,0,0,1,0,1,0,1,1,-2,-2
51,Khadira,Acacia catechu,Bitter,Astringent,Sweet,Pitta,Kapha,Rajasthan,"Astringent, Anti-inflammatory, Antimicrobial, Cooling","Skin diseases, Bleeding disorders, Digestive issues, Mouth diseases","Pregnancy, Constipation","Churna (powder), Kwatha (decoction), Vati (tablets), Kashaya (decoction)",Bitter,"Sharp,Rough,Soft",Hot,Sweet,Detoxifying,0,1,1,1,1,0,1,1,0,0,0,0,1,0,0,0,1,1,1,0,0,2,0,-3
52,Arka,Calotropis procera,Bitter,Pungent,Pungent,Kapha,Vata,Rajasthan,"Anti-inflammatory, Analgesic, Anti-arthritic, Expectorant","Arthritis, Skin diseases, Respiratory disorders, Joint pain","Pregnancy, Bleeding disorders","Churna (powder), Kwatha (decoction), Vati (tablets), Taila (oil)",Bitter,"Cold,Stable",Hot,Pungent,Analgesic,1,0,1,1,1,0,0,0,0,1,0,0,0,1,1,1,0,0,0,1,0,1,0,-3
53,Apamarga,Achyranthes aspera,Bitter,Astringent,Sweet,Vata,Pitta,Uttar Pradesh,"Diuretic, Anti-inflammatory, Anti-lithic, Hemostatic","Urinary disorders, Kidney stones, Bleeding disorders, Skin diseases","Pregnancy, Dehydration","Churna (powder), Kwatha (decoction), Vati (tablets)",Bitter,Oily,Hot,Sweet,Diaphoretic,1,1,0,1,0,0,0,0,1,0,1,0,0,0,1,0,0,0,0,0,0,0,-2,-1
54,Bilva,Aegle marmelos,Bitter,Astringent,Sweet,Vata,Kapha,Madhya Pradesh,"Astringent, Digestive stimulant, Anti-diabetic, Anti-inflammatory","Digestive disorders, Diabetes, Dysentery, Skin diseases","Pregnancy, Constipation","Churna (powder), Kwatha (decoction), Vati (tablets), Ghrita (ghee)",Bitter,"Liquid,Soft,Clear",Cold,Sweet,Rejuvenating,1,0,1,1,0,0,0,0,0,0,1,0,0,0,0,0,1,0,0,0,0,0,-2,-2
55,Draksha,Vitis vinifera,Sweet,Cool,Sweet,Vata,Kapha,Maharashtra,"Rejuvenative, Cooling, Cardiotonic, Laxative","General debility, Heart disease, Constipation, Skin diseases","Diabetes, Obesity","Churna (powder), Kwatha (decoction), Avaleha (jam), Ghrita (ghee)",Sweet,"Light,Mobile",Cold,Sweet,Rejuvenative,1,0,1,0,1,1,1,0,1,0,0,1,1,0,0,0,0,0,0,0,0,-1,-2,1
56,Priyangu,Calamus macrocephalus,Sweet,Cool,Sweet,Vata,Pitta,Uttarakhand,"Nootropic, Rejuvenative, Cooling, Digestive","Memory enhancement, Digestive disorders, Fever, Skin diseases","Pregnancy, Obesity","Churna (powder), Kwatha (decoction), Vati (tablets), Ghrita (ghee)",Sweet,Oily,Cold,Sweet,Aphrodisiac,1,1,0,1,0,0,0,0,0,0,0,1,0,0,0,1,1,1,0,0,0,-3,-3,3
57,Jeevanti,Leptadenia reticulata,Sweet,Cool,Sweet,Vata,Pitta,Himachal Pradesh,"Rejuvenative, Anti-inflammatory, Cooling, Lactogogue","General debility, Lactation, Fever, Skin diseases","Pregnancy, Obesity","Churna (powder), Kwatha (decoction), Vati (tablets), Ghrita (ghee)",Sweet,Rough,Cold,Sweet,Aphrodisiac,1,1,0,1,0,1,1,1,0,0,0,0,0,0,0,1,1,0,1,0,0,-3,-3,3
58,Rishabhaka,Operculina turpethum,Bitter,Pungent,Pungent,Kapha,Vata,Bihar,"Laxative, Anti-inflammatory, Digestive stimulant, Anthelmintic","Constipation, Digestive disorders, Skin diseases, Parasitic infections","Pregnancy, Diarrhea","Churna (powder), Kwatha (decoction), Vati (tablets)",Bitter,"Cloudy,Subtle,Dry",Cold,Pungent,Nervine tonic,1,0,1,1,0,0,0,0,0,1,1,0,0,0,1,0,0,1,0,0,0,2,-2,-2
59,Vacha,Acorus calamus,Bitter,Pungent,Pungent,Kapha,Vata,Uttar Pradesh,"Nootropic, Expectorant, Digestive stimulant, Anti-inflammatory","Memory enhancement, Respiratory disorders, Digestive issues, Mental disorders","Pregnancy, Bleeding disorders","Churna (powder), Kwatha (decoction), Vati (tablets)",Bitter,"Rough,Subtle,Liquid",Cold,Pungent,Detoxifying,1,0,1,1,0,1,0,0,1,0,1,1,1,0,1,0,0,0,0,0,1,1,-1,-2
60,Tagara,Valeriana wallichii,Bitter,Pungent,Pungent,Vata,Kapha,Uttarakhand,"Sedative, Anxiolytic, Anti-spasmodic, Analgesic","Insomnia, Anxiety, Epilepsy, Mental disorders","Pregnancy, Depression","Churna (powder), Kwatha (decoction), Vati (tablets), Ghrita (ghee), Taila (oil)",Bitter,"Sticky,Light",Hot,Pungent,Rejuvenative,1,0,1,1,1,0,1,0,1,1,1,0,0,0,1,0,1,0,0,0,0,1,0,-3
61,Amalaki,Phyllanthus emblica,Sour,Sweet,Sweet,Pitta,All,Uttarakhand,"Rich in Vitamin C, Antioxidant, Immunomodulatory, Hepatoprotective","Immunity, Hair care, Digestion, Anti-aging","Diarrhea, Hyperacidity","Churna (powder), Kwatha (decoction), Avaleha (jam), Vati (tablets), Ghrita (ghee)",Sour,"Dense,Soft",Hot,Sweet,Galactagogue,0,1,0,1,0,0,0,1,1,0,1,0,0,1,0,0,0,0,1,0,0,1,0,1
62,Bibhitaki,Terminalia bellirica,Astringent,Sweet,Sweet,Kapha,Vata,Madhya Pradesh,"Astringent, Alterative, Anti-inflammatory, Hepatoprotective","Eye diseases, Respiratory disorders, Digestive issues","Pregnancy, Constipation","Churna (powder), Kwatha (decoction), Vati (tablets)",Astringent,Liquid,Hot,Sweet,Diaphoretic,1,0,1,1,0,1,1,0,1,1,0,1,1,1,0,0,0,0,0,0,0,0,0,-3
63,Haritaki,Terminalia chebula,Astringent,Sweet,Sweet,Vata,Kapha,Madhya Pradesh,"Laxative, Rejuvenative, Alterative, Anti-inflammatory","Constipation, Digestive disorders, Skin diseases","Pregnancy, Diarrhea","Churna (powder), Kwatha (decoction), Vati (tablets)",Astringent,Cold,Hot,Sweet,Demulcent,1,0,1,1,1,0,1,0,1,1,0,0,1,0,0,0,0,1,0,0,0,1,0,-3
64,Bhringaraja,Eclipta alba,Bitter,Pungent,Sweet,Kapha,Pitta,Assam,"Hair tonic, Hepatoprotective, Anti-inflammatory, Antimicrobial","Hair loss, Liver disorders, Skin diseases","Pregnancy, Diarrhea","Churna (powder), Kwatha (decoction), Taila (oil), Vati (tablets), Swarasa (juice)",Bitter,"Smooth,Liquid",Hot,Sweet,Nervine tonic,0,1,1,1,0,1,1,0,1,1,0,0,1,0,0,0,0,0,0,0,0,2,-2,-3
65,Kushta,Saussurea lappa,Bitter,Pungent,Sweet,Kapha,Vata,Himachal Pradesh,"Carminative, Digestive stimulant, Anti-inflammatory, Anti-spasmodic","Digestive disorders, Respiratory issues, Skin diseases","Pregnancy, Bleeding disorders","Churna (powder), Kwatha (decoction), Vati (tablets)",Bitter,"Stable,Oily,Dense",Hot,Sweet,Analgesic,1,0,1,1,1,1,0,0,0,0,0,1,0,0,0,0,1,0,0,0,1,0,0,-2
66,Patanjali herbs,Mixed herbs,Bitter,Sweet,Astringent,Vata,Pitta,Uttar Pradesh,"Various therapeutic properties, Holistic healing, Balanced formulation, Multi-system benefits","Multiple conditions, General wellness, Preventive care, Holistic health","Individual allergies, Pregnancy contraindications","Churna (powder), Kwatha (decoction), Vati (tablets), Ghrita (ghee)",Bitter,"Subtle,Rough,Light",Hot,Astringent,Rejuvenating,1,1,0,0,0,0,1,0,0,0,0,0,0,0,0,0,0,0,0,1,0,2,-1,-2
67,Sunthi,Zingiber officinale,Pungent,Sweet,Sweet,Kapha,Vata,Asia,"Carminative, Anti-emetic, Circulatory stimulant, Anti-inflammatory","Digestion, Nausea, Cold, Arthritis","Bleeding disorders, Pitta excess","Churna (powder), Kwatha (decoction), Vati (tablets)",Pungent,Sticky,Hot,Sweet,Demulcent,1,0,1,1,0,1,1,0,0,1,0,0,0,0,0,0,0,0,0,1,0,-2,3,-3
68,Maricha,Piper nigrum,Pungent,Hot,Sweet,Kapha,Vata,India,"Carminative, Digestive stimulant, Anti-inflammatory, Anthelmintic","Digestive disorders, Respiratory issues, Parasitic infections","Bleeding disorders, Pitta excess","Churna (powder), Vati (tablets), Kwatha (decoction)",Pungent,Bland,Hot,Sweet,Carminative,1,0,1,1,0,1,0,0,1,1,0,0,0,1,0,0,1,1,0,1,0,-2,3,-3
69,Pippali,Piper longum,Pungent,Hot,Sweet,Kapha,Vata,Bihar,"Carminative, Digestive stimulant, Rejuvenative, Anti-inflammatory","Digestive disorders, Respiratory issues, Male infertility","Bleeding disorders, Pitta excess","Churna (powder), Vati (tablets), Kwatha (decoction), Avaleha (jam)",Pungent,Subtle,Hot,Sweet,Galactagogue,1,0,1,1,0,1,1,0,1,0,1,0,1,0,1,0,0,1,0,0,0,-1,3,-3
70,Shati,Hedychium spicatum,Bitter,Pungent,Sweet,Kapha,Vata,Karnataka,"Carminative, Digestive stimulant, Anti-inflammatory, Anti-spasmodic","Digestive disorders, Respiratory issues, Menstrual disorders","Pregnancy, Bleeding disorders","Churna (powder), Kwatha (decoction), Vati (tablets)",Bitter,Soft,Hot,Sweet,Analgesic,1,0,1,1,1,1,1,1,0,1,0,1,0,0,0,0,1,0,1,0,0,0,0,-3
71,Musta,Cyperus rotundus,Bitter,Astringent,Sweet,Kapha,Vata,Bihar,"Carminative, Digestive stimulant, Anti-inflammatory, Anti-spasmodic","Digestive disorders, Diarrhea, Menstrual disorders","Pregnancy, Excess Vata","Churna (powder), Kwatha (decoction), Vati (tablets)",Bitter,"Stable,Firm",Hot,Sweet,Carminative,1,0,1,1,0,1,0,1,1,0,0,0,0,1,0,0,0,0,0,1,1,0,0,-3
72,Ushira,Vetiveria zizanioides,Sweet,Cool,Sweet,Pitta,Kapha,Tamil Nadu,"Cooling, Diuretic, Anti-inflammatory, Sedative","Fever, Burning sensations, Urinary disorders, Insomnia","Pregnancy, Cold constitution","Churna (powder), Kwatha (decoction), Vati (tablets), Taila (oil)",Sweet,"Mobile,Sharp,Clear",Cold,Sweet,Nervine tonic,0,1,1,1,0,1,0,0,0,1,0,1,1,1,0,0,0,0,0,0,1,0,-3,1
73,Chandana,Santalum album,Bitter,Cool,Sweet,Pitta,Kapha,Karnataka,"Cooling, Anti-inflammatory, Antimicrobial, Diuretic","Fever, Burning sensations, Skin diseases, Urinary disorders","Pregnancy, Cold constitution","Churna (powder), Kwatha (decoction), Taila (oil), Vati (tablets)",Bitter,"Dry,Dense,Heavy",Cold,Sweet,Galactagogue,0,1,1,1,0,1,1,1,1,1,1,0,1,0,0,0,0,0,0,0,1,3,-3,0
74,Aguru,Aquilaria malaccensis,Bitter,Astringent,Sweet,Kapha,Vata,Assam,"Sedative, Expectorant, Anti-inflammatory, Cardiotonic","Asthma, Insomnia, Heart disease, Respiratory disorders","Pregnancy, Bleeding disorders","Churna (powder), Kwatha (decoction), Vati (tablets), Taila (oil), Ghrita (ghee)",Bitter,"Sharp,Oily,Subtle",Cold,Sweet,Carminative,1,0,1,1,1,0,0,0,0,0,0,1,0,0,1,1,0,0,0,0,0,1,-1,-1
75,Krpasu,Barleria prionitis,Bitter,Cool,Sweet,Pitta,Kapha,Madhya Pradesh,"Anti-inflammatory, Analgesic, Anti-arthritic, Hepatoprotective","Arthritis, Liver disorders, Skin diseases, Fever","Pregnancy, Weak digestion","Churna (powder), Kwatha (decoction), Vati (tablets)",Bitter,"Light,Stable",Cold,Sweet,Demulcent,0,1,1,1,1,1,0,0,1,0,1,1,1,0,0,0,0,0,0,1,1,3,-3,-2
76,Indrayava,Holarrhena antidysenterica,Bitter,Cool,Astringent,Vata,Pitta,Uttar Pradesh,"Anti-dysenteric, Anti-diarrheal, Anti-inflammatory, Hemostatic","Dysentery, Diarrhea, Bleeding disorders, Skin diseases","Pregnancy, Constipation","Churna (powder), Kwatha (decoction), Vati (tablets)",Bitter,"Sticky,Cold,Sharp",Cold,Astringent,Carminative,1,1,0,1,0,1,0,1,0,0,1,0,1,0,0,0,1,1,0,0,0,1,-3,1
77,Kakamachi,Solanum nigrum,Bitter,Cool,Sweet,Pitta,Kapha,Madhya Pradesh,"Anti-inflammatory, Analgesic, Anti-arthritic, Hepatoprotective","Arthritis, Liver disorders, Skin diseases, Fever","Pregnancy, Weak digestion","Churna (powder), Kwatha (decoction), Vati (tablets)",Bitter,"Light,Clear,Dense",Cold,Sweet,Rejuvenative,0,1,1,1,1,0,0,1,1,1,0,0,0,0,0,1,1,0,0,1,0,3,-3,-1
78,Karavellaka,Momordica charantia,Bitter,Cool,Sweet,Pitta,Kapha,Tamil Nadu,"Anti-diabetic, Anti-inflammatory, Hepatoprotective, Digestive","Diabetes, Liver disorders, Digestive issues, Skin diseases","Pregnancy, Weak digestion","Churna (powder), Kwatha (decoction), Vati (tablets), Swarasa (juice)",Bitter,"Mobile,Light,Firm",Cold,Sweet,Diaphoretic,0,1,1,1,0,0,0,1,1,0,1,0,1,0,0,0,0,0,0,0,0,3,-3,-2
79,Trivrit,Operculina turpethum,Bitter,Pungent,Pungent,Kapha,Vata,Bihar,"Laxative, Anti-inflammatory, Digestive stimulant, Anthelmintic","Constipation, Digestive disorders, Skin diseases, Parasitic infections","Pregnancy, Diarrhea","Churna (powder), Kwatha (decoction), Vati (tablets)",Bitter,"Rough,Clear,Stable",Cold,Pungent,Rejuvenative,1,0,1,1,0,1,0,0,0,0,0,0,1,0,0,0,0,0,0,0,0,0,-1,-2
80,Karveera,Nerium indicum,Bitter,Pungent,Pungent,Kapha,Vata,Rajasthan,"Anti-inflammatory, Analgesic, Anti-arthritic, Digestive stimulant","Arthritis, Digestive disorders, Skin diseases, Joint pain","Pregnancy, Ulcers","Churna (powder), Kwatha (decoction), Vati (tablets), Taila (oil)",Bitter,Oily,Hot,Pungent,Galactagogue,1,0,1,1,1,0,1,0,0,1,0,0,0,0,1,0,0,0,0,0,0,0,0,-3
81,Gairika,Red ochre clay,Bitter,Astringent,Sweet,Pitta,Kapha,Rajasthan,"Astringent, Cooling, Anti-inflammatory, Hemostatic","Bleeding disorders, Skin diseases, Digestive issues, Ulcers","Pregnancy, Constipation","Churna (powder), Vati (tablets)",Bitter,Sharp,Cold,Sweet,Nervine tonic,0,1,1,1,0,0,0,1,0,1,0,0,1,0,1,0,0,1,1,0,0,2,-3,-2
82,Svarjiksara,Alkaline salt,Bitter,Hot,Pungent,Kapha,Vata,Rajasthan,"Digestive stimulant, Anti-inflammatory, Laxative, Anthelmintic","Digestive disorders, Constipation, Skin diseases, Parasitic infections","Pregnancy, Ulcers","Churna (powder), Vati (tablets), Kwatha (decoction)",Bitter,"Sticky,Mobile",Hot,Pungent,Aphrodisiac,1,0,1,1,0,0,0,1,0,1,1,1,1,0,0,0,0,1,0,1,0,1,0,-3
83,Saindhava,Himalayan salt,Salty,Hot,Sweet,Kapha,Vata,Uttarakhand,"Digestive stimulant, Rejuvenative, Electrolyte balancer, Anti-inflammatory","Digestive disorders, Electrolyte imbalance, Skin diseases, General debility","Hypertension, Edema","Svarjikshara (alkaline salt), Vati (tablets)",Salty,"Cold,Stable",Hot,Sweet,Carminative,1,0,1,1,1,0,1,0,1,1,1,0,1,0,1,1,0,0,1,0,0,0,2,-2
84,Sauvarchala,Himalayan black salt,Pungent,Hot,Sweet,Kapha,Vata,Uttarakhand,"Digestive stimulant, Carminative, Rejuvenative, Anti-inflammatory","Digestive disorders, Flatulence, Skin diseases, General debility","Hypertension, Edema","Svarjikshara (alkaline salt), Vati (tablets)",Pungent,"Stable,Soft",Hot,Sweet,Rejuvenative,1,0,1,1,1,1,1,1,0,0,0,0,0,1,0,0,1,0,0,0,0,-2,3,-3
85,Svarjikshara,Alkaline salt,Bitter,Hot,Pungent,Kapha,Vata,Rajasthan,"Digestive stimulant, Anti-inflammatory, Laxative, Anthelmintic","Digestive disorders, Constipation, Skin diseases, Parasitic infections","Pregnancy, Ulcers","Churna (powder), Vati (tablets), Kwatha (decoction)",Bitter,Dry,Hot,Pungent,Demulcent,1,0,1,1,0,0,0,0,0,1,0,1,0,0,0,0,1,0,1,0,0,1,0,-3
86,Yavani,Trachyspermum ammi,Bitter,Pungent,Sweet,Kapha,Vata,Uttar Pradesh,"Carminative, Digestive stimulant, Anti-inflammatory, Anthelmintic","Digestive disorders, Respiratory issues, Parasitic infections","Pregnancy, Bleeding disorders","Churna (powder), Kwatha (decoction), Vati (tablets)",Bitter,"Hot,Clear,Light",Cold,Sweet,Aphrodisiac,1,0,1,1,0,1,0,0,1,0,1,0,0,1,1,1,0,0,0,0,0,1,-1,-2
87,Ajaji,Trachyspermum copticum,Bitter,Pungent,Sweet,Kapha,Vata,Uttar Pradesh,"Carminative, Digestive stimulant, Anti-inflammatory, Anthelmintic","Digestive disorders, Respiratory issues, Parasitic infections","Pregnancy, Bleeding disorders","Churna (powder), Kwatha (decoction), Vati (tablets)",Bitter,"Liquid,Oily,Hot",Cold,Sweet,Nervine tonic,1,0,1,1,0,1,0,1,0,0,0,0,0,0,0,0,1,0,0,0,1,0,-1,-1
88,Dhanyaka,Coriandrum sativum,Bitter,Sweet,Sweet,Pitta,Kapha,Madhya Pradesh,"Cooling, Digestive stimulant, Anti-inflammatory, Diuretic","Fever, Digestive disorders, Skin diseases, Urinary disorders","Pregnancy, Cold constitution","Churna (powder), Kwatha (decoction), Vati (tablets)",Bitter,Light,Hot,Sweet,Carminative,0,1,1,1,0,0,0,0,0,0,0,0,1,1,0,0,1,0,0,0,1,3,-2,-3
89,Sushavi,Polygonum aviculare,Bitter,Astringent,Sweet,Kapha,Vata,Uttar Pradesh,"Diuretic, Anti-inflammatory, Anti-lithic, Hemostatic","Urinary disorders, Kidney stones, Bleeding disorders, Skin diseases","Pregnancy, Dehydration","Churna (powder), Kwatha (decoction), Vati (tablets)",Bitter,"Cloudy,Sharp",Cold,Sweet,Detoxifying,1,0,1,1,1,0,0,0,1,0,1,1,0,1,0,1,0,0,0,0,0,0,-1,-2
90,Varuna,Crateva nurvala,Bitter,Astringent,Sweet,Vata,Kapha,Uttar Pradesh,"Diuretic, Anti-inflammatory, Anti-lithic, Anti-arthritic","Urinary disorders, Kidney stones, Arthritis, Skin diseases","Pregnancy, Dehydration","Churna (powder), Kwatha (decoction), Vati (tablets)",Bitter,"Soft,Bland",Hot,Sweet,Rejuvenative,1,0,1,1,0,1,0,1,0,0,0,0,0,0,1,0,0,0,0,1,0,0,0,-3
91,Gokshura,Tribulus terrestris,Sweet,Astringent,Sweet,Vata,Kapha,Rajasthan,"Diuretic, Aphrodisiac, Cooling, Anti-lithic","Urinary disorders, Kidney stones, Male infertility","Pregnancy, Pitta excess","Churna (powder), Kwatha (decoction), Vati (tablets)",Sweet,"Bland,Sharp",Cold,Sweet,Nervine tonic,1,0,1,1,1,0,1,0,0,1,0,0,1,0,0,0,0,1,0,0,0,-3,-1,1
92,Punarnava,Boerhavia diffusa,Bitter,Astringent,Sweet,Vata,Kapha,Uttar Pradesh,"Diuretic, Anti-inflammatory, Cardiotonic, Hepatoprotective","Edema, Heart disease, Liver disorders, Urinary issues","Pregnancy, Dehydration","Churna (powder), Kwatha (decoction), Vati (tablets), Ghrita (ghee)",Bitter,"Oily,Subtle",Hot,Sweet,Rejuvenative,1,0,1,1,1,0,0,0,1,0,0,0,0,0,0,1,0,0,0,0,0,1,0,-3
93,Guduchi,Tinospora cordifolia,Bitter,Sweet,Sweet,All,All,India,"Immunomodulatory, Anti-inflammatory, Antipyretic, Rejuvenative","Fever, Immunity, Digestive disorders, Skin diseases","Pregnancy, Autoimmune conditions","Churna (powder), Kwatha (decoction), Vati (tablets), Ghrita (ghee), Avaleha (jam)",Bitter,"Sticky,Dry",Hot,Sweet,Carminative,1,1,1,1,1,0,0,0,1,1,1,1,0,0,1,0,0,0,0,1,0,1,-2,-3
94,Amruta,Gymnema sylvestre,Bitter,Cool,Sweet,Pitta,Kapha,Karnataka,"Anti-diabetic, Anti-inflammatory, Hepatoprotective, Digestive","Diabetes, Liver disorders, Digestive issues, Skin diseases","Pregnancy, Weak digestion","Churna (powder), Kwatha (decoction), Vati (tablets), Swarasa (juice)",Bitter,"Heavy,Light",Cold,Sweet,Analgesic,0,1,1,1,0,0,1,0,1,0,1,0,1,0,0,1,0,0,0,0,1,3,-3,-1
95,Methi,Fenugreek,Bitter,Sweet,Sweet,Kapha,Vata,Rajasthan,"Anti-diabetic, Digestive stimulant, Galactagogue, Anti-inflammatory","Diabetes, Digestive disorders, Lactation, Skin diseases","Pregnancy, Bleeding disorders","Churna (powder), Kwatha (decoction), Vati (tablets), Swarasa (juice)",Bitter,"Sharp,Smooth",Hot,Sweet,Diaphoretic,1,0,1,1,0,0,1,1,1,0,0,1,0,0,0,0,1,1,0,1,0,0,1,-3
96,Kalonji,Nigella sativa,Pungent,Hot,Pungent,Kapha,Vata,Uttar Pradesh,"Carminative, Anti-inflammatory, Immunomodulatory, Galactagogue","Respiratory disorders, Digestive issues, Immunity, Lactation","Pregnancy, Bleeding disorders","Churna (powder), Taila (oil), Vati (tablets)",Pungent,Smooth,Hot,Pungent,Nervine tonic,1,0,1,1,1,1,1,1,1,0,0,0,0,1,0,0,0,0,0,0,0,-2,3,-3
97,Hingu,Ferula foetida,Pungent,Hot,Pungent,Kapha,Vata,Uttar Pradesh,"Carminative, Digestive stimulant, Anti-inflammatory, Anthelmintic","Digestive disorders, Flatulence, Respiratory issues, Parasitic infections","Pregnancy, Bleeding disorders","Churna (powder), Vati (tablets)",Pungent,"Heavy,Hot",Hot,Pungent,Rejuvenating,1,0,1,1,1,1,0,0,1,0,0,0,0,0,0,1,0,0,0,0,0,-2,3,-3
98,Lashuna,Allium sativum,Pungent,Hot,Sweet,Kapha,Vata,India,"Anti-inflammatory, Antimicrobial, Cardio-protective, Anthelmintic","Respiratory disorders, Heart disease, Parasitic infections, Skin diseases","Bleeding disorders, Pitta excess","Churna (powder), Kwatha (decoction), Vati (tablets), Swarasa (juice)",Pungent,"Cold,Dense",Hot,Sweet,Rejuvenative,1,0,1,1,0,0,1,0,1,0,1,1,0,1,0,1,0,0,0,1,0,-1,3,-3
99,Rasona,Allium sativum,Pungent,Hot,Sweet,Kapha,Vata,India,"Anti-inflammatory, Antimicrobial, Cardio-protective, Anthelmintic","Respiratory disorders, Heart disease, Parasitic infections, Skin diseases","Bleeding disorders, Pitta excess","Churna (powder), Kwatha (decoction), Vati (tablets), Swarasa (juice)",Pungent,"Firm,Light,Liquid",Hot,Sweet,Demulcent,1,0,1,1,1,0,1,1,0,1,1,0,0,0,0,0,0,0,1,0,0,-1,3,-3
100,Shringavera,Zingiber zerumbet,Bitter,Pungent,Sweet,Kapha,Vata,Asia,"Carminative, Digestive stimulant, Anti-inflammatory, Anti-emetic","Digestive disorders, Nausea, Respiratory issues, Skin diseases","Pregnancy, Bleeding disorders","Churna (powder), Kwatha (decoction), Vati (tablets), Swarasa (juice)",Bitter,"Mobile,Sharp,Heavy",Cold,Sweet,Nervine tonic,1,0,1,1,1,1,1,1,1,0,0,0,1,1,0,0,0,1,0,0,0,1,-1,-1
101,Karpoora,Cinnamomum camphora,Pungent,Hot,Sweet,Kapha,Vata,Asia,"Stimulant, Anti-inflammatory, Analgesic, Expectorant","Respiratory disorders, Pain, Skin diseases, Digestive issues","Pregnancy, Bleeding disorders","Churna (powder), Vati (tablets)",Pungent,Hot,Hot,Sweet,Aphrodisiac,1,0,1,1,1,0,0,0,1,0,0,0,1,1,1,0,0,0,0,0,0,-2,3,-3
102,Tailaparna,Elephantopus scaber,Bitter,Pungent,Sweet,Kapha,Vata,Karnataka,"Anti-inflammatory, Hepatoprotective, Anti-diabetic, Diuretic","Liver disorders, Diabetes, Skin diseases, Urinary disorders","Pregnancy, Weak digestion","Churna (powder), Kwatha (decoction), Vati (tablets)",Bitter,Stable,Cold,Sweet,Rejuvenative,1,0,1,1,0,1,0,0,1,1,1,1,0,1,0,0,1,0,1,0,0,0,-2,-2
103,Shatapushpa,Anethum sowa,Bitter,Sweet,Sweet,Vata,Pitta,Uttar Pradesh,"Carminative, Digestive stimulant, Anti-inflammatory, Galactagogue","Digestive disorders, Lactation, Respiratory issues, Skin diseases","Pregnancy, Bleeding disorders","Churna (powder), Kwatha (decoction), Vati (tablets)",Bitter,"Cloudy,Light,Sticky",Hot,Sweet,Detoxifying,1,1,0,1,0,1,1,0,0,1,0,0,0,0,0,0,0,0,0,0,1,1,-2,-1
104,Sthula shatapushpa,Anethum graveolens,Bitter,Sweet,Sweet,Vata,Pitta,Uttar Pradesh,"Carminative, Digestive stimulant, Anti-inflammatory, Galactagogue","Digestive disorders, Lactation, Respiratory issues, Skin diseases","Pregnancy, Bleeding disorders","Churna (powder), Kwatha (decoction), Vati (tablets)",Bitter,"Oily,Sticky,Cold",Cold,Sweet,Analgesic,1,1,0,1,0,1,0,0,0,0,0,0,0,0,1,1,0,0,0,0,0,1,-3,2
105,Krishna jeeraka,Carum carvi,Bitter,Sweet,Sweet,Vata,Pitta,Uttar Pradesh,"Carminative, Digestive stimulant, Anti-inflammatory, Galactagogue","Digestive disorders, Lactation, Respiratory issues, Skin diseases","Pregnancy, Bleeding disorders","Churna (powder), Kwatha (decoction), Vati (tablets)",Bitter,"Liquid,Light,Cloudy",Cold,Sweet,Diaphoretic,1,1,0,1,1,1,0,0,1,1,0,0,0,0,0,0,0,1,0,0,1,1,-3,0
106,Shweta jeeraka,Cuminum cyminum,Bitter,Sweet,Sweet,Vata,Pitta,Rajasthan,"Carminative, Digestive stimulant, Anti-inflammatory, Galactagogue","Digestive disorders, Lactation, Respiratory issues, Skin diseases","Pregnancy, Bleeding disorders","Churna (powder), Kwatha (decoction), Vati (tablets)",Bitter,"Oily,Smooth,Rough",Hot,Sweet,Analgesic,1,1,0,1,1,1,0,0,1,0,0,0,1,0,1,0,0,0,0,0,0,0,-1,-1
107,Saunf,Foeniculum vulgare,Sweet,Sweet,Sweet,Vata,Pitta,Rajasthan,"Carminative, Digestive stimulant, Galactagogue, Anti-inflammatory","Digestive disorders, Lactation, Respiratory issues, Skin diseases","Pregnancy, Bleeding disorders","Churna (powder), Kwatha (decoction), Vati (tablets)",Sweet,Sharp,Cold,Sweet,Demulcent,1,1,0,1,0,1,0,1,0,1,0,0,0,0,1,1,1,0,1,0,0,-3,-3,3
108,Mishreya,Melilotus indica,Bitter,Sweet,Sweet,Vata,Pitta,Uttar Pradesh,"Carminative, Digestive stimulant, Anti-inflammatory, Diuretic","Digestive disorders, Respiratory issues, Skin diseases, Urinary disorders","Pregnancy, Bleeding disorders","Churna (powder), Kwatha (decoction), Vati (tablets)",Bitter,Dense,Cold,Sweet,Diaphoretic,1,1,0,1,0,1,0,0,0,0,0,0,0,1,0,0,0,0,0,0,0,0,-3,1
109,Palasha,Butea monosperma,Bitter,Astringent,Sweet,Kapha,Vata,Madhya Pradesh,"Anti-inflammatory, Hemostatic, Anti-diabetic, Hepatoprotective","Bleeding disorders, Diabetes, Skin diseases, Liver disorders","Pregnancy, Constipation","Churna (powder), Kwatha (decoction), Vati (tablets), Ghrita (ghee)",Bitter,"Dry,Rough",Hot,Sweet,Detoxifying,1,0,1,1,0,0,0,0,1,0,0,0,1,1,0,1,0,0,1,0,0,1,1,-3
110,Palasha,Madhuca longifolia,Sweet,Cool,Sweet,Vata,Kapha,Madhya Pradesh,"Rejuvenative, Anti-inflammatory, Cooling, Lactogogue","General debility, Lactation, Skin diseases, Digestive issues","Pregnancy, Obesity","Churna (powder), Kwatha (decoction), Vati (tablets), Ghrita (ghee)",Sweet,"Soft,Clear,Bland",Cold,Sweet,Galactagogue,1,0,1,1,0,1,0,0,1,1,0,1,0,0,0,0,0,0,0,0,0,-3,-2,1
111,Khadira,Acacia catechu,Bitter,Astringent,Sweet,Pitta,Kapha,Rajasthan,"Astringent, Anti-inflammatory, Antimicrobial, Cooling","Skin diseases, Bleeding disorders, Digestive issues, Mouth diseases","Pregnancy, Constipation","Churna (powder), Kwatha (decoction), Vati (tablets), Ghrita (ghee)",Bitter,Subtle,Hot,Sweet,Nervine tonic,0,1,1,1,0,0,1,0,1,0,0,0,0,1,0,0,0,0,0,0,0,3,-2,-3
112,Arjuna,Terminalia arjuna,Astringent,Sweet,Astringent,Kapha,Vata,Tamil Nadu,"Cardiotonic, Astringent, Cooling, Hemostatic","Heart disease, Bleeding disorders, Skin diseases","Pregnancy, Constipation","Churna (powder), Kwatha (decoction), Vati (tablets), Ghrita (ghee), Taila (oil)",Astringent,Liquid,Hot,Astringent,Diaphoretic,1,0,1,0,0,0,0,0,0,1,0,0,0,1,0,1,0,1,0,0,1,0,0,-3
113,Ashwattha,Ficus religiosa,Bitter,Astringent,Sweet,Vata,Kapha,Karnataka,"Astringent, Cooling, Anti-inflammatory, Hemostatic","Bleeding disorders, Skin diseases, Digestive issues, Urinary disorders","Pregnancy, Constipation","Churna (powder), Kwatha (decoction), Vati (tablets)",Bitter,"Smooth,Heavy,Liquid",Cold,Sweet,Rejuvenating,1,0,1,1,1,1,0,0,0,0,1,0,0,1,0,0,0,1,0,0,0,0,-2,-1
114,Piyala,Syzygium cumini,Bitter,Astringent,Sweet,Vata,Kapha,Tamil Nadu,"Astringent, Cooling, Anti-inflammatory, Anti-diabetic","Bleeding disorders, Diabetes, Digestive issues, Urinary disorders","Pregnancy, Constipation","Churna (powder), Kwatha (decoction), Vati (tablets)",Bitter,"Dense,Firm,Stable",Hot,Sweet,Carminative,1,0,1,1,1,0,0,0,0,0,0,1,1,0,1,0,0,0,0,0,0,0,0,-3
115,Dhataki,Woodfordia fruticosa,Bitter,Astringent,Sweet,Pitta,Kapha,Madhya Pradesh,"Astringent, Cooling, Anti-inflammatory, Hemostatic","Bleeding disorders, Skin diseases, Digestive issues, Urinary disorders","Pregnancy, Constipation","Churna (powder), Kwatha (decoction), Vati (tablets)",Bitter,Firm,Cold,Sweet,Aphrodisiac,0,1,1,1,0,0,1,0,0,0,0,0,0,1,0,0,1,0,1,1,0,2,-3,-2
116,Madana,Randia dumetorum,Bitter,Astringent,Sweet,Pitta,Kapha,Madhya Pradesh,"Astringent, Cooling, Anti-inflammatory, Purgative","Bleeding disorders, Skin diseases, Digestive issues, Constipation","Pregnancy, Weak digestion","Churna (powder), Kwatha (decoction), Vati (tablets)",Bitter,"Sticky,Soft,Heavy",Cold,Sweet,Rejuvenating,0,1,1,1,0,1,0,0,0,0,0,0,1,0,0,1,0,0,0,0,0,2,-3,0
117,Pushkaramoola,Inula racemosa,Bitter,Pungent,Sweet,Kapha,Vata,Uttarakhand,"Expectorant, Anti-inflammatory, Cardiotonic, Anti-asthmatic","Respiratory disorders, Asthma, Heart disease, Cough","Pregnancy, Bleeding disorders","Churna (powder), Kwatha (decoction), Vati (tablets)",Bitter,"Hot,Mobile",Hot,Sweet,Demulcent,1,0,1,1,0,0,1,0,0,0,1,1,0,0,0,1,1,0,1,0,0,1,1,-3
118,Bala,Sida cordifolia,Sweet,Cool,Sweet,Vata,Kapha,Uttar Pradesh,"Muscle strengthener, Anti-inflammatory, Rejuvenative, Demulcent","Muscle weakness, Arthritis, General debility, Skin diseases","Pregnancy, Obesity","Churna (powder), Kwatha (decoction), Vati (tablets), Ghrita (ghee)",Sweet,Light,Cold,Sweet,Carminative,1,0,1,1,0,0,1,0,0,0,0,0,0,0,1,0,0,1,0,0,1,-2,-2,1
119,Atibala,Abutilon indicum,Sweet,Cool,Sweet,Vata,Kapha,Uttar Pradesh,"Muscle strengthener, Anti-inflammatory, Rejuvenative, Demulcent","Muscle weakness, Arthritis, General debility, Skin diseases","Pregnancy, Obesity","Churna (powder), Kwatha (decoction), Vati (tablets), Ghrita (ghee)",Sweet,"Stable,Sticky",Cold,Sweet,Galactagogue,1,0,1,1,1,0,1,0,0,1,1,1,1,0,1,0,1,0,0,0,0,-3,-2,2
120,Sida,Sida rhombifolia,Sweet,Cool,Sweet,Vata,Kapha,Uttar Pradesh,"Muscle strengthener, Anti-inflammatory, Rejuvenative, Demulcent","Muscle weakness, Arthritis, General debility, Skin diseases","Pregnancy, Obesity","Churna (powder), Kwatha (decoction), Vati (tablets), Ghrita (ghee)",Sweet,Cold,Cold,Sweet,Rejuvenating,1,0,1,1,0,0,1,1,1,0,1,0,0,0,0,1,0,0,0,0,0,-2,-2,1
121,Kantakari,Solanum xanthocarpum,Bitter,Pungent,Sweet,Kapha,Vata,Bihar,"Expectorant, Anti-inflammatory, Analgesic, Anti-asthmatic","Respiratory disorders, Asthma, Cough, Throat diseases","Pregnancy, Bleeding disorders","Churna (powder), Kwatha (decoction), Vati (tablets), Swarasa (juice)",Bitter,"Hot,Cloudy",Cold,Sweet,Detoxifying,1,0,1,1,1,1,0,0,1,1,0,0,1,1,0,1,0,0,0,1,0,0,-1,-2
122,Kashmarya,Gmelina arborea,Bitter,Sweet,Sweet,Vata,Pitta,Madhya Pradesh,"Cooling, Rejuvenative, Anti-inflammatory, Hepatoprotective","Fever, Liver disorders, Digestive issues, Skin diseases","Pregnancy, Weak digestion","Churna (powder), Kwatha (decoction), Vati (tablets)",Bitter,"Cold,Rough,Subtle",Cold,Sweet,Aphrodisiac,1,1,0,1,1,0,0,0,1,0,1,1,1,0,1,0,0,1,0,0,0,2,-3,0
123,Patala,Stereospermum suaveolens,Bitter,Cool,Sweet,Vata,Pitta,Madhya Pradesh,"Cooling, Anti-inflammatory, Hepatoprotective, Diuretic","Fever, Liver disorders, Skin diseases, Urinary disorders","Pregnancy, Weak digestion","Churna (powder), Kwatha (decoction), Vati (tablets)",Bitter,"Rough,Sticky",Cold,Sweet,Rejuvenating,1,1,0,1,1,0,0,0,1,0,0,1,0,0,0,0,0,0,0,0,0,0,-3,1
124,Gambhari,Gmelina arborea,Bitter,Sweet,Sweet,Vata,Pitta,Madhya Pradesh,"Cooling, Rejuvenative, Anti-inflammatory, Hepatoprotective","Fever, Liver disorders, Digestive issues, Skin diseases","Pregnancy, Weak digestion","Churna (powder), Kwatha (decoction), Vati (tablets)",Bitter,"Light,Soft,Dense",Cold,Sweet,Analgesic,1,1,0,1,1,0,0,1,1,0,0,0,0,1,0,1,0,0,0,0,1,1,-3,1
125,Shyonaka,Oroxylum indicum,Bitter,Cool,Sweet,Vata,Pitta,Madhya Pradesh,"Cooling, Anti-inflammatory, Hepatoprotective, Diuretic","Fever, Liver disorders, Skin diseases, Urinary disorders","Pregnancy, Weak digestion","Churna (powder), Kwatha (decoction), Vati (tablets)",Bitter,Heavy,Cold,Sweet,Rejuvenating,1,1,0,1,1,0,0,1,1,0,0,0,0,1,0,0,1,0,1,0,0,0,-3,1
126,Priyangu,Calamus macrocephalus,Sweet,Cool,Sweet,Vata,Pitta,Uttarakhand,"Nootropic, Rejuvenative, Cooling, Digestive","Memory enhancement, Digestive disorders, Fever, Skin diseases","Pregnancy, Obesity","Churna (powder), Kwatha (decoction), Vati (tablets), Ghrita (ghee)",Sweet,Stable,Cold,Sweet,Diaphoretic,1,1,0,0,1,0,0,1,1,0,0,1,0,0,1,1,0,0,0,0,0,-3,-3,3
127,Jeevanti,Leptadenia reticulata,Sweet,Cool,Sweet,Vata,Pitta,Himachal Pradesh,"Rejuvenative, Anti-inflammatory, Cooling, Lactogogue","General debility, Lactation, Fever, Skin diseases","Pregnancy, Obesity","Churna (powder), Kwatha (decoction), Vati (tablets), Ghrita (ghee)",Sweet,Sticky,Cold,Sweet,Nervine tonic,1,1,0,1,1,1,0,1,1,1,0,1,1,0,1,0,0,0,1,0,0,-3,-3,3
128,Madhuka,Madhuca longifolia,Sweet,Cool,Sweet,Vata,Kapha,Madhya Pradesh,"Rejuvenative, Anti-inflammatory, Cooling, Lactogogue","General debility, Lactation, Skin diseases, Digestive issues","Pregnancy, Obesity","Churna (powder), Kwatha (decoction), Vati (tablets), Ghrita (ghee)",Sweet,"Subtle,Stable",Cold,Sweet,Rejuvenative,1,0,1,1,0,0,1,0,0,0,0,0,0,1,1,0,1,0,1,0,0,-2,-2,1
129,Madhuka,Madhuca indica,Sweet,Cool,Sweet,Vata,Kapha,Madhya Pradesh,"Rejuvenative, Anti-inflammatory, Cooling, Lactogogue","General debility, Lactation, Skin diseases, Digestive issues","Pregnancy, Obesity","Churna (powder), Kwatha (decoction), Vati (tablets), Ghrita (ghee)",Sweet,"Clear,Sticky,Cloudy",Cold,Sweet,Galactagogue,1,0,1,1,0,0,0,0,1,0,1,1,0,0,1,1,0,0,0,0,0,-3,-2,2
130,Katuka,Picrorhiza kurroa,Bitter,Cool,Sweet,Pitta,Kapha,Himachal Pradesh,"Hepatoprotective, Anti-inflammatory, Immunomodulatory, Bitter tonic","Liver disorders, Digestive issues, Fever, Skin diseases","Pregnancy, Weak digestion","Churna (powder), Kwatha (decoction), Vati (tablets), Ghrita (ghee)",Bitter,"Stable,Subtle,Mobile",Cold,Sweet,Analgesic,0,1,1,1,0,1,0,0,1,1,0,1,0,0,0,0,0,0,0,1,1,3,-3,-2
131,Kutaja,Holarrhena antidysenterica,Bitter,Cool,Astringent,Vata,Pitta,Uttar Pradesh,"Anti-dysenteric, Anti-diarrheal, Anti-inflammatory, Hemostatic","Dysentery, Diarrhea, Bleeding disorders, Skin diseases","Pregnancy, Constipation","Churna (powder), Kwatha (decoction), Vati (tablets)",Bitter,"Cloudy,Liquid,Dense",Cold,Astringent,Aphrodisiac,1,1,0,1,0,1,0,0,1,1,0,0,1,1,1,0,0,1,0,0,0,0,-3,1
132,Bakuchi,Psoralea corylifolia,Bitter,Pungent,Sweet,Kapha,Vata,Madhya Pradesh,"Anti-inflammatory, Anti-microbial, Hepatoprotective, Digestive","Skin diseases, Digestive disorders, Liver disorders, Parasitic infections","Pregnancy, Bleeding disorders","Churna (powder), Kwatha (decoction), Vati (tablets), Taila (oil)",Bitter,"Rough,Dry,Cloudy",Cold,Sweet,Diaphoretic,1,0,1,1,1,0,0,1,1,0,1,1,1,0,0,0,0,0,0,0,0,1,-1,-2
133,Haridra,Curcuma longa,Pungent,Bitter,Sweet,Kapha,Pitta,West Bengal,"Anti-inflammatory, Antioxidant, Hepatoprotective, Wound healing","Arthritis, Digestive disorders, Skin conditions, Liver disorders","Gallstones, Pregnancy","Churna (powder), Kwatha (decoction), Vati (tablets), Ghrita (ghee), Taila (oil)",Pungent,"Dense,Bland",Cold,Sweet,Rejuvenative,0,1,1,1,0,1,1,1,1,1,0,0,1,1,0,0,1,0,1,0,0,0,-1,-2
134,Daru haridra,Berberis aristata,Bitter,Cool,Astringent,Pitta,Kapha,Himachal Pradesh,"Anti-inflammatory, Antimicrobial, Hepatoprotective, Antipyretic","Skin diseases, Liver disorders, Digestive issues, Fever","Pregnancy, Weak digestion","Churna (powder), Kwatha (decoction), Vati (tablets), Ghrita (ghee)",Bitter,"Mobile,Soft,Subtle",Cold,Astringent,Diaphoretic,0,1,1,1,0,0,1,0,1,0,1,0,0,0,0,1,0,0,0,0,0,3,-3,-2
135,Chitraka,Plumbago zeylanica,Pungent,Hot,Sweet,Kapha,Vata,Rajasthan,"Digestive stimulant, Carminative, Anti-inflammatory, Anthelmintic","Digestive disorders, Abdominal pain, Parasitic infections","Pregnancy, Ulcers","Churna (powder), Kwatha (decoction), Vati (tablets)",Pungent,Firm,Hot,Sweet,Nervine tonic,1,0,1,1,1,1,0,0,0,0,0,0,1,0,0,1,0,1,0,0,1,-2,3,-3
136,Shatavari,Asparagus racemosus,Sweet,Bitter,Sweet,Pitta,Vata,Karnataka,"Galactagogue, Adaptogenic, Anti-ulcer, Immunomodulatory","Female reproductive health, Menopause, Lactation, Ulcers","Cough, Kapha excess","Churna (powder), Kwatha (decoction), Vati (tablets), Ghrita (ghee), Milk decoction",Sweet,Subtle,Cold,Sweet,Aphrodisiac,1,1,0,1,1,0,0,1,0,1,1,0,0,0,0,0,1,0,1,0,0,-2,-3,3
137,Gokshura,Tribulus terrestris,Sweet,Astringent,Sweet,Vata,Kapha,Rajasthan,"Diuretic, Aphrodisiac, Cooling, Anti-lithic","Urinary disorders, Kidney stones, Male infertility","Pregnancy, Pitta excess","Churna (powder), Kwatha (decoction), Vati (tablets)",Sweet,"Mobile,Smooth,Heavy",Hot,Sweet,Diaphoretic,1,0,1,1,0,0,0,0,0,1,0,1,0,0,0,0,0,0,0,0,0,-2,0,0
138,Mustak,Cyperus rotundus,Bitter,Astringent,Sweet,Kapha,Vata,Bihar,"Carminative, Digestive stimulant, Anti-inflammatory, Anti-spasmodic","Digestive disorders, Diarrhea, Menstrual disorders","Pregnancy, Excess Vata","Churna (powder), Kwatha (decoction), Vati (tablets)",Bitter,Dry,Cold,Sweet,Rejuvenating,1,0,1,1,0,1,0,1,0,1,0,0,0,0,0,1,0,0,0,0,0,1,-2,-2
139,Haritaki,Terminalia chebula,Astringent,Sweet,Sweet,Vata,Kapha,Madhya Pradesh,"Laxative, Rejuvenative, Alterative, Anti-inflammatory","Constipation, Digestive disorders, Skin diseases","Pregnancy, Diarrhea","Churna (powder), Kwatha (decoction), Vati (tablets)",Astringent,"Heavy,Light,Cold",Cold,Sweet,Detoxifying,1,0,1,1,1,0,0,0,0,1,0,0,0,0,0,1,1,0,0,1,1,2,-2,-1
140,Bibhitaki,Terminalia bellirica,Astringent,Sweet,Sweet,Kapha,Vata,Madhya Pradesh,"Astringent, Alterative, Anti-inflammatory, Hepatoprotective","Eye diseases, Respiratory disorders, Digestive issues","Pregnancy, Constipation","Churna (powder), Kwatha (decoction), Vati (tablets)",Astringent,"Dry,Rough,Mobile",Cold,Sweet,Carminative,1,0,1,1,0,0,0,0,1,0,1,0,0,0,0,0,0,0,0,0,1,2,-1,-2
141,Amla,Phyllanthus emblica,Sour,Sweet,Sweet,Pitta,All,Uttarakhand,"Rich in Vitamin C, Antioxidant, Immunomodulatory, Hepatoprotective","Immunity, Hair care, Digestion, Anti-aging","Diarrhea, Hyperacidity","Churna (powder), Kwatha (decoction), Avaleha (jam), Vati (tablets), Ghrita (ghee)",Sour,"Hot,Clear",Cold,Sweet,Detoxifying,0,1,0,1,0,0,1,1,1,0,0,0,0,1,0,0,1,0,0,1,0,1,-1,2
142,Yashtimadhu,Glycyrrhiza glabra,Sweet,Sweet,Sweet,Vata,Pitta,Mediterranean,"Demulcent, Anti-inflammatory, Expectorant, Anti-ulcer","Respiratory disorders, Digestive ulcers, Skin diseases","Hypertension, Pregnancy","Churna (powder), Kwatha (decoction), Vati (tablets), Ghrita (ghee), Milk decoction",Sweet,"Light,Oily",Cold,Sweet,Diaphoretic,1,1,0,1,1,1,0,1,0,0,0,0,1,0,0,0,0,1,0,0,0,-2,-3,3
143,Pippali,Piper longum,Pungent,Hot,Sweet,Kapha,Vata,Bihar,"Carminative, Digestive stimulant, Rejuvenative, Anti-inflammatory","Digestive disorders, Respiratory issues, Male infertility","Bleeding disorders, Pitta excess","Churna (powder), Vati (tablets), Kwatha (decoction), Avaleha (jam)",Pungent,"Sticky,Hot",Hot,Sweet,Analgesic,1,0,1,1,0,1,1,0,0,0,0,1,0,0,1,0,0,0,1,0,0,-2,3,-3
144,Maricha,Piper nigrum,Pungent,Hot,Sweet,Kapha,Vata,India,"Carminative, Digestive stimulant, Anti-inflammatory, Anthelmintic","Digestive disorders, Respiratory issues, Parasitic infections","Bleeding disorders, Pitta excess","Churna (powder), Vati (tablets), Kwatha (decoction)",Pungent,"Sharp,Hot,Sticky",Hot,Sweet,Nervine tonic,1,0,1,1,1,1,0,0,0,0,0,0,0,0,0,0,1,1,1,0,0,-2,3,-3
145,Sunth,Zingiber officinale,Pungent,Sweet,Sweet,Kapha,Vata,Asia,"Carminative, Anti-emetic, Circulatory stimulant, Anti-inflammatory","Digestion, Nausea, Cold, Arthritis","Bleeding disorders, Pitta excess","Churna (powder), Kwatha (decoction), Vati (tablets)",Pungent,"Liquid,Heavy",Hot,Sweet,Demulcent,1,0,1,1,0,1,0,1,0,0,0,0,0,0,0,1,0,0,0,0,0,-2,3,-3
146,Bala,Sida cordifolia,Sweet,Cool,Sweet,Vata,Kapha,Uttar Pradesh,"Muscle strengthener, Anti-inflammatory, Rejuvenative, Demulcent","Muscle weakness, Arthritis, General debility, Skin diseases","Pregnancy, Obesity","Churna (powder), Kwatha (decoction), Vati (tablets), Ghrita (ghee)",Sweet,Light,Cold,Sweet,Galactagogue,1,0,1,1,0,0,0,1,0,1,1,0,1,0,0,0,0,1,0,1,1,-2,-2,1
147,Atibala,Abutilon indicum,Sweet,Cool,Sweet,Vata,Kapha,Uttar Pradesh,"Muscle strengthener, Anti-inflammatory, Rejuvenative, Demulcent","Muscle weakness, Arthritis, General debility, Skin diseases","Pregnancy, Obesity","Churna (powder), Kwatha (decoction), Vati (tablets), Ghrita (ghee)",Sweet,"Bland,Firm,Sticky",Cold,Sweet,Carminative,1,0,1,1,0,1,0,1,0,1,1,0,0,0,0,0,0,0,1,0,1,-3,-2,2
148,Shankhapushpi,Convolvulus pluricaulis,Sweet,Astringent,Sweet,Vata,Pitta,Uttar Pradesh,"Nootropic, Anxiolytic, Anti-epileptic, Cardiotonic","Memory enhancement, Anxiety, Insomnia, Heart disease","Pregnancy, Bradycardia","Churna (powder), Kwatha (decoction), Vati (tablets), Ghrita (ghee)",Sweet,Liquid,Cold,Sweet,Diaphoretic,1,1,0,1,0,0,0,0,0,1,0,1,0,0,0,0,0,0,0,0,0,-3,-3,3
149,Jatamansi,Nardostachys jatamansi,Bitter,Sweet,Astringent,Vata,Kapha,Uttarakhand,"Sedative, Anxiolytic, Anti-epileptic, Cardiotonic","Insomnia, Anxiety, Epilepsy, Heart palpitations","Pregnancy, Depression","Churna (powder), Kwatha (decoction), Vati (tablets), Ghrita (ghee), Taila (oil)",Bitter,"Dense,Liquid,Mobile",Hot,Astringent,Carminative,1,0,1,1,0,1,0,1,1,1,1,0,0,1,0,0,1,0,0,0,1,1,0,-3
150,Bhringraj,Eclipta alba,Bitter,Pungent,Sweet,Kapha,Pitta,Assam,"Hair tonic, Hepatoprotective, Anti-inflammatory, Antimicrobial","Hair loss, Liver disorders, Skin diseases","Pregnancy, Diarrhea","Churna (powder), Kwatha (decoction), Taila (oil), Vati (tablets), Swarasa (juice)",Bitter,Liquid,Cold,Sweet,Analgesic,0,1,1,1,0,1,1,0,1,1,0,1,1,0,0,1,0,0,1,0,0,2,-3,-2
151,Aragwadha,Cassia fistula,Sweet,Sweet,Sweet,Kapha,Vata,Telangana,"Laxative, Anti-inflammatory, Antimicrobial, Hepatoprotective","Constipation, Skin diseases, Liver disorders, Fever","Pregnancy, Diarrhea","Churna (powder), Kwatha (decoction), Vati (tablets), Avaleha (jam)",Sweet,"Subtle,Smooth",Hot,Sweet,Carminative,1,0,1,1,1,1,1,1,1,1,1,0,0,0,0,0,0,0,0,0,1,-2,0,-1
152,Haritaki,Terminalia chebula,Astringent,Sweet,Sweet,Vata,Kapha,Madhya Pradesh,"Laxative, Rejuvenative, Alterative, Anti-inflammatory","Constipation, Digestive disorders, Skin diseases","Pregnancy, Diarrhea","Churna (powder), Kwatha (decoction), Vati (tablets)",Astringent,"Firm,Clear,Mobile",Cold,Sweet,Nervine tonic,1,0,1,1,1,0,0,1,0,0,1,0,0,1,0,0,0,0,0,0,1,1,-2,-2
153,Bibhitaki,Terminalia bellirica,Astringent,Sweet,Sweet,Kapha,Vata,Madhya Pradesh,"Astringent, Alterative, Anti-inflammatory, Hepatoprotective","Eye diseases, Respiratory disorders, Digestive issues","Pregnancy, Constipation","Churna (powder), Kwatha (decoction), Vati (tablets)",Astringent,Hot,Hot,Sweet,Rejuvenative,1,0,1,1,0,0,0,0,1,1,0,1,0,0,0,0,0,0,0,0,0,0,1,-3
154,Amalaki,Phyllanthus emblica,Sour,Sweet,Sweet,Pitta,All,Uttarakhand,"Rich in Vitamin C, Antioxidant, Immunomodulatory, Hepatoprotective","Immunity, Hair care, Digestion, Anti-aging","Diarrhea, Hyperacidity","Churna (powder), Kwatha (decoction), Avaleha (jam), Vati (tablets), Ghrita (ghee)",Sour,"Smooth,Firm",Hot,Sweet,Galactagogue,0,1,0,1,1,1,0,1,1,1,1,0,0,1,0,1,0,0,1,1,0,1,0,0
155,Yashtimadhu,Glycyrrhiza glabra,Sweet,Sweet,Sweet,Vata,Pitta,Mediterranean,"Demulcent, Anti-inflammatory, Expectorant, Anti-ulcer","Respiratory disorders, Digestive ulcers, Skin diseases","Hypertension, Pregnancy","Churna (powder), Kwatha (decoction), Vati (tablets), Ghrita (ghee), Milk decoction",Sweet,"Dense,Bland",Cold,Sweet,Diaphoretic,1,1,0,1,0,0,0,0,0,1,1,0,0,0,1,1,0,1,1,0,0,-3,-3,3
156,Pippali,Piper longum,Pungent,Hot,Sweet,Kapha,Vata,Bihar,"Carminative, Digestive stimulant, Rejuvenative, Anti-inflammatory","Digestive disorders, Respiratory issues, Male infertility","Bleeding disorders, Pitta excess","Churna (powder), Vati (tablets), Kwatha (decoction), Avaleha (jam)",Pungent,"Soft,Dense",Hot,Sweet,Analgesic,1,0,1,1,0,1,1,1,0,0,1,1,0,1,0,0,0,1,0,1,0,-2,3,-3
157,Maricha,Piper nigrum,Pungent,Hot,Sweet,Kapha,Vata,India,"Carminative, Digestive stimulant, Anti-inflammatory, Anthelmintic","Digestive disorders, Respiratory issues, Parasitic infections","Bleeding disorders, Pitta excess","Churna (powder), Vati (tablets), Kwatha (decoction)",Pungent,"Firm,Heavy",Hot,Sweet,Detoxifying,1,0,1,1,0,1,1,0,0,1,1,0,1,0,0,0,0,0,0,0,1,-2,3,-3
158,Shunthi,Zingiber officinale,Pungent,Sweet,Sweet,Kapha,Vata,Asia,"Carminative, Anti-emetic, Circulatory stimulant, Anti-inflammatory","Digestion, Nausea, Cold, Arthritis","Bleeding disorders, Pitta excess","Churna (powder), Kwatha (decoction), Vati (tablets)",Pungent,Sharp,Cold,Sweet,Diaphoretic,1,0,1,1,0,1,0,0,1,1,0,0,0,1,0,0,0,1,1,0,0,-2,2,-3
159,Chavya,Piper chaba,Pungent,Hot,Sweet,Kapha,Vata,West Bengal,"Carminative, Digestive stimulant, Anti-inflammatory, Anthelmintic","Digestive disorders, Respiratory issues, Parasitic infections","Bleeding disorders, Pitta excess","Churna (powder), Kwatha (decoction), Vati (tablets)",Pungent,Cloudy,Hot,Sweet,Analgesic,1,0,1,1,0,1,1,0,0,1,0,0,1,0,0,0,0,0,0,0,1,-2,3,-3
160,Chitraka,Plumbago zeylanica,Pungent,Hot,Sweet,Kapha,Vata,Rajasthan,"Digestive stimulant, Carminative, Anti-inflammatory, Anthelmintic","Digestive disorders, Abdominal pain, Parasitic infections","Pregnancy, Ulcers","Churna (powder), Kwatha (decoction), Vati (tablets)",Pungent,"Cold,Smooth,Bland",Hot,Sweet,Rejuvenative,1,0,1,1,0,1,0,1,1,1,0,0,0,1,0,0,0,0,0,1,1,-1,3,-3
161,Punarnava,Boerhavia diffusa,Bitter,Astringent,Sweet,Vata,Kapha,Uttar Pradesh,"Diuretic, Anti-inflammatory, Cardiotonic, Hepatoprotective","Edema, Heart disease, Liver disorders, Urinary issues","Pregnancy, Dehydration","Churna (powder), Kwatha (decoction), Vati (tablets), Ghrita (ghee)",Bitter,"Firm,Oily,Heavy",Hot,Sweet,Diaphoretic,1,0,1,1,0,0,0,1,1,0,0,0,1,0,0,0,0,0,0,1,0,0,0,-2
162,Mustak,Cyperus rotundus,Bitter,Astringent,Sweet,Kapha,Vata,Bihar,"Carminative, Digestive stimulant, Anti-inflammatory, Anti-spasmodic","Digestive disorders, Diarrhea, Menstrual disorders","Pregnancy, Excess Vata","Churna (powder), Kwatha (decoction), Vati (tablets)",Bitter,Bland,Cold,Sweet,Rejuvenative,1,0,1,1,0,1,0,1,1,0,1,0,1,0,1,0,1,1,0,0,0,0,-2,-2
163,Gokshura,Tribulus terrestris,Sweet,Astringent,Sweet,Vata,Kapha,Rajasthan,"Diuretic, Aphrodisiac, Cooling, Anti-lithic","Urinary disorders, Kidney stones, Male infertility","Pregnancy, Pitta excess","Churna (powder), Kwatha (decoction), Vati (tablets)",Sweet,"Sticky,Liquid,Mobile",Hot,Sweet,Aphrodisiac,1,0,1,1,1,1,0,0,1,1,0,1,0,0,0,0,0,0,0,0,0,-2,0,0
164,Kakamachi,Solanum nigrum,Bitter,Cool,Sweet,Pitta,Kapha,Madhya Pradesh,"Anti-inflammatory, Analgesic, Anti-arthritic, Hepatoprotective","Arthritis, Liver disorders, Skin diseases, Fever","Pregnancy, Weak digestion","Churna (powder), Kwatha (decoction), Vati (tablets)",Bitter,"Hot,Heavy,Light",Cold,Sweet,Aphrodisiac,0,1,1,1,1,0,1,0,1,0,0,1,0,1,0,0,0,0,0,0,1,3,-3,-1
165,Karavira,Nerium indicum,Bitter,Pungent,Pungent,Kapha,Vata,Rajasthan,"Anti-inflammatory, Analgesic, Anti-arthritic, Digestive stimulant","Arthritis, Digestive disorders, Skin diseases, Joint pain","Pregnancy, Ulcers","Churna (powder), Kwatha (decoction), Vati (tablets), Taila (oil)",Bitter,"Soft,Smooth,Hot",Cold,Pungent,Galactagogue,1,0,1,1,1,0,0,1,0,0,0,0,0,1,1,1,0,0,1,0,0,0,-1,-2
166,Arka,Calotropis procera,Bitter,Pungent,Pungent,Kapha,Vata,Rajasthan,"Anti-inflammatory, Analgesic, Anti-arthritic, Expectorant","Arthritis, Skin diseases, Respiratory disorders, Joint pain","Pregnancy, Bleeding disorders","Churna (powder), Kwatha (decoction), Vati (tablets), Taila (oil)",Bitter,"Bland,Sharp",Cold,Pungent,Demulcent,1,0,1,1,1,0,1,1,0,0,0,0,1,0,0,1,1,1,0,0,0,0,-1,-2
167,Ashwattha,Ficus religiosa,Bitter,Astringent,Sweet,Vata,Kapha,Karnataka,"Astringent, Cooling, Anti-inflammatory, Hemostatic","Bleeding disorders, Skin diseases, Digestive issues, Urinary disorders","Pregnancy, Constipation","Churna (powder), Kwatha (decoction), Vati (tablets)",Bitter,"Cold,Firm",Cold,Sweet,Carminative,1,0,1,1,1,0,1,1,1,0,1,0,1,0,0,0,1,0,0,0,0,1,-2,-2
168,Palasha,Butea monosperma,Bitter,Astringent,Sweet,Kapha,Vata,Madhya Pradesh,"Anti-inflammatory, Hemostatic, Anti-diabetic, Hepatoprotective","Bleeding disorders, Diabetes, Skin diseases, Liver disorders","Pregnancy, Constipation","Churna (powder), Kwatha (decoction), Vati (tablets), Ghrita (ghee)",Bitter,Firm,Cold,Sweet,Rejuvenating,1,0,1,1,1,0,1,1,1,0,0,1,0,0,1,0,1,0,0,0,0,0,-2,-2
169,Shyonaka,Oroxylum indicum,Bitter,Cool,Sweet,Vata,Pitta,Madhya Pradesh,"Cooling, Anti-inflammatory, Hepatoprotective, Diuretic","Fever, Liver disorders, Skin diseases, Urinary disorders","Pregnancy, Weak digestion","Churna (powder), Kwatha (decoction), Vati (tablets)",Bitter,Clear,Cold,Sweet,Aphrodisiac,1,1,0,1,0,1,0,1,1,1,1,0,0,1,0,0,0,0,0,0,0,0,-3,0
170,Patala,Stereospermum suaveolens,Bitter,Cool,Sweet,Vata,Pitta,Madhya Pradesh,"Cooling, Anti-inflammatory, Hepatoprotective, Diuretic","Fever, Liver disorders, Skin diseases, Urinary disorders","Pregnancy, Weak digestion","Churna (powder), Kwatha (decoction), Vati (tablets)",Bitter,Sticky,Cold,Sweet,Carminative,1,1,0,1,0,1,0,0,1,0,0,1,0,1,0,0,0,0,0,1,1,0,-3,1
171,Khadira,Acacia catechu,Bitter,Astringent,Sweet,Pitta,Kapha,Rajasthan,"Astringent, Anti-inflammatory, Antimicrobial, Cooling","Skin diseases, Bleeding disorders, Digestive issues, Mouth diseases","Pregnancy, Constipation","Churna (powder), Kwatha (decoction), Vati (tablets), Kashaya (decoction)",Bitter,"Dense,Cold",Cold,Sweet,Diaphoretic,0,1,1,1,1,0,1,0,0,0,0,1,0,0,0,0,0,0,0,0,0,3,-3,-1
172,Apamarga,Achyranthes aspera,Bitter,Astringent,Sweet,Vata,Pitta,Uttar Pradesh,"Diuretic, Anti-inflammatory, Anti-lithic, Hemostatic","Urinary disorders, Kidney stones, Bleeding disorders, Skin diseases","Pregnancy, Dehydration","Churna (powder), Kwatha (decoction), Vati (tablets)",Bitter,"Dense,Clear",Cold,Sweet,Galactagogue,1,1,0,1,0,0,0,0,1,0,1,1,0,0,1,0,0,1,0,1,0,0,-3,1
173,Shatavari,Asparagus racemosus,Sweet,Bitter,Sweet,Pitta,Vata,Karnataka,"Galactagogue, Adaptogenic, Anti-ulcer, Immunomodulatory","Female reproductive health, Menopause, Lactation, Ulcers","Cough, Kapha excess","Churna (powder), Kwatha (decoction), Vati (tablets), Ghrita (ghee), Milk decoction",Sweet,"Firm,Cold",Cold,Sweet,Nervine tonic,1,1,0,1,0,0,1,1,1,0,1,0,0,0,0,1,0,1,0,0,0,-2,-3,3
174,Guduchi,Tinospora cordifolia,Bitter,Sweet,Sweet,All,All,India,"Immunomodulatory, Anti-inflammatory, Antipyretic, Rejuvenative","Fever, Immunity, Digestive disorders, Skin diseases","Pregnancy, Autoimmune conditions","Churna (powder), Kwatha (decoction), Vati (tablets), Ghrita (ghee), Avaleha (jam)",Bitter,"Oily,Heavy,Stable",Cold,Sweet,Detoxifying,1,1,1,1,0,0,0,0,1,0,1,0,0,0,0,1,1,1,1,0,0,0,-3,0
175,Amruta,Gymnema sylvestre,Bitter,Cool,Sweet,Pitta,Kapha,Karnataka,"Anti-diabetic, Anti-inflammatory, Hepatoprotective, Digestive","Diabetes, Liver disorders, Digestive issues, Skin diseases","Pregnancy, Weak digestion","Churna (powder), Kwatha (decoction), Vati (tablets), Swarasa (juice)",Bitter,Cold,Cold,Sweet,Carminative,0,1,1,1,0,0,1,1,1,0,0,0,1,0,0,0,1,1,0,0,0,3,-3,-2
176,Manjistha,Rubia cordifolia,Bitter,Sweet,Sweet,Pitta,Kapha,Himachal Pradesh,"Blood purifier, Anti-inflammatory, Antimicrobial, Cooling","Skin diseases, Blood disorders, Urinary issues","Pregnancy, Low blood pressure","Churna (powder), Kwatha (decoction), Vati (tablets), Ghrita (ghee)",Bitter,Hot,Hot,Sweet,Nervine tonic,0,1,1,1,1,1,1,0,0,0,1,0,0,0,0,1,0,0,1,0,0,2,-1,-3
177,Kushta,Saussurea lappa,Bitter,Pungent,Sweet,Kapha,Vata,Himachal Pradesh,"Carminative, Digestive stimulant, Anti-inflammatory, Anti-spasmodic","Digestive disorders, Respiratory issues, Skin diseases","Pregnancy, Bleeding disorders","Churna (powder), Kwatha (decoction), Vati (tablets)",Bitter,"Cold,Dry",Cold,Sweet,Galactagogue,1,0,1,1,0,1,0,0,1,0,1,0,0,0,0,1,0,0,0,0,0,2,-2,-2
178,Kutki,Picrorhiza kurroa,Bitter,Cool,Sweet,Pitta,Kapha,Himachal Pradesh,"Hepatoprotective, Anti-inflammatory, Immunomodulatory, Bitter tonic","Liver disorders, Digestive issues, Fever, Skin diseases","Pregnancy, Weak digestion","Churna (powder), Kwatha (decoction), Vati (tablets), Ghrita (ghee)",Bitter,Firm,Cold,Sweet,Carminative,0,1,1,1,0,0,0,0,1,0,0,1,1,1,0,0,0,1,0,0,0,2,-3,-2
179,Daru haridra,Berberis aristata,Bitter,Cool,Astringent,Pitta,Kapha,Himachal Pradesh,"Anti-inflammatory, Antimicrobial, Hepatoprotective, Antipyretic","Skin diseases, Liver disorders, Digestive issues, Fever","Pregnancy, Weak digestion","Churna (powder), Kwatha (decoction), Vati (tablets), Ghrita (ghee)",Bitter,"Sharp,Soft,Dry",Cold,Astringent,Nervine tonic,0,1,1,1,0,1,1,0,1,1,1,1,0,1,0,0,1,0,0,0,1,3,-3,-2
180,Indrayava,Holarrhena antidysenterica,Bitter,Cool,Astringent,Vata,Pitta,Uttar Pradesh,"Anti-dysenteric, Anti-diarrheal, Anti-inflammatory, Hemostatic","Dysentery, Diarrhea, Bleeding disorders, Skin diseases","Pregnancy, Constipation","Churna (powder), Kwatha (decoction), Vati (tablets)",Bitter,"Smooth,Oily",Cold,Astringent,Aphrodisiac,1,1,0,1,1,0,0,0,0,0,0,1,0,0,0,0,0,0,0,0,0,0,-3,1
181,Kutaja,Holarrhena antidysenterica,Bitter,Cool,Astringent,Vata,Pitta,Uttar Pradesh,"Anti-dysenteric, Anti-diarrheal, Anti-inflammatory, Hemostatic","Dysentery, Diarrhea, Bleeding disorders, Skin diseases","Pregnancy, Constipation","Churna (powder), Kwatha (decoction), Vati (tablets)",Bitter,Hot,Cold,Astringent,Analgesic,1,1,0,1,1,0,0,0,1,0,1,0,0,1,1,0,1,0,0,1,0,0,-3,0
182,Bilva,Aegle marmelos,Bitter,Astringent,Sweet,Vata,Kapha,Madhya Pradesh,"Astringent, Digestive stimulant, Anti-diabetic, Anti-inflammatory","Digestive disorders, Diabetes, Dysentery, Skin diseases","Pregnancy, Constipation","Churna (powder), Kwatha (decoction), Vati (tablets), Ghrita (ghee)",Bitter,"Bland,Liquid,Clear",Hot,Sweet,Detoxifying,1,0,1,1,0,1,1,1,0,0,0,0,0,0,0,0,0,0,0,0,1,0,0,-3
183,Eranda,Ricinus communis,Pungent,Hot,Sweet,Vata,Pitta,Maharashtra,"Laxative, Anti-inflammatory, Analgesic, Anti-arthritic","Constipation, Arthritis, Skin diseases, Joint pain","Pregnancy, Diarrhea","Churna (powder), Taila (oil), Vati (tablets)",Pungent,"Hot,Dense",Hot,Sweet,Carminative,1,1,0,1,1,0,1,1,0,0,1,0,1,0,0,0,0,0,0,0,0,-2,2,-2
184,Nirgundi,Vitex negundo,Bitter,Pungent,Pungent,Vata,Kapha,Madhya Pradesh,"Anti-inflammatory, Analgesic, Anti-arthritic, Expectorant","Arthritis, Joint pain, Respiratory disorders, Skin diseases","Pregnancy, Bleeding disorders","Churna (powder), Kwatha (decoction), Taila (oil), Vati (tablets)",Bitter,Hot,Hot,Pungent,Carminative,1,0,1,1,1,1,0,0,1,0,1,1,0,0,0,0,0,0,1,0,0,0,1,-3
185,Rasna,Pluchea lanceolata,Bitter,Pungent,Sweet,Vata,Kapha,Gujarat,"Anti-inflammatory, Analgesic, Anti-arthritic, Expectorant","Arthritis, Joint pain, Respiratory disorders, Muscle pain","Pregnancy, Bleeding disorders","Churna (powder), Kwatha (decoction), Taila (oil), Vati (tablets)",Bitter,Soft,Hot,Sweet,Nervine tonic,1,0,1,1,1,1,1,0,0,0,0,1,0,1,1,0,1,0,0,0,0,0,0,-3
186,Bhallataka,Semicarpus anacardium,Pungent,Hot,Pungent,Kapha,Vata,Goa,"Anti-inflammatory, Analgesic, Anti-arthritic, Digestive stimulant","Arthritis, Digestive disorders, Skin diseases, Joint pain","Pregnancy, Ulcers","Churna (powder), Vati (tablets), Taila (oil)",Pungent,"Rough,Dry",Hot,Pungent,Rejuvenative,1,0,1,1,1,0,0,0,1,1,1,0,0,0,0,1,0,0,0,1,1,-1,3,-3
187,Shallaki,Boswellia serrata,Bitter,Astringent,Sweet,Vata,Kapha,Gujarat,"Anti-inflammatory, Analgesic, Anti-arthritic, Rejuvenative","Arthritis, Joint pain, Inflammatory disorders, Skin diseases","Pregnancy, Bleeding disorders","Churna (powder), Kwatha (decoction), Vati (tablets), Ghrita (ghee)",Bitter,Mobile,Cold,Sweet,Diaphoretic,1,0,1,1,1,0,0,0,1,0,1,0,0,1,0,1,0,0,0,0,0,1,-2,-2
188,Guggulu,Commiphora mukul,Pungent,Bitter,Astringent,Kapha,Vata,Gujarat,"Anti-inflammatory, Lipid-lowering, Anti-obesity, Anti-arthritic","Obesity, Arthritis, High cholesterol, Skin diseases","Pregnancy, Pitta excess","Vati (tablets), Churna (powder), Kwatha (decoction), Taila (oil)",Pungent,"Sharp,Cloudy,Sticky",Cold,Astringent,Rejuvenating,1,0,1,1,0,0,0,0,0,1,0,0,0,1,0,0,1,0,0,0,0,-2,2,-2
189,Devadaru,Cedrus deodara,Bitter,Astringent,Sweet,Kapha,Vata,Uttarakhand,"Anti-inflammatory, Analgesic, Anti-arthritic, Expectorant","Arthritis, Respiratory disorders, Skin diseases, Joint pain","Pregnancy, Bleeding disorders","Churna (powder), Kwatha (decoction), Taila (oil), Vati (tablets)",Bitter,"Smooth,Cold",Hot,Sweet,Analgesic,1,0,1,1,1,0,0,1,1,0,1,1,0,0,1,0,0,1,0,0,1,1,0,-3
190,Ushira,Vetiveria zizanioides,Sweet,Cool,Sweet,Pitta,Kapha,Tamil Nadu,"Cooling, Diuretic, Anti-inflammatory, Sedative","Fever, Burning sensations, Urinary disorders, Insomnia","Pregnancy, Cold constitution","Churna (powder), Kwatha (decoction), Vati (tablets), Taila (oil)",Sweet,"Light,Cloudy,Smooth",Cold,Sweet,Nervine tonic,0,1,1,1,0,0,0,0,0,1,0,0,0,0,0,1,1,0,1,0,0,0,-3,1
191,Chandana,Santalum album,Bitter,Cool,Sweet,Pitta,Kapha,Karnataka,"Cooling, Anti-inflammatory, Antimicrobial, Diuretic","Fever, Burning sensations, Skin diseases, Urinary disorders","Pregnancy, Cold constitution","Churna (powder), Kwatha (decoction), Taila (oil), Vati (tablets)",Bitter,Bland,Cold,Sweet,Aphrodisiac,0,1,1,1,0,0,1,0,1,0,1,1,0,0,0,0,1,1,0,0,1,2,-3,-2
192,Tagara,Valeriana wallichii,Bitter,Pungent,Pungent,Vata,Kapha,Uttarakhand,"Sedative, Anxiolytic, Anti-spasmodic, Analgesic","Insomnia, Anxiety, Epilepsy, Mental disorders","Pregnancy, Depression","Churna (powder), Kwatha (decoction), Vati (tablets), Ghrita (ghee), Taila (oil)",Bitter,Soft,Cold,Pungent,Detoxifying,1,0,1,1,1,1,1,0,0,1,0,0,1,0,0,1,1,0,0,0,0,0,-2,-2
193,Jatamansi,Nardostachys jatamansi,Bitter,Sweet,Astringent,Vata,Kapha,Uttarakhand,"Sedative, Anxiolytic, Anti-epileptic, Cardiotonic","Insomnia, Anxiety, Epilepsy, Heart palpitations","Pregnancy, Depression","Churna (powder), Kwatha (decoction), Vati (tablets), Ghrita (ghee), Taila (oil)",Bitter,"Mobile,Subtle,Cloudy",Cold,Astringent,Aphrodisiac,1,0,1,1,1,0,0,1,0,1,0,1,0,0,0,0,1,0,0,1,0,2,-2,-2
194,Saunf,Foeniculum vulgare,Sweet,Sweet,Sweet,Vata,Pitta,Rajasthan,"Carminative, Digestive stimulant, Galactagogue, Anti-inflammatory","Digestive disorders, Lactation, Respiratory issues, Skin diseases","Pregnancy, Bleeding disorders","Churna (powder), Kwatha (decoction), Vati (tablets)",Sweet,"Hot,Heavy,Light",Hot,Sweet,Carminative,1,1,0,1,1,1,1,0,0,0,0,1,0,0,0,1,0,0,1,0,0,-2,-1,2
195,Methi,Fenugreek,Bitter,Sweet,Sweet,Kapha,Vata,Rajasthan,"Anti-diabetic, Digestive stimulant, Galactagogue, Anti-inflammatory","Diabetes, Digestive disorders, Lactation, Skin diseases","Pregnancy, Bleeding disorders","Churna (powder), Kwatha (decoction), Vati (tablets), Swarasa (juice)",Bitter,Hot,Cold,Sweet,Galactagogue,1,0,1,1,1,0,1,0,0,1,1,1,1,0,0,0,0,1,0,0,0,0,-1,-2
196,Kalonji,Nigella sativa,Pungent,Hot,Pungent,Kapha,Vata,Uttar Pradesh,"Carminative, Anti-inflammatory, Immunomodulatory, Galactagogue","Respiratory disorders, Digestive issues, Immunity, Lactation","Pregnancy, Bleeding disorders","Churna (powder), Taila (oil), Vati (tablets)",Pungent,"Light,Rough,Clear",Hot,Pungent,Galactagogue,1,0,1,1,0,1,0,0,1,0,1,0,0,0,0,0,0,0,1,0,1,-1,3,-3
197,Hingu,Ferula foetida,Pungent,Hot,Pungent,Kapha,Vata,Uttar Pradesh,"Carminative, Digestive stimulant, Anti-inflammatory, Anthelmintic","Digestive disorders, Flatulence, Respiratory issues, Parasitic infections","Pregnancy, Bleeding disorders","Churna (powder), Vati (tablets)",Pungent,Dry,Hot,Pungent,Rejuvenating,1,0,1,1,1,1,0,0,0,1,0,0,0,0,0,1,0,0,0,0,0,-1,3,-3
198,Lashuna,Allium sativum,Pungent,Hot,Sweet,Kapha,Vata,India,"Anti-inflammatory, Antimicrobial, Cardio-protective, Anthelmintic","Respiratory disorders, Heart disease, Parasitic infections, Skin diseases","Bleeding disorders, Pitta excess","Churna (powder), Kwatha (decoction), Vati (tablets), Swarasa (juice)",Pungent,"Oily,Soft",Hot,Sweet,Analgesic,1,0,1,1,0,1,1,0,0,0,1,0,0,1,0,0,0,0,0,0,0,-2,3,-3
199,Rasona,Allium sativum,Pungent,Hot,Sweet,Kapha,Vata,India,"Anti-inflammatory, Antimicrobial, Cardio-protective, Anthelmintic","Respiratory disorders, Heart disease, Parasitic infections, Skin diseases","Bleeding disorders, Pitta excess","Churna (powder), Kwatha (decoction), Vati (tablets), Swarasa (juice)",Pungent,"Hot,Dense",Hot,Sweet,Nervine tonic,1,0,1,1,0,0,1,0,0,1,0,1,0,0,0,0,0,0,0,0,1,-2,3,-3
200,Ashwagandha,Withania somnifera,Bitter,Sweet,Pungent,Vata,Pitta,Rajasthan,"Adaptogenic, Rejuvenating, Anti-inflammatory, Immunomodulatory","Stress, Anxiety, Insomnia, Fatigue, Cognitive function",Pregnancy,"Churna (powder), Kwatha (decoction), Vati (tablets), Ghrita (ghee), Taila (oil)",Bitter,"Cloudy,Rough,Clear",Cold,Pungent,Nervine tonic,1,1,0,1,1,1,0,0,0,0,1,0,1,0,0,1,1,1,0,0,0,0,-3,0
201,Sariva,Hemidesmus indicus,Bitter,Sweet,Astringent,Pitta,Kapha,Bihar,"Blood purifier, Anti-inflammatory, Antimicrobial, Cooling, Refrigerant","Skin diseases, Blood disorders, Fever, Digestive issues","Pregnancy, Low blood pressure","Churna (powder), Kwatha (decoction), Vati (tablets), Ghrita (ghee)",Bitter,"Oily,Subtle,Sharp",Cold,Astringent,Analgesic,0,1,1,1,1,1,1,0,0,0,0,0,0,1,0,0,0,0,0,0,0,3,-3,-1
202,Kalmegh,Andrographis paniculata,Bitter,,Pungent,Pitta,Kapha,Tamil Nadu,"Immunomodulatory, Anti-inflammatory, Antiviral, Antipyretic, Antibiotic","Fever, Respiratory infections, Liver disorders, Digestive issues","Pregnancy, Cold constitution","Churna (powder), Kwatha (decoction), Vati (tablets), Swarasa (juice)",Bitter,Sticky,Cold,Pungent,Rejuvenative,0,1,1,1,1,0,1,0,0,1,1,0,0,1,0,0,0,0,0,0,1,2,-3,-1
203,Vasa,Adhatoda vasica,Bitter,Pungent,Pungent,Kapha,Vata,Uttar Pradesh,"Anti-tussive, Expectorant, Bronchodilator, Anti-inflammatory, Antimicrobial, Antihemorrhagic, Antioxidant","Cough, Asthma, Bronchitis, Respiratory infections, Throat irritation, Nosebleeds","Pregnancy, Pitta excess","Churna (powder), Kwatha (decoction), Swarasa (juice), Vati (tablets), Ghrita (ghee)",Bitter,"Light,Bland,Firm",Cold,Pungent,Rejuvenating,1,0,1,1,0,0,1,1,0,1,0,1,0,0,1,1,0,0,0,0,1,1,-2,-2
204,Kapikacchu,Mucuna pruriens,Bitter/Sweet,Hot,Sweet,Vata,Kapha,Madhya Pradesh,"Aphrodisiac, Nervine tonic, Anti-Parkinsonian, Antidiabetic, Antioxidant, Adaptogenic","Male infertility, Parkinson's disease, Stress, Diabetes, Sexual dysfunction","Pregnancy, Pitta excess","Churna (powder), Kwatha (decoction), Vati (tablets), Milk decoction",Sweet,"Dense,Sticky,Subtle",Hot,Sweet,Nervine tonic,1,0,1,1,1,0,1,1,1,1,0,0,0,1,0,0,0,0,0,1,0,-2,0,1
205,Rhodiola,Rhodiola rosea,Bitter/Astringent,Warm,Warming,Vata,Kapha,Himachal Pradesh,"Adaptogenic, Anti-fatigue, Mood enhancer, Neuroprotective, Anti-inflammatory, Antioxidant","Stress, Fatigue, Depression, Anxiety, Cognitive decline, Physical endurance","Bipolar disorder, Pregnancy, Bleeding disorders","Churna (powder), Kwatha (decoction), Vati (tablets), Ghrita (ghee)"
206,Ashwagandha — Root,Withania somnifera,Salty,Hot,Sweet,Kapha,Pitta,Uttar Pradesh,Hepatoprotective,Respiratory support,Diarrhea,Kwatha (decoction),Sweet,"Rough,Smooth,Light",Cold,Sweet,Rejuvenative,1,0,1,1,0,0,0,1,0,0,0,0,0,0,0,1,0,0,0,1,1,0,1,"[0,0,0]"
207,Ashwagandha — Leaf,Withania somnifera,Sour,Cool,Sweet,Vata,Vata,Uttar Pradesh,Digestive stimulant,Heart health,Cold constitution,Churna (powder),Sour,"Dense,Stable",Cold,Sweet,Nervine tonic,1,0,0,0,0,0,0,0,0,1,0,0,1,0,1,0,0,0,0,1,0,-1,0,3
208,Ashwagandha — Stem,Withania somnifera,Sour,Cold,Sour,All,Pitta,Assam,Cardiotonic,Immunity,Pregnancy,Vati (tablets),Sour,"Stable,Clear,Dense",Cold,Astringent,Nervine tonic,1,1,1,1,1,0,1,0,1,0,0,1,0,0,1,0,0,0,1,0,0,-1,-2,1
209,Ashwagandha — Bark,Withania somnifera,Salty,Cool,Astringent,Kapha,Pitta,Uttar Pradesh,Analgesic,Respiratory support,Pregnancy,Avaleha (jam),Salty,Light,Cold,Astringent,Aphrodisiac,0,1,1,0,1,0,0,1,0,1,0,0,1,1,0,0,0,0,0,1,0,2,-2,0
210,Ashwagandha — Seed,Withania somnifera,Bitter,Warm,Astringent,Kapha,Vata,Assam,Diuretic,Respiratory support,None,Kwatha (decoction),Bitter,Subtle,Cold,Astringent,Diaphoretic,1,0,1,0,1,0,0,1,0,0,1,0,0,0,0,0,0,1,0,0,1,1,-2,-2
211,Ashwagandha — Fruit,Withania somnifera,Sour,Warm,Sour,Kapha,Pitta,Tamil Nadu,Anti-inflammatory,Hair care,Bleeding disorders,Taila (oil),Sour,"Smooth,Light",Hot,Astringent,Carminative,0,1,1,1,0,1,0,0,0,0,0,0,0,0,0,0,0,1,0,1,1,2,0,-2
212,Ashwagandha — Flower,Withania somnifera,Bitter,Cold,Sweet,All,Kapha,Assam,Galactagogue,"Stress, Anxiety",Bleeding disorders,Swarasa (juice),Bitter,Stable,Hot,Sweet,Nervine tonic,1,1,1,1,0,1,1,1,1,1,0,0,0,1,0,0,0,0,1,0,0,0,-2,-3
213,Ashwagandha — Resin,Withania somnifera,Sweet,Cold,Astringent,Vata,Pitta,India,Rejuvenative,Arthritis,Bleeding disorders,Kashaya (decoction),Sweet,"Mobile,Light",Cold,Astringent,Rejuvenating,1,1,0,0,0,1,0,0,0,0,0,0,0,0,0,0,0,1,0,0,0,-1,-3,3
214,Ashwagandha — Latex,Withania somnifera,Astringent,Warm,Sour,Pitta,Kapha,Kerala,Digestive stimulant,Digestion,Pitta excess,Avaleha (jam),Astringent,"Soft,Dense,Oily",Hot,Astringent,Rejuvenative,0,1,1,0,0,1,0,0,1,0,0,0,0,1,0,0,1,0,1,0,0,2,-2,-2
215,Ashwagandha — Wild,Withania somnifera,Sweet,Hot,Pungent,Kapha,Pitta,Sri Lanka,Expectorant,Female reproductive health,Diarrhea,Kashaya (decoction),Sweet,Sticky,Hot,Pungent,Rejuvenating,0,1,1,0,0,0,1,0,0,0,0,0,1,0,0,0,0,1,1,1,0,-1,-2,0
216,Ashwagandha — Rural,Withania somnifera,Pungent,Warm,Pungent,Pitta,Kapha,Nepal,Antimicrobial,Weight management,None,Swarasa (juice),Pungent,Dense,Hot,Pungent,Galactagogue,0,1,1,1,1,1,1,0,0,1,0,0,0,0,0,0,1,0,0,1,1,0,1,-3
217,Ashwagandha — Mountain,Withania somnifera,Pungent,Cold,Sour,All,Vata,Kerala,Immunomodulatory,Skin diseases,Diarrhea,Vati (tablets),Pungent,"Rough,Dry",Cold,Sweet,Rejuvenating,1,1,1,1,0,1,0,0,1,0,0,0,0,1,0,0,0,1,1,1,0,-1,0,-3
218,Ashwagandha — Coastal,Withania somnifera,Mixed,Cool,Sour,Vata,All,Himachal Pradesh,Cardiotonic,Liver disorders,Cold constitution,Taila (oil),Bitter,"Oily,Sticky,Dense",Cold,Astringent,Carminative,1,0,0,1,1,0,0,0,0,0,0,0,0,0,0,0,1,0,1,0,0,0,-2,3
219,Ashwagandha — Indian,Withania somnifera,Sour,Hot,Sweet,Kapha,Kapha,Tamil Nadu,Adaptogenic,Female reproductive health,Bleeding disorders,Kashaya (decoction),Sour,Oily,Hot,Sweet,Diaphoretic,0,0,1,0,0,0,0,1,1,1,0,0,0,0,0,0,0,0,0,0,1,1,2,-1
220,Ashwagandha — Himalayan,Withania somnifera,Bitter,Warm,Sour,Pitta,Vata,Sri Lanka,Adaptogenic,Hair care,Cold constitution,Ghrita (ghee),Bitter,"Dry,Stable,Cold",Hot,Pungent,Rejuvenating,1,1,0,1,0,0,1,0,0,1,1,0,0,1,1,0,0,0,1,0,0,2,-2,-2
221,Ashwagandha — Malabar,Withania somnifera,Pungent,Warm,Pungent,Vata,Kapha,Assam,Anti-inflammatory,Respiratory support,Pitta excess,Taila (oil),Pungent,"Soft,Firm",Hot,Pungent,Analgesic,1,0,1,1,0,1,1,1,1,0,0,0,0,0,0,0,1,1,1,1,0,-2,3,-3
222,Ashwagandha — Kashmir,Withania somnifera,Pungent,Hot,Pungent,Vata,Vata,Assam,Immunomodulatory,Heart health,Bleeding disorders,Vati (tablets),Pungent,"Sticky,Soft",Hot,Pungent,Nervine tonic,1,0,0,0,1,0,0,0,0,1,0,0,1,0,0,0,1,0,1,0,0,-2,3,-2
223,Ashwagandha — Kerala,Withania somnifera,Salty,Cool,Sour,Pitta,Kapha,India,Cardiotonic,Female reproductive health,Bleeding disorders,Ghrita (ghee),Salty,Sharp,Cold,Sweet,Nervine tonic,0,1,1,1,0,0,0,0,1,0,0,0,0,0,0,0,0,0,1,1,0,1,-1,0
224,Ashwagandha — Assam,Withania somnifera,Salty,Warm,Bitter,Kapha,All,India,Expectorant,Respiratory support,Bleeding disorders,Ghrita (ghee),Salty,"Cold,Dry,Clear",Hot,Pungent,Rejuvenative,0,0,1,1,0,0,1,1,1,1,1,0,0,0,0,0,1,0,1,1,1,3,2,-2
225,Turmeric — Root,Curcuma longa,Bitter,Warm,Sweet,Pitta,Pitta,Kerala,Immunomodulatory,Hair care,Pregnancy,Ghrita (ghee),Bitter,"Cold,Rough",Cold,Sweet,Rejuvenative,0,1,0,1,0,1,0,0,0,0,1,0,0,1,0,0,0,0,0,1,1,3,-3,0
226,Turmeric — Leaf,Curcuma longa,Bitter,Hot,Astringent,Vata,Pitta,Rajasthan,Galactagogue,Liver disorders,Bleeding disorders,Vati (tablets),Bitter,"Sharp,Soft",Hot,Astringent,Diaphoretic,1,1,0,0,1,1,0,1,0,0,0,0,0,0,1,0,0,0,0,0,1,0,-1,-2
227,Turmeric — Stem,Curcuma longa,Salty,Neutral,Sour,All,Pitta,Assam,Antimicrobial,Arthritis,Pregnancy,Kwatha (decoction),Salty,"Liquid,Rough,Smooth",Cold,Pungent,Demulcent,1,1,1,1,1,0,1,1,0,0,0,0,1,0,0,0,0,0,0,0,1,-1,-1,0
228,Turmeric — Bark,Curcuma longa,Salty,Cool,Astringent,All,All,Assam,Rejuvenative,Digestion,Diarrhea,Kwatha (decoction),Salty,Hot,Cold,Astringent,Galactagogue,1,1,1,0,0,1,0,1,0,0,0,0,0,0,0,1,0,1,0,0,0,-1,-1,0
229,Turmeric — Seed,Curcuma longa,Bitter,Cool,Astringent,Vata,Pitta,Uttar Pradesh,Digestive stimulant,Heart health,None,Vati (tablets),Bitter,"Soft,Liquid,Stable",Cold,Astringent,Demulcent,1,1,0,0,1,1,0,1,0,1,0,1,0,0,0,0,0,1,0,0,0,0,-3,0
230,Turmeric — Fruit,Curcuma longa,Astringent,Cold,Astringent,All,Pitta,Tamil Nadu,Expectorant,Heart health,Pregnancy,Churna (powder),Astringent,"Sticky,Sharp",Hot,Astringent,Galactagogue,1,1,1,1,1,0,0,1,1,0,1,0,0,0,0,0,0,0,0,0,1,0,-1,-3
231,Turmeric — Flower,Curcuma longa,Salty,Neutral,Sweet,Vata,Pitta,Karnataka,Antimicrobial,Liver disorders,None,Ghrita (ghee),Salty,"Light,Cloudy",Cold,Sweet,Analgesic,1,1,0,1,0,0,1,0,1,1,1,1,0,0,0,0,0,0,0,0,0,0,-2,2
232,Turmeric — Resin,Curcuma longa,Mixed,Cool,Sweet,Pitta,All,Kerala,Antimicrobial,Immunity,None,Taila (oil),Bitter,"Stable,Smooth",Cold,Sweet,Galactagogue,0,1,0,1,0,0,1,1,0,0,0,1,0,0,1,0,1,0,0,0,0,2,-3,0
233,Turmeric — Latex,Curcuma longa,Astringent,Neutral,Bitter,Pitta,Pitta,Rajasthan,Digestive stimulant,Digestion,Cold constitution,Churna (powder),Astringent,"Liquid,Subtle",Hot,Pungent,Detoxifying,0,1,0,0,1,1,0,1,1,1,0,0,0,1,0,1,1,0,0,0,0,3,-2,-2
234,Turmeric — Wild,Curcuma longa,Salty,Warm,Sweet,Vata,All,India,Diuretic,Skin diseases,Pregnancy,Kwatha (decoction),Salty,"Smooth,Oily",Cold,Sweet,Detoxifying,1,0,0,1,1,0,0,0,0,1,0,0,0,0,1,1,0,0,0,0,0,-1,0,3
235,Turmeric — Rural,Curcuma longa,Mixed,Cold,Sweet,Vata,Pitta,Himachal Pradesh,Immunomodulatory,Weight management,Bleeding disorders,Churna (powder),Bitter,"Cold,Bland,Soft",Hot,Sweet,Aphrodisiac,1,1,0,0,0,0,0,1,0,1,0,0,0,0,0,1,0,0,0,1,0,1,-2,-2
236,Turmeric — Mountain,Curcuma longa,Sour,Hot,Bitter,Kapha,Kapha,Uttar Pradesh,Galactagogue,"Stress, Anxiety",Bleeding disorders,Taila (oil),Sour,"Light,Oily,Dense",Hot,Sweet,Demulcent,0,0,1,1,0,1,0,0,1,1,0,0,0,1,0,1,1,0,1,0,0,2,2,0
237,Turmeric — Coastal,Curcuma longa,Astringent,Cold,Astringent,All,Kapha,Tamil Nadu,Anti-inflammatory,Liver disorders,Cold constitution,Kwatha (decoction),Astringent,"Stable,Light",Cold,Astringent,Rejuvenating,1,1,1,1,0,0,0,0,0,0,0,0,0,0,0,0,0,1,0,0,0,1,-3,-2
238,Turmeric — Indian,Curcuma longa,Bitter,Neutral,Pungent,Kapha,Pitta,West Bengal,Immunomodulatory,Arthritis,Pitta excess,Taila (oil),Bitter,Cold,Cold,Pungent,Rejuvenative,0,1,1,0,0,1,0,0,0,0,0,0,0,0,0,1,0,1,1,0,0,3,-3,-2
239,Turmeric — Himalayan,Curcuma longa,Pungent,Cool,Sour,Kapha,Vata,Sri Lanka,Diuretic,Immunity,Diarrhea,Kwatha (decoction),Pungent,"Subtle,Stable,Cloudy",Cold,Pungent,Detoxifying,1,0,1,0,0,1,0,0,0,1,0,1,0,0,0,0,0,0,0,0,0,-1,1,-3
240,Turmeric — Malabar,Curcuma longa,Pungent,Warm,Sweet,Vata,Pitta,Rajasthan,Adaptogenic,Weight management,Bleeding disorders,Swarasa (juice),Pungent,Stable,Cold,Sweet,Diaphoretic,1,1,0,0,1,1,1,0,0,0,0,0,0,0,0,0,0,0,1,0,1,-2,-1,-1
241,Turmeric — Kashmir,Curcuma longa,Pungent,Warm,Sour,All,Kapha,Kerala,Immunomodulatory,Hair care,None,Taila (oil),Pungent,"Cloudy,Sharp",Hot,Sweet,Analgesic,1,1,1,0,0,0,0,0,1,0,0,0,0,0,0,0,1,0,0,0,0,-2,2,-3
242,Turmeric — Kerala,Curcuma longa,Bitter,Hot,Astringent,Pitta,Kapha,Karnataka,Rejuvenative,Liver disorders,Cold constitution,Avaleha (jam),Bitter,Heavy,Hot,Astringent,Aphrodisiac,0,1,1,1,0,1,1,1,0,0,1,0,0,0,0,0,1,0,1,0,0,2,-2,-3
243,Turmeric — Assam,Curcuma longa,Sour,Hot,Sweet,Vata,Pitta,India,Anti-inflammatory,"Stress, Anxiety",Cold constitution,Vati (tablets),Sour,"Soft,Sharp",Hot,Sweet,Galactagogue,1,1,0,1,0,0,0,1,0,0,0,0,0,0,0,0,0,1,1,0,1,-1,1,0
244,Triphala — Root,Terminalia chebula/bellirica/myrobalan,Astringent,Cold,Sweet,Kapha,Kapha,Kerala,Analgesic,Arthritis,Diarrhea,Ghrita (ghee),Astringent,Heavy,Cold,Sweet,Rejuvenating,0,0,1,0,1,0,0,1,1,0,0,0,0,0,1,0,0,0,0,0,0,2,-2,-1
245,Triphala — Leaf,Terminalia chebula/bellirica/myrobalan,Salty,Hot,Astringent,All,Pitta,Uttar Pradesh,Hepatoprotective,Skin diseases,None,Churna (powder),Salty,Clear,Hot,Astringent,Galactagogue,1,1,1,0,0,0,0,0,1,0,1,1,0,0,0,1,0,0,0,0,1,-1,0,-2
246,Triphala — Stem,Terminalia chebula/bellirica/myrobalan,Pungent,Warm,Bitter,Pitta,Kapha,Karnataka,Rejuvenative,Respiratory support,None,Churna (powder),Pungent,"Rough,Stable,Sticky",Cold,Pungent,Detoxifying,0,1,1,0,0,0,0,0,1,0,0,0,0,0,0,0,0,1,1,0,1,0,0,-2
247,Triphala — Bark,Terminalia chebula/bellirica/myrobalan,Mixed,Cool,Pungent,Pitta,All,West Bengal,Adaptogenic,Arthritis,Bleeding disorders,Churna (powder),Pungent,Clear,Cold,Pungent,Carminative,0,1,0,0,0,0,1,1,1,0,0,0,0,0,0,0,0,1,0,0,1,0,-1,-1
248,Triphala — Seed,Terminalia chebula/bellirica/myrobalan,Salty,Cold,Bitter,Kapha,Kapha,Tamil Nadu,Adaptogenic,"Stress, Anxiety",Diarrhea,Avaleha (jam),Salty,"Mobile,Dense",Hot,Pungent,Demulcent,0,0,1,0,0,1,0,0,0,1,0,0,0,0,0,0,0,0,0,1,0,2,2,-1
249,Triphala — Fruit,Terminalia chebula/bellirica/myrobalan,Salty,Neutral,Astringent,Vata,Vata,Rajasthan,Hepatoprotective,Weight management,Pitta excess,Churna (powder),Salty,Smooth,Cold,Astringent,Rejuvenative,1,0,0,0,0,0,0,0,1,0,1,0,1,0,1,0,0,0,0,0,0,-1,0,2
250,Triphala — Flower,Terminalia chebula/bellirica/myrobalan,Bitter,Neutral,Bitter,Kapha,Kapha,Himachal Pradesh,Cardiotonic,Heart health,Pregnancy,Avaleha (jam),Bitter,"Heavy,Mobile",Cold,Astringent,Detoxifying,0,0,1,0,1,0,1,0,0,0,1,0,0,0,1,0,0,1,0,0,0,3,-2,-1
251,Triphala — Resin,Terminalia chebula/bellirica/myrobalan,Sour,Cold,Astringent,Vata,All,Kerala,Diuretic,Heart health,Diarrhea,Ghrita (ghee),Sour,"Stable,Clear,Subtle",Hot,Astringent,Demulcent,1,0,0,0,1,0,0,1,1,1,0,0,0,1,1,0,0,0,0,0,1,0,2,0
252,Triphala — Latex,Terminalia chebula/bellirica/myrobalan,Sweet,Cool,Sweet,Kapha,Kapha,Sri Lanka,Immunomodulatory,Immunity,Cold constitution,Taila (oil),Sweet,Sticky,Cold,Sweet,Analgesic,0,0,1,1,1,1,1,1,0,1,0,1,0,1,0,0,1,0,1,0,0,-1,-2,2
253,Triphala — Wild,Terminalia chebula/bellirica/myrobalan,Salty,Cool,Astringent,All,Kapha,India,Hepatoprotective,Arthritis,None,Avaleha (jam),Salty,"Soft,Sticky",Cold,Astringent,Demulcent,1,1,1,1,1,1,0,0,1,0,0,1,0,0,0,1,0,0,1,0,1,-1,-2,1
254,Triphala — Rural,Terminalia chebula/bellirica/myrobalan,Salty,Cold,Sour,Kapha,All,India,Anti-inflammatory,Immunity,Pitta excess,Ghrita (ghee),Salty,Light,Cold,Sweet,Detoxifying,0,0,1,1,0,1,0,1,0,1,1,0,0,0,1,0,0,1,1,0,0,2,0,0
255,Triphala — Mountain,Terminalia chebula/bellirica/myrobalan,Astringent,Neutral,Sour,Kapha,All,Assam,Expectorant,Hair care,Bleeding disorders,Kashaya (decoction),Astringent,"Soft,Dry",Cold,Pungent,Nervine tonic,0,0,1,1,0,0,0,1,1,0,0,0,1,0,0,1,1,0,0,0,1,3,-2,-2
256,Triphala — Coastal,Terminalia chebula/bellirica/myrobalan,Mixed,Cold,Sweet,Kapha,Kapha,Tamil Nadu,Digestive stimulant,Hair care,Pitta excess,Ghrita (ghee),Astringent,"Cold,Mobile",Cold,Sweet,Galactagogue,0,0,1,0,0,0,1,0,1,0,0,0,0,0,0,0,0,0,1,1,0,3,-2,-2
257,Triphala — Indian,Terminalia chebula/bellirica/myrobalan,Mixed,Cold,Pungent,Vata,Vata,Uttar Pradesh,Expectorant,Weight management,Pregnancy,Kashaya (decoction),Bitter,"Subtle,Cold,Liquid",Cold,Pungent,Nervine tonic,1,0,0,1,1,0,1,1,1,0,0,0,0,1,0,0,0,0,0,0,0,2,-2,0
258,Triphala — Himalayan,Terminalia chebula/bellirica/myrobalan,Astringent,Neutral,Pungent,All,All,Himachal Pradesh,Digestive stimulant,Skin diseases,Diarrhea,Churna (powder),Astringent,"Light,Clear",Hot,Pungent,Galactagogue,1,1,1,0,0,0,0,1,1,0,0,0,0,1,0,1,0,1,0,0,0,1,-2,-3
259,Triphala — Malabar,Terminalia chebula/bellirica/myrobalan,Mixed,Hot,Bitter,Pitta,Pitta,India,Expectorant,Digestion,Cold constitution,Ghrita (ghee),Sour,"Stable,Cloudy",Hot,Sweet,Analgesic,0,1,0,0,1,0,1,0,1,0,0,0,0,0,0,0,1,0,1,0,0,1,0,0
260,Triphala — Kashmir,Terminalia chebula/bellirica/myrobalan,Mixed,Hot,Bitter,Pitta,All,Sri Lanka,Diuretic,Heart health,Cold constitution,Swarasa (juice),Sour,Hot,Hot,Sweet,Analgesic,0,1,0,0,1,0,0,0,0,0,0,0,1,1,1,0,0,1,0,0,0,1,1,0
261,Triphala — Kerala,Terminalia chebula/bellirica/myrobalan,Mixed,Cool,Sour,All,All,Karnataka,Rejuvenative,Liver disorders,None,Taila (oil),Sweet,"Heavy,Sticky",Cold,Pungent,Rejuvenative,1,1,1,0,0,0,0,1,1,1,1,0,0,1,0,1,1,1,0,0,0,-3,-3,3
262,Triphala — Assam,Terminalia chebula/bellirica/myrobalan,Mixed,Cold,Astringent,All,Pitta,Rajasthan,Expectorant,Respiratory support,Diarrhea,Taila (oil),Sour,"Mobile,Smooth",Hot,Astringent,Detoxifying,1,1,1,1,1,1,0,0,0,1,1,0,0,0,1,0,0,0,0,1,0,0,0,-2
263,Brahmi — Root,Bacopa monnieri,Pungent,Warm,Astringent,Kapha,Vata,Karnataka,Hepatoprotective,Arthritis,None,Vati (tablets),Pungent,Firm,Cold,Astringent,Analgesic,1,0,1,0,0,1,1,0,1,0,0,0,1,0,0,1,0,0,1,1,0,-2,1,-3
264,Brahmi — Leaf,Bacopa monnieri,Salty,Cold,Sweet,All,All,West Bengal,Diuretic,Liver disorders,None,Churna (powder),Salty,"Firm,Stable",Hot,Sweet,Diaphoretic,1,1,1,0,0,0,1,1,1,0,0,0,0,1,0,1,0,0,0,1,0,-1,0,-2
265,Brahmi — Stem,Bacopa monnieri,Pungent,Cool,Bitter,Vata,All,Assam,Anti-inflammatory,"Stress, Anxiety",Pitta excess,Avaleha (jam),Pungent,"Bland,Mobile",Cold,Astringent,Diaphoretic,1,0,0,1,0,0,1,1,1,1,1,0,0,0,1,1,1,0,0,0,0,-1,1,-1
266,Brahmi — Bark,Bacopa monnieri,Mixed,Cool,Sour,Pitta,All,Uttar Pradesh,Adaptogenic,Female reproductive health,None,Churna (powder),Bitter,"Stable,Hot,Heavy",Cold,Pungent,Galactagogue,0,1,0,0,0,0,1,0,1,0,0,1,0,0,0,0,0,0,0,1,1,2,-3,1
267,Brahmi — Seed,Bacopa monnieri,Astringent,Warm,Bitter,Pitta,All,Karnataka,Cardiotonic,Heart health,Pregnancy,Avaleha (jam),Astringent,"Sticky,Cold",Cold,Astringent,Galactagogue,0,1,0,0,0,1,0,1,1,0,0,1,0,0,0,0,0,0,1,0,1,3,-3,1
268,Brahmi — Fruit,Bacopa monnieri,Sour,Neutral,Sweet,Vata,All,Karnataka,Expectorant,Skin diseases,Pregnancy,Taila (oil),Sour,"Soft,Sticky",Hot,Sweet,Rejuvenating,1,0,0,0,0,1,1,0,0,0,0,0,0,1,0,0,0,0,1,0,0,-1,2,1
269,Brahmi — Flower,Bacopa monnieri,Astringent,Warm,Pungent,All,Kapha,West Bengal,Antimicrobial,Immunity,None,Taila (oil),Astringent,Mobile,Hot,Pungent,Detoxifying,1,1,1,1,0,1,1,0,1,0,1,0,0,0,1,0,0,1,1,1,0,1,-2,-3
270,Brahmi — Resin,Bacopa monnieri,Mixed,Hot,Bitter,Vata,Vata,West Bengal,Digestive stimulant,Hair care,Pregnancy,Churna (powder),Astringent,Dense,Hot,Astringent,Carminative,1,0,0,0,0,1,1,1,1,1,0,0,0,1,0,1,0,0,0,0,1,0,0,-1
271,Brahmi — Latex,Bacopa monnieri,Mixed,Hot,Pungent,Pitta,Vata,Nepal,Hepatoprotective,Arthritis,Bleeding disorders,Kashaya (decoction),Pungent,Liquid,Hot,Pungent,Detoxifying,1,1,0,0,0,1,1,1,1,0,1,0,0,0,0,1,0,0,0,0,0,-2,1,-3
272,Brahmi — Wild,Bacopa monnieri,Salty,Hot,Sour,Pitta,All,Rajasthan,Analgesic,Skin diseases,Cold constitution,Kwatha (decoction),Salty,"Oily,Heavy,Dense",Hot,Astringent,Diaphoretic,0,1,0,0,1,0,1,1,1,1,0,0,1,1,0,1,0,0,0,0,0,1,0,3
273,Brahmi — Rural,Bacopa monnieri,Mixed,Cold,Astringent,Vata,Vata,Rajasthan,Cardiotonic,Hair care,None,Avaleha (jam),Salty,"Soft,Dry",Hot,Astringent,Analgesic,1,0,0,0,1,1,0,1,0,1,0,1,0,0,1,0,0,0,1,0,0,0,2,0
274,Brahmi — Mountain,Bacopa monnieri,Salty,Cold,Sweet,Pitta,Vata,Rajasthan,Galactagogue,Weight management,Pregnancy,Churna (powder),Salty,Mobile,Hot,Sweet,Analgesic,1,1,0,1,0,0,0,0,0,1,1,1,0,0,0,0,0,0,1,0,0,0,0,0
275,Brahmi — Coastal,Bacopa monnieri,Sweet,Neutral,Bitter,Kapha,Vata,India,Galactagogue,"Stress, Anxiety",Pregnancy,Avaleha (jam),Sweet,Dry,Cold,Astringent,Rejuvenative,1,0,1,0,1,1,0,0,1,0,1,1,0,0,0,0,0,0,0,0,0,-2,-2,1
276,Brahmi — Indian,Bacopa monnieri,Mixed,Cool,Sweet,All,Kapha,Sri Lanka,Expectorant,Skin diseases,None,Vati (tablets),Bitter,"Dense,Soft",Cold,Sweet,Carminative,1,1,1,1,1,0,0,0,1,0,1,0,1,0,0,0,0,1,0,1,0,0,-3,-1
277,Brahmi — Himalayan,Bacopa monnieri,Salty,Neutral,Astringent,All,All,Himachal Pradesh,Rejuvenative,Weight management,Pitta excess,Swarasa (juice),Salty,"Heavy,Rough,Sticky",Hot,Astringent,Aphrodisiac,1,1,1,1,0,1,1,1,0,0,0,0,0,1,0,0,0,1,0,0,0,-1,1,0
278,Brahmi — Malabar,Bacopa monnieri,Mixed,Cold,Sweet,Kapha,All,Uttar Pradesh,Expectorant,Weight management,Cold constitution,Avaleha (jam),Sour,"Mobile,Cold",Hot,Sweet,Rejuvenating,0,0,1,0,0,0,0,0,1,0,1,0,1,0,0,0,1,0,1,0,0,3,2,-2
279,Brahmi — Kashmir,Bacopa monnieri,Sweet,Hot,Bitter,Kapha,Pitta,Assam,Digestive stimulant,"Stress, Anxiety",Pitta excess,Swarasa (juice),Sweet,Dry,Hot,Pungent,Aphrodisiac,0,1,1,0,1,0,0,0,1,0,0,0,0,0,0,0,1,0,0,0,0,0,-2,-1
280,Brahmi — Kerala,Bacopa monnieri,Sweet,Neutral,Astringent,Vata,Pitta,Tamil Nadu,Digestive stimulant,Female reproductive health,None,Ghrita (ghee),Sweet,Heavy,Cold,Astringent,Aphrodisiac,1,1,0,0,0,1,1,0,0,0,0,0,0,0,1,0,1,0,1,0,0,-3,-3,3
281,Brahmi — Assam,Bacopa monnieri,Salty,Cool,Bitter,All,Vata,Tamil Nadu,Adaptogenic,Arthritis,None,Ghrita (ghee),Salty,"Cloudy,Subtle",Cold,Pungent,Nervine tonic,1,1,1,0,1,0,0,0,0,1,0,0,0,0,0,1,1,1,0,0,0,0,-2,0
282,Neem — Root,Azadirachta indica,Sweet,Neutral,Astringent,All,Kapha,Himachal Pradesh,Rejuvenative,Heart health,Pitta excess,Swarasa (juice),Sweet,"Liquid,Firm",Hot,Astringent,Rejuvenating,1,1,1,0,1,0,0,0,0,0,0,0,0,1,1,1,1,0,0,0,0,-3,-2,-1
283,Neem — Leaf,Azadirachta indica,Salty,Cool,Astringent,Kapha,Kapha,Uttar Pradesh,Immunomodulatory,Arthritis,Pitta excess,Kwatha (decoction),Salty,"Firm,Cloudy",Cold,Astringent,Diaphoretic,0,0,1,1,0,0,1,1,0,0,0,1,0,0,0,1,0,0,0,0,0,1,0,0
284,Neem — Stem,Azadirachta indica,Salty,Neutral,Pungent,Pitta,Pitta,Assam,Adaptogenic,Weight management,Cold constitution,Taila (oil),Salty,"Smooth,Hot,Subtle",Cold,Pungent,Galactagogue,0,1,0,0,1,0,0,1,0,0,1,1,0,1,1,1,0,0,0,0,0,2,-1,2
285,Neem — Bark,Azadirachta indica,Bitter,Cold,Astringent,Pitta,Kapha,Karnataka,Adaptogenic,Digestion,Diarrhea,Vati (tablets),Bitter,Soft,Hot,Astringent,Galactagogue,0,1,1,1,0,0,0,0,1,1,0,0,1,0,0,0,0,1,0,0,0,2,-2,-3
286,Neem — Seed,Azadirachta indica,Sweet,Hot,Sweet,Kapha,Pitta,Sri Lanka,Expectorant,Respiratory support,Pregnancy,Taila (oil),Sweet,"Firm,Cloudy",Hot,Sweet,Demulcent,0,1,1,0,0,0,1,1,0,1,0,0,0,0,0,0,0,1,0,0,0,-1,-2,-1
287,Neem — Fruit,Azadirachta indica,Astringent,Cool,Bitter,Kapha,Pitta,Kerala,Adaptogenic,Liver disorders,Pregnancy,Kwatha (decoction),Astringent,"Sharp,Stable,Cold",Cold,Astringent,Rejuvenative,0,1,1,1,0,0,0,0,0,0,0,1,0,0,1,1,0,0,0,1,0,3,-3,-2
288,Neem — Flower,Azadirachta indica,Astringent,Cool,Sweet,Vata,Pitta,Karnataka,Cardiotonic,Immunity,Pregnancy,Ghrita (ghee),Astringent,"Rough,Firm",Cold,Sweet,Detoxifying,1,1,0,1,0,0,0,1,0,1,0,0,1,1,0,0,1,0,1,0,0,0,-3,0
289,Neem — Resin,Azadirachta indica,Bitter,Neutral,Bitter,Pitta,All,Assam,Expectorant,Immunity,Cold constitution,Avaleha (jam),Bitter,"Light,Firm",Hot,Sweet,Detoxifying,0,1,0,0,0,1,1,1,0,0,0,1,0,0,0,0,0,0,1,0,0,3,-2,-2
290,Neem — Latex,Azadirachta indica,Sweet,Neutral,Sour,Vata,Vata,Uttar Pradesh,Galactagogue,Arthritis,Pitta excess,Kwatha (decoction),Sweet,"Firm,Soft,Clear",Cold,Sweet,Diaphoretic,1,0,0,1,0,0,0,0,0,1,0,0,0,0,0,0,1,0,0,0,0,-3,-2,3
291,Neem — Wild,Azadirachta indica,Pungent,Cold,Pungent,Vata,Pitta,Kerala,Antimicrobial,Liver disorders,Diarrhea,Kashaya (decoction),Pungent,"Dense,Rough",Cold,Pungent,Detoxifying,1,1,0,1,0,0,1,0,0,0,1,0,0,1,0,1,0,0,0,0,0,-2,0,0
292,Neem — Rural,Azadirachta indica,Sweet,Hot,Pungent,Kapha,Kapha,Assam,Immunomodulatory,Hair care,Bleeding disorders,Taila (oil),Sweet,"Bland,Sticky",Hot,Pungent,Detoxifying,0,0,1,0,1,0,0,0,0,0,0,0,0,0,1,0,0,0,0,0,0,-1,0,0
293,Neem — Mountain,Azadirachta indica,Mixed,Neutral,Pungent,All,Vata,India,Digestive stimulant,Hair care,Bleeding disorders,Taila (oil),Salty,"Mobile,Clear",Cold,Pungent,Analgesic,1,1,1,1,0,0,0,1,0,0,1,0,0,0,1,0,1,1,0,0,0,0,-2,0
294,Neem — Coastal,Azadirachta indica,Mixed,Cold,Sweet,Vata,Pitta,Rajasthan,Cardiotonic,Weight management,Pitta excess,Kashaya (decoction),Bitter,"Hot,Smooth",Hot,Sweet,Rejuvenating,1,1,0,1,0,0,0,1,0,1,0,0,0,0,0,0,0,1,0,0,0,0,-1,-2
295,Neem — Indian,Azadirachta indica,Bitter,Cool,Astringent,All,Kapha,India,Diuretic,Liver disorders,None,Kwatha (decoction),Bitter,"Light,Dense",Cold,Astringent,Carminative,1,1,1,0,1,0,0,0,0,1,1,0,0,0,1,1,0,0,0,0,1,1,-3,-1
296,Neem — Himalayan,Azadirachta indica,Sour,Hot,Bitter,Kapha,Kapha,Kerala,Immunomodulatory,Arthritis,Diarrhea,Churna (powder),Sour,"Stable,Hot,Subtle",Hot,Pungent,Demulcent,0,0,1,1,0,1,0,0,0,1,1,1,0,0,0,0,1,0,1,1,0,2,3,-2
297,Neem — Malabar,Azadirachta indica,Mixed,Warm,Sour,Vata,Pitta,Assam,Diuretic,Hair care,None,Taila (oil),Sweet,Subtle,Cold,Sweet,Diaphoretic,1,1,0,0,1,0,1,0,0,1,1,0,0,0,0,1,0,0,1,0,0,-2,-3,3
298,Neem — Kashmir,Azadirachta indica,Pungent,Neutral,Bitter,All,Vata,Assam,Analgesic,Female reproductive health,Pitta excess,Swarasa (juice),Pungent,Dense,Cold,Astringent,Nervine tonic,1,1,1,1,1,0,0,0,1,0,0,0,0,0,0,1,1,0,1,0,0,-2,-1,-2
299,Neem — Kerala,Azadirachta indica,Salty,Hot,Pungent,Kapha,All,Assam,Adaptogenic,Hair care,None,Churna (powder),Salty,"Subtle,Oily",Hot,Pungent,Detoxifying,0,0,1,0,1,1,0,0,0,0,0,0,0,1,1,0,0,0,1,1,0,2,2,-1
300,Neem — Assam,Azadirachta indica,Astringent,Hot,Astringent,Kapha,Kapha,Tamil Nadu,Antimicrobial,Heart health,Pregnancy,Kashaya (decoction),Astringent,"Cloudy,Heavy",Hot,Astringent,Carminative,0,0,1,1,0,0,1,0,0,0,0,1,0,0,0,0,1,0,0,0,0,2,0,-3
301,Ginger — Root,Zingiber officinale,Astringent,Hot,Pungent,Kapha,All,Sri Lanka,Expectorant,Digestion,Bleeding disorders,Taila (oil),Astringent,"Light,Sticky,Mobile",Hot,Pungent,Analgesic,0,0,1,0,1,0,0,0,0,0,0,0,1,1,1,0,0,0,0,0,1,3,0,-3
302,Ginger — Leaf,Zingiber officinale,Sour,Cold,Astringent,All,All,Tamil Nadu,Anti-inflammatory,Hair care,Cold constitution,Ghrita (ghee),Sour,Smooth,Hot,Astringent,Analgesic,1,1,1,1,0,0,0,0,0,1,0,1,0,0,0,1,0,0,0,1,0,-1,0,-2
303,Ginger — Stem,Zingiber officinale,Salty,Cold,Astringent,Vata,All,Tamil Nadu,Digestive stimulant,Respiratory support,None,Kwatha (decoction),Salty,"Cold,Rough",Cold,Astringent,Analgesic,1,0,0,1,1,0,0,1,0,1,0,0,0,0,0,0,1,0,0,0,0,0,1,2
304,Ginger — Bark,Zingiber officinale,Salty,Cold,Bitter,Kapha,Kapha,Himachal Pradesh,Expectorant,Liver disorders,Bleeding disorders,Kashaya (decoction),Salty,"Soft,Hot",Hot,Sweet,Rejuvenative,0,0,1,0,0,1,0,0,0,1,0,1,0,1,0,0,0,1,0,0,1,1,3,-2
305,Ginger — Seed,Zingiber officinale,Sour,Cold,Bitter,Pitta,Pitta,Tamil Nadu,Adaptogenic,Female reproductive health,Pitta excess,Taila (oil),Sour,"Firm,Cold,Clear",Hot,Astringent,Galactagogue,0,1,0,1,1,0,0,1,0,0,0,1,0,0,0,0,0,1,0,0,0,2,0,0
306,Ginger — Fruit,Zingiber officinale,Mixed,Hot,Astringent,Kapha,All,Karnataka,Expectorant,Heart health,None,Swarasa (juice),Salty,"Sticky,Stable,Firm",Hot,Astringent,Analgesic,0,0,1,0,1,0,0,1,0,0,0,0,0,0,0,0,0,0,1,0,0,1,2,-1
307,Ginger — Flower,Zingiber officinale,Sweet,Neutral,Sour,All,All,West Bengal,Digestive stimulant,Arthritis,Cold constitution,Avaleha (jam),Sweet,Bland,Cold,Astringent,Aphrodisiac,1,1,1,0,0,1,1,1,1,0,1,0,0,1,0,0,0,1,0,1,1,-3,-3,1
308,Ginger — Resin,Zingiber officinale,Pungent,Cool,Sweet,Kapha,All,Himachal Pradesh,Antimicrobial,Hair care,Diarrhea,Vati (tablets),Pungent,"Clear,Soft",Cold,Sweet,Analgesic,0,0,1,1,1,1,1,0,0,0,1,0,0,0,1,0,0,0,0,0,0,0,1,-3
309,Ginger — Latex,Zingiber officinale,Astringent,Hot,Pungent,Kapha,Vata,Assam,Immunomodulatory,Heart health,None,Churna (powder),Astringent,Rough,Hot,Pungent,Diaphoretic,1,0,1,0,0,0,0,1,1,0,1,1,1,0,0,0,0,1,0,0,1,0,1,-3
310,Ginger — Wild,Zingiber officinale,Salty,Cold,Bitter,Pitta,Vata,Assam,Adaptogenic,"Stress, Anxiety",Cold constitution,Avaleha (jam),Salty,"Oily,Clear,Cold",Cold,Astringent,Aphrodisiac,1,1,0,1,1,1,0,1,1,1,1,1,0,0,1,1,0,0,0,1,0,0,-2,3
311,Ginger — Rural,Zingiber officinale,Salty,Hot,Astringent,All,Kapha,Sri Lanka,Rejuvenative,Liver disorders,Cold constitution,Churna (powder),Salty,"Sticky,Heavy,Soft",Hot,Astringent,Rejuvenating,1,1,1,1,0,0,0,0,0,1,1,1,0,1,0,0,0,0,1,0,1,-1,0,0
312,Ginger — Mountain,Zingiber officinale,Sour,Hot,Pungent,Kapha,Pitta,Tamil Nadu,Antimicrobial,Respiratory support,Diarrhea,Kwatha (decoction),Sour,"Rough,Firm,Smooth",Hot,Pungent,Nervine tonic,0,1,1,1,0,1,1,0,0,0,1,0,0,1,0,0,0,0,0,0,1,1,1,-2
313,Ginger — Coastal,Zingiber officinale,Astringent,Cold,Astringent,Vata,Vata,West Bengal,Anti-inflammatory,Immunity,Pitta excess,Swarasa (juice),Astringent,"Cold,Clear",Cold,Astringent,Galactagogue,1,0,0,1,0,1,0,1,1,0,0,0,0,1,1,0,1,0,0,0,0,1,-2,0
314,Ginger — Indian,Zingiber officinale,Astringent,Cold,Pungent,All,Pitta,Karnataka,Hepatoprotective,Respiratory support,Cold constitution,Avaleha (jam),Astringent,"Hot,Oily,Dense",Cold,Pungent,Nervine tonic,1,1,1,1,0,1,0,1,1,0,0,0,0,1,0,0,0,0,0,1,0,0,-3,0
315,Ginger — Himalayan,Zingiber officinale,Sour,Cold,Bitter,Pitta,Pitta,Assam,Galactagogue,Immunity,None,Taila (oil),Sour,"Sticky,Dense,Dry",Hot,Pungent,Detoxifying,0,1,0,0,0,0,0,1,0,0,1,0,0,1,0,0,0,0,0,1,0,2,0,2
316,Ginger — Malabar,Zingiber officinale,Salty,Hot,Bitter,Kapha,Pitta,Tamil Nadu,Expectorant,"Stress, Anxiety",Cold constitution,Taila (oil),Salty,"Oily,Cloudy",Hot,Pungent,Aphrodisiac,0,1,1,1,0,1,1,0,0,0,0,0,0,0,1,0,0,0,0,0,0,1,0,-1
317,Ginger — Kashmir,Zingiber officinale,Salty,Cool,Astringent,All,Kapha,Uttar Pradesh,Antimicrobial,Liver disorders,Pregnancy,Ghrita (ghee),Salty,"Light,Cloudy,Dry",Cold,Astringent,Rejuvenative,1,1,1,1,0,0,1,1,0,0,0,1,0,1,0,0,0,0,0,0,0,1,-2,0
318,Ginger — Kerala,Zingiber officinale,Astringent,Neutral,Astringent,Kapha,Kapha,Kerala,Galactagogue,Female reproductive health,Pitta excess,Churna (powder),Astringent,Dense,Hot,Astringent,Rejuvenating,0,0,1,0,0,0,1,0,0,0,1,0,0,1,0,0,0,1,0,1,0,2,0,-3
319,Ginger — Assam,Zingiber officinale,Sour,Hot,Sour,All,Kapha,Uttar Pradesh,Cardiotonic,"Stress, Anxiety",Bleeding disorders,Ghrita (ghee),Sour,"Smooth,Liquid",Hot,Sweet,Demulcent,1,1,1,1,0,1,0,0,0,0,0,0,0,0,0,0,1,1,0,1,1,-1,0,-2
320,Amla — Root,Phyllanthus emblica,Sour,Warm,Pungent,Vata,Vata,Rajasthan,Expectorant,Digestion,Cold constitution,Swarasa (juice),Sour,Sticky,Cold,Pungent,Rejuvenating,1,0,0,0,0,0,1,0,1,0,0,0,1,1,1,0,0,0,1,0,0,-1,0,3
321,Amla — Leaf,Phyllanthus emblica,Salty,Cold,Sweet,Kapha,Kapha,Himachal Pradesh,Hepatoprotective,Arthritis,Bleeding disorders,Swarasa (juice),Salty,Firm,Cold,Sweet,Aphrodisiac,0,0,1,0,0,0,0,1,1,0,0,0,0,0,0,0,1,1,1,0,0,1,0,0
322,Amla — Stem,Phyllanthus emblica,Sour,Neutral,Astringent,Pitta,Kapha,Assam,Adaptogenic,"Stress, Anxiety",Pregnancy,Kashaya (decoction),Sour,Oily,Hot,Astringent,Carminative,0,1,1,0,1,1,1,1,0,1,1,1,0,0,0,0,0,0,1,0,1,1,0,-1
323,Amla — Bark,Phyllanthus emblica,Bitter,Cold,Pungent,All,Kapha,Tamil Nadu,Antimicrobial,Digestion,Pitta excess,Kwatha (decoction),Bitter,"Stable,Sticky,Firm",Hot,Pungent,Demulcent,1,1,1,1,0,0,1,0,1,1,0,1,1,0,0,0,0,0,0,0,0,0,-2,-3
324,Amla — Seed,Phyllanthus emblica,Astringent,Warm,Astringent,All,Kapha,Tamil Nadu,Galactagogue,Arthritis,None,Churna (powder),Astringent,Firm,Hot,Astringent,Aphrodisiac,1,1,1,0,1,1,1,0,1,0,0,1,1,0,1,0,0,1,0,0,0,0,-2,-3
325,Amla — Fruit,Phyllanthus emblica,Sour,Neutral,Astringent,Pitta,Vata,Sri Lanka,Expectorant,Immunity,Diarrhea,Avaleha (jam),Sour,"Subtle,Rough,Light",Hot,Astringent,Diaphoretic,1,1,0,1,0,0,0,1,0,1,0,0,0,0,0,0,0,0,0,0,1,1,1,0
326,Amla — Flower,Phyllanthus emblica,Bitter,Cold,Sweet,Vata,Kapha,Assam,Immunomodulatory,Respiratory support,Bleeding disorders,Vati (tablets),Bitter,Light,Hot,Sweet,Galactagogue,1,0,1,1,0,1,0,1,0,0,0,0,1,0,1,0,1,0,0,0,0,1,0,-3
327,Amla — Resin,Phyllanthus emblica,Astringent,Cool,Astringent,All,Pitta,Himachal Pradesh,Galactagogue,Respiratory support,None,Avaleha (jam),Astringent,Hot,Cold,Astringent,Aphrodisiac,1,1,1,1,0,0,0,0,0,1,1,0,0,0,0,1,0,0,1,1,0,0,-3,-2
328,Amla — Latex,Phyllanthus emblica,Sweet,Hot,Astringent,Pitta,All,Assam,Digestive stimulant,"Stress, Anxiety",Pregnancy,Swarasa (juice),Sweet,Rough,Hot,Astringent,Demulcent,0,1,0,1,0,1,0,1,0,0,0,0,1,1,0,1,0,0,0,0,1,-1,-1,1
329,Amla — Wild,Phyllanthus emblica,Sour,Warm,Sweet,All,Kapha,Uttar Pradesh,Immunomodulatory,Liver disorders,Pregnancy,Ghrita (ghee),Sour,"Oily,Subtle,Stable",Hot,Sweet,Detoxifying,1,1,1,1,1,1,0,0,1,0,0,0,0,0,0,0,0,1,0,0,0,0,0,-1
330,Amla — Rural,Phyllanthus emblica,Salty,Neutral,Sweet,Vata,Kapha,Uttar Pradesh,Hepatoprotective,Weight management,Bleeding disorders,Kwatha (decoction),Salty,"Subtle,Rough,Mobile",Cold,Sweet,Aphrodisiac,1,0,1,0,1,0,0,0,1,0,1,0,0,0,0,0,0,1,0,0,0,1,1,0
331,Amla — Mountain,Phyllanthus emblica,Mixed,Neutral,Pungent,Pitta,Pitta,West Bengal,Hepatoprotective,Weight management,Pregnancy,Taila (oil),Pungent,"Sticky,Stable",Cold,Pungent,Carminative,0,1,0,0,0,0,0,1,1,1,0,0,1,0,1,0,1,0,1,0,0,0,-1,0
332,Amla — Coastal,Phyllanthus emblica,Mixed,Cold,Pungent,Kapha,Pitta,Tamil Nadu,Galactagogue,Digestion,Bleeding disorders,Churna (powder),Salty,"Cloudy,Stable,Cold",Cold,Pungent,Detoxifying,0,1,1,0,0,0,1,0,1,0,1,1,0,0,0,0,0,0,0,0,0,2,-2,0
333,Amla — Indian,Phyllanthus emblica,Sweet,Cold,Sour,Kapha,Vata,Karnataka,Adaptogenic,Digestion,Bleeding disorders,Avaleha (jam),Sweet,"Smooth,Liquid,Mobile",Cold,Astringent,Detoxifying,1,0,1,1,0,0,0,0,1,0,0,0,0,1,0,0,0,0,0,0,0,-2,-2,1
334,Amla — Himalayan,Phyllanthus emblica,Sour,Hot,Sweet,All,All,West Bengal,Diuretic,Weight management,Pregnancy,Kashaya (decoction),Sour,"Clear,Oily",Hot,Sweet,Analgesic,1,1,1,0,0,0,0,1,0,1,0,1,0,0,1,0,0,0,0,0,0,-1,0,-1
335,Amla — Malabar,Phyllanthus emblica,Sour,Cold,Sour,Vata,Kapha,Assam,Galactagogue,Digestion,Pregnancy,Kashaya (decoction),Sour,"Soft,Cold,Bland",Cold,Pungent,Galactagogue,1,0,1,0,0,1,0,0,1,0,0,0,1,0,0,1,0,0,0,0,0,0,0,0
336,Amla — Kashmir,Phyllanthus emblica,Mixed,Cool,Bitter,Vata,All,Assam,Immunomodulatory,Respiratory support,Pitta excess,Vati (tablets),Sweet,"Soft,Heavy,Dense",Cold,Sweet,Rejuvenating,1,0,0,0,0,0,1,0,1,0,0,0,1,1,1,0,0,0,0,0,0,-3,-2,3
337,Amla — Kerala,Phyllanthus emblica,Bitter,Cold,Astringent,Kapha,All,Nepal,Diuretic,Immunity,None,Avaleha (jam),Bitter,"Sticky,Heavy",Cold,Astringent,Analgesic,0,0,1,1,0,1,0,0,1,0,0,0,0,0,0,0,1,1,1,0,0,2,-2,0
338,Amla — Assam,Phyllanthus emblica,Bitter,Hot,Sour,Pitta,All,Assam,Digestive stimulant,Female reproductive health,Pitta excess,Kashaya (decoction),Bitter,Hot,Hot,Pungent,Analgesic,0,1,0,0,1,0,1,1,0,1,1,0,0,0,0,0,1,0,0,0,0,2,-1,-2
339,Shatavari — Root,Asparagus racemosus,Astringent,Cool,Sweet,Kapha,All,West Bengal,Galactagogue,Immunity,Pitta excess,Vati (tablets),Astringent,Dense,Cold,Sweet,Carminative,0,0,1,0,0,0,1,0,0,0,0,1,0,0,0,0,0,0,0,1,0,2,-2,-1
340,Shatavari — Leaf,Asparagus racemosus,Salty,Cool,Sweet,Vata,Vata,Tamil Nadu,Antimicrobial,Respiratory support,Diarrhea,Swarasa (juice),Salty,"Liquid,Hot",Cold,Sweet,Aphrodisiac,1,0,0,1,0,1,1,1,0,0,1,0,1,0,1,0,0,0,0,0,0,-1,1,2
341,Shatavari — Stem,Asparagus racemosus,Mixed,Cold,Sour,Vata,Kapha,Sri Lanka,Immunomodulatory,Female reproductive health,Pitta excess,Avaleha (jam),Bitter,"Hot,Sticky",Hot,Pungent,Galactagogue,1,0,1,1,0,1,0,1,1,0,0,1,0,1,1,0,0,0,0,1,0,0,1,-3
342,Shatavari — Bark,Asparagus racemosus,Mixed,Hot,Astringent,Kapha,Kapha,Tamil Nadu,Cardiotonic,Heart health,Bleeding disorders,Vati (tablets),Bitter,"Liquid,Firm,Light",Hot,Astringent,Galactagogue,0,0,1,0,0,1,0,1,0,0,1,0,1,0,0,0,0,0,1,0,0,3,0,-3
343,Shatavari — Seed,Asparagus racemosus,Salty,Cool,Pungent,Vata,Kapha,India,Analgesic,Respiratory support,Pitta excess,Ghrita (ghee),Salty,"Subtle,Smooth",Cold,Pungent,Detoxifying,1,0,1,0,1,0,0,0,0,1,0,0,0,0,0,0,0,1,1,0,0,0,0,0
344,Shatavari — Fruit,Asparagus racemosus,Mixed,Cool,Sour,Vata,Kapha,Kerala,Hepatoprotective,Immunity,Diarrhea,Taila (oil),Salty,Stable,Cold,Sweet,Carminative,1,0,1,0,0,0,0,1,1,1,1,0,1,1,1,1,0,0,0,0,0,-1,0,0
345,Shatavari — Flower,Asparagus racemosus,Sweet,Warm,Sweet,Pitta,Pitta,Nepal,Galactagogue,Female reproductive health,Pregnancy,Vati (tablets),Sweet,"Smooth,Light,Dry",Hot,Sweet,Diaphoretic,0,1,0,0,0,1,0,0,0,0,0,0,1,0,0,0,0,0,0,1,0,1,-2,1
346,Shatavari — Resin,Asparagus racemosus,Salty,Hot,Sweet,Pitta,All,Himachal Pradesh,Expectorant,"Stress, Anxiety",Bleeding disorders,Swarasa (juice),Salty,"Mobile,Cloudy,Dense",Hot,Sweet,Nervine tonic,0,1,0,1,0,0,0,1,1,1,1,0,0,1,0,1,0,0,0,0,0,2,0,1
347,Shatavari — Latex,Asparagus racemosus,Sweet,Warm,Sour,Vata,Vata,Karnataka,Hepatoprotective,Weight management,Pregnancy,Kwatha (decoction),Sweet,"Bland,Oily,Stable",Cold,Pungent,Detoxifying,1,0,0,1,1,0,0,0,1,1,1,0,0,0,1,0,0,0,1,0,0,-3,-2,3
348,Shatavari — Wild,Asparagus racemosus,Sweet,Cool,Bitter,All,All,Himachal Pradesh,Adaptogenic,Arthritis,Cold constitution,Kwatha (decoction),Sweet,"Clear,Oily",Cold,Astringent,Carminative,1,1,1,0,0,1,0,0,0,0,0,0,0,0,0,0,1,1,0,0,0,-3,-3,2
349,Shatavari — Rural,Asparagus racemosus,Sweet,Cool,Sweet,Kapha,All,India,Galactagogue,Immunity,Pregnancy,Ghrita (ghee),Sweet,"Mobile,Smooth",Cold,Sweet,Carminative,0,0,1,0,0,0,0,1,0,0,0,0,1,0,1,0,0,1,0,0,1,0,-2,1
350,Shatavari — Mountain,Asparagus racemosus,Astringent,Neutral,Sweet,Vata,Pitta,Rajasthan,Digestive stimulant,Skin diseases,Pitta excess,Taila (oil),Astringent,Bland,Hot,Sweet,Carminative,1,1,0,0,1,0,0,0,0,0,0,0,1,0,0,1,0,0,0,1,0,0,-2,-2
351,Shatavari — Coastal,Asparagus racemosus,Sweet,Hot,Sweet,All,All,Karnataka,Hepatoprotective,Female reproductive health,Cold constitution,Ghrita (ghee),Sweet,Hot,Hot,Sweet,Analgesic,1,1,1,0,0,1,0,0,1,1,1,0,0,1,1,1,1,0,0,0,0,-3,-1,-1
352,Shatavari — Indian,Asparagus racemosus,Sour,Neutral,Astringent,Vata,All,Kerala,Antimicrobial,Digestion,None,Kwatha (decoction),Sour,"Firm,Sharp",Cold,Astringent,Rejuvenating,1,0,0,1,0,1,1,1,0,0,0,1,0,1,1,1,0,0,0,0,0,-1,1,2
353,Shatavari — Himalayan,Asparagus racemosus,Mixed,Warm,Sour,All,All,Sri Lanka,Antimicrobial,Immunity,Pregnancy,Avaleha (jam),Astringent,Firm,Hot,Sweet,Diaphoretic,1,1,1,1,0,0,1,1,0,0,0,0,0,0,0,0,0,1,0,0,1,0,-2,-3
354,Shatavari — Malabar,Asparagus racemosus,Bitter,Warm,Pungent,All,Kapha,Tamil Nadu,Antimicrobial,Respiratory support,Bleeding disorders,Avaleha (jam),Bitter,"Dense,Mobile",Cold,Pungent,Diaphoretic,1,1,1,1,0,0,1,0,0,0,0,1,1,0,1,0,0,1,0,0,0,1,-3,-1
355,Shatavari — Kashmir,Asparagus racemosus,Sour,Cool,Sour,Vata,All,Rajasthan,Rejuvenative,"Stress, Anxiety",Bleeding disorders,Swarasa (juice),Sour,"Rough,Oily",Cold,Pungent,Galactagogue,1,0,0,0,0,0,1,1,0,0,1,0,0,0,0,0,0,0,0,0,1,-1,1,3
356,Shatavari — Kerala,Asparagus racemosus,Mixed,Cold,Sweet,Vata,Pitta,West Bengal,Analgesic,Hair care,Bleeding disorders,Ghrita (ghee),Pungent,"Clear,Light",Hot,Sweet,Galactagogue,1,1,0,1,1,0,0,1,0,0,1,0,0,0,1,0,0,0,1,0,0,-1,1,-3
357,Shatavari — Assam,Asparagus racemosus,Bitter,Cold,Astringent,Pitta,Pitta,Nepal,Hepatoprotective,Hair care,Pregnancy,Vati (tablets),Bitter,Clear,Cold,Astringent,Rejuvenative,0,1,0,0,1,0,0,0,1,0,0,1,0,1,1,0,0,0,0,0,1,2,-3,0
358,Guggulu — Root,Commiphora mukul,Mixed,Cool,Bitter,All,Kapha,Sri Lanka,Analgesic,Skin diseases,None,Kwatha (decoction),Salty,"Firm,Sticky",Cold,Sweet,Rejuvenating,1,1,1,1,1,1,1,0,0,0,0,0,1,0,1,1,0,0,0,1,0,-1,-2,1
359,Guggulu — Leaf,Commiphora mukul,Astringent,Cool,Astringent,Kapha,Vata,West Bengal,Diuretic,Respiratory support,Pitta excess,Kashaya (decoction),Astringent,"Cloudy,Liquid",Cold,Astringent,Galactagogue,1,0,1,0,0,0,1,1,0,0,0,1,0,1,0,1,1,0,0,0,0,0,-2,-2
360,Guggulu — Stem,Commiphora mukul,Astringent,Hot,Sweet,Kapha,Kapha,Tamil Nadu,Galactagogue,Respiratory support,Cold constitution,Avaleha (jam),Astringent,Rough,Hot,Sweet,Galactagogue,0,0,1,0,0,1,1,0,0,0,1,0,0,0,0,0,0,1,0,1,1,2,1,-3
361,Guggulu — Bark,Commiphora mukul,Astringent,Neutral,Sour,Vata,All,Nepal,Galactagogue,Arthritis,Pitta excess,Kashaya (decoction),Astringent,"Subtle,Sticky",Cold,Pungent,Nervine tonic,1,0,0,0,1,0,0,1,1,1,0,0,0,0,1,1,0,0,1,0,0,1,-2,1
362,Guggulu — Seed,Commiphora mukul,Sour,Cold,Sweet,All,Vata,West Bengal,Rejuvenative,Respiratory support,Cold constitution,Vati (tablets),Sour,"Sticky,Liquid",Cold,Sweet,Analgesic,1,1,1,0,0,0,0,1,0,1,1,1,0,0,0,0,0,0,1,0,0,-1,-2,1
363,Guggulu — Fruit,Commiphora mukul,Bitter,Cold,Bitter,All,Pitta,West Bengal,Analgesic,Immunity,None,Avaleha (jam),Bitter,Smooth,Cold,Pungent,Rejuvenative,1,1,1,0,1,0,0,0,0,1,0,0,1,0,0,0,0,1,1,0,0,0,-3,-2
364,Guggulu — Flower,Commiphora mukul,Mixed,Warm,Sour,Vata,Kapha,Tamil Nadu,Analgesic,Respiratory support,Cold constitution,Avaleha (jam),Sour,"Heavy,Bland",Hot,Sweet,Carminative,1,0,1,1,1,0,0,1,0,0,0,1,0,0,1,0,1,1,0,0,0,-1,2,-1
365,Guggulu — Resin,Commiphora mukul,Sweet,Warm,Sour,Pitta,Kapha,Tamil Nadu,Cardiotonic,Hair care,Bleeding disorders,Swarasa (juice),Sweet,"Mobile,Hot,Heavy",Hot,Pungent,Diaphoretic,0,1,1,0,0,1,0,0,0,0,1,0,1,0,1,1,0,0,0,1,0,0,-1,0
366,Guggulu — Latex,Commiphora mukul,Sweet,Cool,Pungent,Vata,Kapha,India,Antimicrobial,Hair care,Pitta excess,Vati (tablets),Sweet,Dry,Cold,Pungent,Aphrodisiac,1,0,1,1,1,0,1,1,1,0,1,0,0,1,0,0,1,0,0,1,0,-2,-2,1
367,Guggulu — Wild,Commiphora mukul,Salty,Neutral,Sweet,All,Kapha,Kerala,Analgesic,Immunity,Bleeding disorders,Ghrita (ghee),Salty,"Soft,Clear,Dry",Hot,Sweet,Carminative,1,1,1,1,1,0,0,0,1,1,0,0,0,0,1,0,0,0,0,0,0,0,0,-2
368,Guggulu — Rural,Commiphora mukul,Sweet,Cool,Pungent,Pitta,Pitta,Karnataka,Immunomodulatory,Immunity,Pregnancy,Churna (powder),Sweet,Heavy,Cold,Pungent,Rejuvenating,0,1,0,0,0,1,1,0,1,1,0,0,0,0,0,1,0,0,0,1,1,-1,-3,3
369,Guggulu — Mountain,Commiphora mukul,Salty,Warm,Sour,Pitta,All,Karnataka,Hepatoprotective,Skin diseases,Diarrhea,Vati (tablets),Salty,"Subtle,Heavy,Sharp",Cold,Sweet,Nervine tonic,0,1,0,0,1,1,1,1,1,1,0,0,0,0,1,0,0,0,1,0,0,2,-1,3
370,Guggulu — Coastal,Commiphora mukul,Salty,Cool,Sweet,All,Kapha,Sri Lanka,Rejuvenative,Arthritis,None,Taila (oil),Salty,"Dry,Stable,Light",Cold,Sweet,Nervine tonic,1,1,1,0,0,1,0,1,0,1,1,0,0,0,0,0,1,0,0,1,0,1,-2,0
371,Guggulu — Indian,Commiphora mukul,Mixed,Cool,Pungent,Pitta,Kapha,Assam,Digestive stimulant,"Stress, Anxiety",Diarrhea,Kashaya (decoction),Sweet,"Oily,Hot,Cold",Cold,Pungent,Carminative,0,1,1,0,1,1,0,0,1,0,0,1,0,0,0,0,0,0,1,1,1,0,-3,2
372,Guggulu — Himalayan,Commiphora mukul,Astringent,Warm,Bitter,All,Pitta,Uttar Pradesh,Cardiotonic,Skin diseases,Pitta excess,Churna (powder),Astringent,Sharp,Hot,Sweet,Detoxifying,1,1,1,0,1,0,0,1,0,1,0,0,0,0,0,0,0,1,0,0,1,0,-1,-3
373,Guggulu — Malabar,Commiphora mukul,Salty,Cool,Astringent,Vata,Vata,Rajasthan,Immunomodulatory,Skin diseases,Pitta excess,Kashaya (decoction),Salty,"Stable,Cloudy",Cold,Astringent,Diaphoretic,1,0,0,1,0,0,0,0,1,0,1,0,1,0,0,0,0,0,0,0,0,-1,0,2
374,Guggulu — Kashmir,Commiphora mukul,Sour,Cold,Bitter,Vata,Pitta,Assam,Analgesic,Digestion,None,Churna (powder),Sour,"Sticky,Cloudy",Cold,Astringent,Detoxifying,1,1,0,0,1,0,0,1,0,1,0,0,1,0,0,0,0,0,0,0,0,-1,-2,3
375,Guggulu — Kerala,Commiphora mukul,Astringent,Neutral,Astringent,Pitta,All,Tamil Nadu,Analgesic,Arthritis,Pregnancy,Swarasa (juice),Astringent,Mobile,Hot,Astringent,Carminative,0,1,0,0,1,0,0,1,0,0,0,0,0,0,1,1,1,0,0,0,0,3,-2,-2
376,Guggulu — Assam,Commiphora mukul,Bitter,Warm,Pungent,Pitta,Vata,Rajasthan,Expectorant,Skin diseases,Diarrhea,Kashaya (decoction),Bitter,"Clear,Smooth",Hot,Pungent,Nervine tonic,1,1,0,0,1,0,0,0,1,0,0,0,1,0,0,1,1,0,0,0,0,0,-2,-2
377,Tulsi — Root,Ocimum tenuiflorum,Astringent,Neutral,Sweet,Vata,Vata,Rajasthan,Digestive stimulant,Skin diseases,Cold constitution,Avaleha (jam),Astringent,"Cloudy,Bland",Cold,Sweet,Carminative,1,0,0,0,1,0,0,0,1,0,1,0,0,1,0,0,0,1,1,1,0,0,-2,0
378,Tulsi — Leaf,Ocimum tenuiflorum,Bitter,Warm,Pungent,Kapha,Vata,Kerala,Digestive stimulant,Female reproductive health,Diarrhea,Kashaya (decoction),Bitter,Sharp,Cold,Pungent,Rejuvenating,1,0,1,1,0,0,1,0,1,1,1,1,0,0,1,0,0,0,0,0,0,0,-1,-2
379,Tulsi — Stem,Ocimum tenuiflorum,Bitter,Hot,Bitter,Vata,Pitta,Karnataka,Adaptogenic,Female reproductive health,Pregnancy,Swarasa (juice),Bitter,Oily,Hot,Pungent,Rejuvenating,1,1,0,0,0,0,0,0,1,0,1,0,0,0,0,1,1,0,0,1,0,0,-2,-1
380,Tulsi — Bark,Ocimum tenuiflorum,Pungent,Neutral,Bitter,Pitta,Vata,India,Analgesic,Respiratory support,Cold constitution,Churna (powder),Pungent,Mobile,Hot,Sweet,Analgesic,1,1,0,0,1,0,0,0,1,0,0,1,1,0,0,1,0,1,0,0,0,-1,1,-3
381,Tulsi — Seed,Ocimum tenuiflorum,Astringent,Cool,Sweet,All,Kapha,Rajasthan,Rejuvenative,Digestion,Pitta excess,Kwatha (decoction),Astringent,Light,Cold,Sweet,Carminative,1,1,1,0,0,0,1,0,1,0,0,0,0,1,0,0,0,0,0,1,0,1,-3,-2
382,Tulsi — Fruit,Ocimum tenuiflorum,Sweet,Cold,Sweet,Kapha,Pitta,Kerala,Analgesic,Heart health,Pitta excess,Vati (tablets),Sweet,"Rough,Dry,Light",Hot,Sweet,Rejuvenative,0,1,1,0,1,1,1,1,0,0,1,1,1,0,1,0,0,0,0,1,0,1,-1,-1
383,Tulsi — Flower,Ocimum tenuiflorum,Mixed,Cool,Bitter,Pitta,Pitta,Tamil Nadu,Rejuvenative,Liver disorders,Pregnancy,Taila (oil),Salty,Subtle,Cold,Astringent,Nervine tonic,0,1,0,0,0,0,0,1,0,0,0,0,1,0,1,0,0,0,0,1,0,2,-2,2
384,Tulsi — Resin,Ocimum tenuiflorum,Pungent,Hot,Pungent,Vata,Kapha,Rajasthan,Diuretic,Female reproductive health,Cold constitution,Kashaya (decoction),Pungent,"Mobile,Clear",Hot,Pungent,Carminative,1,0,1,1,0,0,1,0,1,0,1,0,1,0,0,1,1,0,1,0,0,-1,3,-3
385,Tulsi — Latex,Ocimum tenuiflorum,Sweet,Hot,Pungent,Kapha,Kapha,Kerala,Galactagogue,"Stress, Anxiety",Pitta excess,Kwatha (decoction),Sweet,"Rough,Hot",Hot,Pungent,Galactagogue,0,0,1,0,0,0,0,0,0,1,0,1,0,0,0,0,0,0,0,0,0,-1,2,-1
386,Tulsi — Wild,Ocimum tenuiflorum,Mixed,Warm,Bitter,All,All,Himachal Pradesh,Analgesic,Skin diseases,None,Kashaya (decoction),Sour,"Dry,Mobile,Clear",Cold,Pungent,Rejuvenating,1,1,1,0,1,1,0,1,1,0,0,0,0,0,0,1,0,0,1,1,0,1,-2,0
387,Tulsi — Rural,Ocimum tenuiflorum,Sweet,Neutral,Astringent,Vata,All,Tamil Nadu,Antimicrobial,Weight management,Bleeding disorders,Taila (oil),Sweet,Dry,Cold,Astringent,Analgesic,1,0,0,1,0,0,1,1,0,1,0,0,0,0,0,1,1,0,0,1,0,-2,-2,3
388,Tulsi — Mountain,Ocimum tenuiflorum,Sweet,Hot,Sweet,Kapha,Kapha,Rajasthan,Expectorant,Weight management,Diarrhea,Avaleha (jam),Sweet,"Light,Soft",Hot,Sweet,Demulcent,0,0,1,0,0,1,0,1,1,1,1,0,0,0,0,0,0,0,0,0,1,0,0,-1
389,Tulsi — Coastal,Ocimum tenuiflorum,Pungent,Cool,Astringent,All,Vata,West Bengal,Cardiotonic,Female reproductive health,Pitta excess,Churna (powder),Pungent,"Subtle,Soft,Cloudy",Cold,Astringent,Analgesic,1,1,1,0,0,1,1,0,0,0,0,0,1,0,0,0,0,0,0,1,0,-1,-1,-3
390,Tulsi — Indian,Ocimum tenuiflorum,Bitter,Cool,Astringent,Pitta,Vata,Karnataka,Cardiotonic,Hair care,None,Churna (powder),Bitter,"Smooth,Stable,Soft",Cold,Astringent,Demulcent,1,1,0,0,0,0,0,1,1,1,1,1,0,0,0,0,0,0,1,1,1,0,-3,0
391,Tulsi — Himalayan,Ocimum tenuiflorum,Pungent,Hot,Pungent,Kapha,Kapha,Himachal Pradesh,Cardiotonic,Digestion,Cold constitution,Vati (tablets),Pungent,"Cold,Smooth,Dry",Hot,Pungent,Carminative,0,0,1,0,0,0,1,0,0,1,0,0,0,1,0,0,0,0,0,0,0,2,3,-3
392,Tulsi — Malabar,Ocimum tenuiflorum,Salty,Cool,Astringent,Kapha,All,Tamil Nadu,Cardiotonic,Skin diseases,Cold constitution,Swarasa (juice),Salty,Soft,Cold,Astringent,Rejuvenative,0,0,1,0,0,0,0,0,1,1,0,1,0,1,0,1,0,0,1,0,0,1,0,0
393,Tulsi — Kashmir,Ocimum tenuiflorum,Astringent,Warm,Astringent,Pitta,Vata,Kerala,Rejuvenative,Skin diseases,None,Avaleha (jam),Astringent,"Liquid,Sticky,Cold",Cold,Astringent,Diaphoretic,1,1,0,1,0,0,0,0,0,0,0,1,0,0,0,0,1,0,0,1,0,1,-3,1
394,Tulsi — Kerala,Ocimum tenuiflorum,Sour,Hot,Astringent,Kapha,All,Uttar Pradesh,Cardiotonic,Immunity,Diarrhea,Kashaya (decoction),Sour,"Sticky,Bland,Heavy",Hot,Astringent,Rejuvenating,0,0,1,1,0,0,0,0,0,0,0,0,1,0,0,0,1,0,0,0,0,1,2,0
395,Tulsi — Assam,Ocimum tenuiflorum,Pungent,Hot,Pungent,Vata,All,Karnataka,Rejuvenative,Liver disorders,Pregnancy,Swarasa (juice),Pungent,"Oily,Sharp,Rough",Hot,Pungent,Demulcent,1,0,0,0,0,0,1,0,1,1,0,0,1,0,0,0,0,0,0,0,1,-2,3,-2
396,Arjuna — Root,Terminalia arjuna,Salty,Warm,Sweet,Kapha,Kapha,Karnataka,Rejuvenative,Hair care,Bleeding disorders,Swarasa (juice),Salty,Heavy,Cold,Sweet,Aphrodisiac,0,0,1,0,1,0,0,0,0,0,0,0,0,0,0,1,0,1,0,1,1,1,0,1
397,Arjuna — Leaf,Terminalia arjuna,Sour,Cold,Sweet,Pitta,Pitta,Uttar Pradesh,Expectorant,Digestion,Pitta excess,Swarasa (juice),Sour,"Clear,Mobile,Soft",Hot,Sweet,Galactagogue,0,1,0,0,0,0,1,0,0,0,0,0,0,0,0,0,1,1,1,1,0,2,0,0
398,Arjuna — Stem,Terminalia arjuna,Astringent,Neutral,Pungent,Vata,Vata,Rajasthan,Antimicrobial,Liver disorders,Cold constitution,Avaleha (jam),Astringent,"Oily,Mobile,Dense",Cold,Pungent,Nervine tonic,1,0,0,1,1,0,1,0,0,0,0,0,0,1,0,0,0,0,0,1,0,1,-2,2
399,Arjuna — Bark,Terminalia arjuna,Mixed,Cool,Sour,Vata,Pitta,West Bengal,Galactagogue,Respiratory support,None,Kashaya (decoction),Sweet,Dense,Cold,Pungent,Carminative,1,1,0,1,0,1,0,0,0,0,0,1,1,0,0,0,1,0,0,0,0,-3,-3,3
400,Arjuna — Seed,Terminalia arjuna,Salty,Neutral,Astringent,Pitta,Pitta,Karnataka,Antimicrobial,Heart health,Pregnancy,Kwatha (decoction),Salty,Mobile,Cold,Astringent,Demulcent,0,1,0,1,0,0,1,1,0,0,1,1,0,0,0,0,0,0,1,0,1,2,-2,2
401,Arjuna — Fruit,Terminalia arjuna,Sour,Cold,Astringent,Pitta,Pitta,West Bengal,Rejuvenative,Arthritis,Pitta excess,Taila (oil),Sour,"Heavy,Mobile",Hot,Astringent,Analgesic,0,1,0,0,1,1,0,0,0,0,0,0,1,0,0,0,1,1,0,1,0,2,0,1
402,Arjuna — Flower,Terminalia arjuna,Mixed,Hot,Astringent,Pitta,Kapha,Karnataka,Galactagogue,Immunity,Cold constitution,Kwatha (decoction),Sweet,"Dense,Mobile",Hot,Astringent,Detoxifying,0,1,1,0,0,0,0,0,1,1,1,0,1,0,0,0,0,0,0,0,1,0,-2,0
403,Arjuna — Resin,Terminalia arjuna,Sour,Cold,Sour,Pitta,Pitta,Sri Lanka,Cardiotonic,Weight management,Pitta excess,Churna (powder),Sour,Liquid,Hot,Sweet,Analgesic,0,1,0,0,0,0,0,0,0,0,1,0,0,1,1,1,0,0,0,0,1,1,0,0
404,Arjuna — Latex,Terminalia arjuna,Mixed,Hot,Sweet,Vata,Kapha,Sri Lanka,Digestive stimulant,Weight management,None,Churna (powder),Astringent,Liquid,Hot,Sweet,Demulcent,1,0,1,1,0,1,1,0,0,1,0,0,1,0,0,0,0,0,0,0,0,0,0,-3
405,Arjuna — Wild,Terminalia arjuna,Astringent,Neutral,Astringent,Kapha,All,Uttar Pradesh,Galactagogue,Female reproductive health,Pitta excess,Kashaya (decoction),Astringent,Mobile,Hot,Astringent,Aphrodisiac,0,0,1,1,0,0,0,0,0,0,1,1,1,0,0,0,0,0,0,1,0,3,0,-3
406,Arjuna — Rural,Terminalia arjuna,Bitter,Hot,Pungent,All,All,Assam,Expectorant,Arthritis,Pitta excess,Vati (tablets),Bitter,"Liquid,Sticky",Hot,Pungent,Carminative,1,1,1,1,0,0,1,0,1,0,1,0,0,0,0,0,0,0,0,1,0,0,-2,-3
407,Arjuna — Mountain,Terminalia arjuna,Sweet,Warm,Astringent,All,Pitta,West Bengal,Diuretic,Heart health,Pregnancy,Swarasa (juice),Sweet,Smooth,Cold,Astringent,Diaphoretic,1,1,1,0,0,0,0,1,1,1,0,1,0,1,0,1,0,0,0,1,0,-3,-3,1
408,Arjuna — Coastal,Terminalia arjuna,Pungent,Cool,Sweet,Kapha,All,Uttar Pradesh,Hepatoprotective,Respiratory support,Pregnancy,Taila (oil),Pungent,"Stable,Hot",Cold,Sweet,Nervine tonic,0,0,1,1,0,0,0,0,1,0,0,0,0,1,0,0,0,0,0,1,0,0,2,-3
409,Arjuna — Indian,Terminalia arjuna,Astringent,Neutral,Bitter,Pitta,Pitta,West Bengal,Cardiotonic,"Stress, Anxiety",Bleeding disorders,Vati (tablets),Astringent,"Subtle,Light",Hot,Pungent,Rejuvenating,0,1,0,0,0,1,0,0,0,1,0,0,0,0,0,1,0,0,0,1,0,3,-2,-2
410,Arjuna — Himalayan,Terminalia arjuna,Astringent,Neutral,Bitter,All,Kapha,Assam,Anti-inflammatory,Respiratory support,None,Kashaya (decoction),Astringent,Firm,Hot,Pungent,Rejuvenative,1,1,1,1,0,0,1,1,0,0,0,0,0,0,0,0,1,1,0,0,0,0,-2,-3
411,Arjuna — Malabar,Terminalia arjuna,Pungent,Cold,Sour,Kapha,Vata,Kerala,Adaptogenic,Liver disorders,Cold constitution,Kashaya (decoction),Pungent,"Stable,Soft",Hot,Sweet,Rejuvenating,1,0,1,0,0,0,0,0,0,1,1,1,0,1,1,0,0,0,0,0,0,-2,3,-3
412,Arjuna — Kashmir,Terminalia arjuna,Sweet,Neutral,Sweet,Vata,All,Karnataka,Adaptogenic,"Stress, Anxiety",None,Swarasa (juice),Sweet,"Stable,Smooth,Cold",Hot,Sweet,Nervine tonic,1,0,0,1,0,0,1,0,0,0,1,1,0,1,0,1,0,0,1,0,0,-2,0,1
413,Arjuna — Kerala,Terminalia arjuna,Bitter,Cool,Sweet,Pitta,Kapha,India,Adaptogenic,Respiratory support,None,Kashaya (decoction),Bitter,Hot,Cold,Sweet,Galactagogue,0,1,1,0,0,1,0,1,0,1,1,0,0,0,0,0,0,0,1,0,1,2,-3,-2
414,Arjuna — Assam,Terminalia arjuna,Mixed,Neutral,Astringent,Vata,Pitta,Tamil Nadu,Antimicrobial,"Stress, Anxiety",Pitta excess,Swarasa (juice),Sour,"Cold,Dry",Cold,Astringent,Detoxifying,1,1,0,1,0,0,1,0,1,0,1,0,1,0,1,0,0,0,0,0,0,1,-2,2
415,Haritaki — Root,Terminalia chebula,Mixed,Cold,Pungent,All,Vata,Kerala,Anti-inflammatory,Skin diseases,Diarrhea,Swarasa (juice),Salty,Cold,Cold,Pungent,Carminative,1,1,1,1,0,0,1,0,0,0,0,0,0,0,0,1,0,0,0,0,0,0,-2,0
416,Haritaki — Leaf,Terminalia chebula,Mixed,Cool,Sour,All,Pitta,Nepal,Diuretic,Skin diseases,Pitta excess,Swarasa (juice),Bitter,Dry,Cold,Sweet,Analgesic,1,1,1,1,0,0,0,1,0,0,0,0,0,0,0,0,0,0,1,0,1,1,-3,-2
417,Haritaki — Stem,Terminalia chebula,Pungent,Cool,Sour,Kapha,Kapha,India,Diuretic,Heart health,None,Taila (oil),Pungent,Mobile,Cold,Pungent,Diaphoretic,0,0,1,0,1,0,0,0,0,1,1,1,1,0,0,0,0,0,0,1,0,1,1,-3
418,Haritaki — Bark,Terminalia chebula,Astringent,Hot,Astringent,Kapha,Vata,Himachal Pradesh,Cardiotonic,Immunity,Diarrhea,Churna (powder),Astringent,Heavy,Hot,Astringent,Carminative,1,0,1,1,1,0,0,1,0,1,0,1,0,0,0,1,0,0,0,0,1,0,0,-3
419,Haritaki — Seed,Terminalia chebula,Sour,Cool,Astringent,Pitta,Vata,Nepal,Expectorant,Skin diseases,Cold constitution,Avaleha (jam),Sour,"Rough,Bland",Cold,Astringent,Diaphoretic,1,1,0,0,0,0,0,0,1,0,0,1,0,0,0,0,0,1,0,0,0,-1,-1,2
420,Haritaki — Fruit,Terminalia chebula,Pungent,Cold,Sweet,Vata,Pitta,Kerala,Expectorant,"Stress, Anxiety",None,Vati (tablets),Pungent,"Sharp,Soft,Bland",Hot,Sweet,Demulcent,1,1,0,0,1,1,0,1,0,0,0,1,0,0,1,0,0,0,1,1,0,-2,2,-3
421,Haritaki — Flower,Terminalia chebula,Astringent,Cold,Bitter,All,Vata,Karnataka,Diuretic,Arthritis,Cold constitution,Swarasa (juice),Astringent,"Light,Mobile,Bland",Cold,Pungent,Rejuvenative,1,1,1,1,1,1,0,0,0,1,0,0,0,0,1,0,0,0,1,0,1,2,-3,-2
422,Haritaki — Resin,Terminalia chebula,Salty,Cool,Sour,All,Kapha,Karnataka,Expectorant,Heart health,Pitta excess,Swarasa (juice),Salty,"Soft,Clear",Cold,Sweet,Demulcent,1,1,1,0,0,1,1,0,0,0,1,1,0,0,0,0,1,1,0,1,0,-1,-2,0
423,Haritaki — Latex,Terminalia chebula,Salty,Warm,Sour,All,Pitta,Uttar Pradesh,Adaptogenic,Heart health,Pitta excess,Ghrita (ghee),Salty,Light,Cold,Pungent,Rejuvenative,1,1,1,1,1,0,0,0,1,1,0,0,0,1,0,0,0,0,0,0,0,0,-2,0
424,Haritaki — Wild,Terminalia chebula,Sweet,Warm,Pungent,All,Kapha,Assam,Analgesic,Heart health,Diarrhea,Taila (oil),Sweet,"Hot,Stable",Hot,Pungent,Galactagogue,1,1,1,0,1,0,0,0,1,0,0,0,0,1,1,1,1,0,0,0,0,-3,-1,-1
425,Haritaki — Rural,Terminalia chebula,Sweet,Hot,Sour,All,All,West Bengal,Hepatoprotective,Immunity,Pregnancy,Taila (oil),Sweet,"Hot,Smooth,Soft",Hot,Sweet,Nervine tonic,1,1,1,1,0,0,1,0,1,0,0,0,0,0,0,1,0,1,0,0,0,-3,-1,-1
426,Haritaki — Mountain,Terminalia chebula,Salty,Hot,Astringent,All,Kapha,Assam,Digestive stimulant,Arthritis,Cold constitution,Taila (oil),Salty,"Smooth,Hot,Dry",Hot,Astringent,Rejuvenative,1,1,1,0,0,0,1,0,0,1,0,1,0,0,0,0,0,1,1,0,0,0,1,-2
427,Haritaki — Coastal,Terminalia chebula,Sour,Warm,Pungent,Vata,Pitta,Uttar Pradesh,Anti-inflammatory,Hair care,Cold constitution,Ghrita (ghee),Sour,Stable,Hot,Pungent,Analgesic,1,1,0,1,1,0,0,0,0,0,1,0,0,1,0,0,0,0,0,0,0,-1,0,0
428,Haritaki — Indian,Terminalia chebula,Salty,Cold,Sweet,Vata,All,West Bengal,Rejuvenative,Liver disorders,Pregnancy,Vati (tablets),Salty,"Soft,Mobile,Stable",Hot,Sweet,Demulcent,1,0,0,1,1,0,0,0,1,0,0,0,0,1,0,0,0,0,0,0,1,0,2,0
429,Haritaki — Himalayan,Terminalia chebula,Bitter,Neutral,Pungent,All,All,Assam,Galactagogue,Arthritis,Pitta excess,Swarasa (juice),Bitter,"Dry,Sharp,Stable",Hot,Pungent,Rejuvenative,1,1,1,1,0,0,0,0,0,0,1,1,0,0,0,1,0,1,1,0,0,1,-1,-3
430,Haritaki — Malabar,Terminalia chebula,Sweet,Hot,Sweet,Pitta,Vata,Karnataka,Antimicrobial,Skin diseases,Pregnancy,Avaleha (jam),Sweet,"Cloudy,Sticky,Dry",Hot,Sweet,Aphrodisiac,1,1,0,1,1,0,1,1,0,1,1,0,0,0,1,0,1,0,0,1,0,-2,-2,2
431,Haritaki — Kashmir,Terminalia chebula,Mixed,Cool,Pungent,Kapha,Vata,Kerala,Adaptogenic,Weight management,Cold constitution,Kwatha (decoction),Bitter,"Dry,Oily",Cold,Pungent,Diaphoretic,1,0,1,0,0,1,0,0,0,0,1,1,0,0,0,0,1,1,0,1,0,1,-2,-1
432,Haritaki — Kerala,Terminalia chebula,Sweet,Warm,Bitter,All,Pitta,India,Expectorant,Immunity,Bleeding disorders,Kwatha (decoction),Sweet,Stable,Hot,Pungent,Diaphoretic,1,1,1,1,0,0,1,0,0,0,0,0,0,0,0,1,0,0,0,1,0,-3,-2,-1
433,Haritaki — Assam,Terminalia chebula,Sweet,Cold,Bitter,Kapha,Pitta,Kerala,Rejuvenative,"Stress, Anxiety",Pitta excess,Ghrita (ghee),Sweet,"Cloudy,Soft,Mobile",Hot,Astringent,Aphrodisiac,0,1,1,1,0,1,0,1,1,0,0,0,1,0,0,0,0,0,0,0,0,0,-2,-1
434,Bibhitaki — Root,Terminalia bellirica,Pungent,Neutral,Bitter,All,Kapha,Tamil Nadu,Antimicrobial,Hair care,Pregnancy,Vati (tablets),Pungent,"Cold,Soft,Stable",Hot,Pungent,Nervine tonic,1,1,1,1,0,0,1,0,0,1,0,0,0,1,0,0,0,0,0,0,0,-1,1,-3
435,Bibhitaki — Leaf,Terminalia bellirica,Pungent,Cool,Astringent,Pitta,Vata,Rajasthan,Antimicrobial,Arthritis,None,Taila (oil),Pungent,"Heavy,Oily,Bland",Cold,Astringent,Rejuvenating,1,1,0,1,0,1,1,0,1,0,0,0,0,0,1,0,0,1,0,0,1,-2,-1,1
436,Bibhitaki — Stem,Terminalia bellirica,Sweet,Warm,Sour,Vata,Kapha,Sri Lanka,Analgesic,Arthritis,Pregnancy,Kwatha (decoction),Sweet,Soft,Cold,Astringent,Diaphoretic,1,0,1,0,1,0,0,0,1,0,0,0,0,0,0,1,0,0,1,0,0,-3,-2,1
437,Bibhitaki — Bark,Terminalia bellirica,Astringent,Warm,Pungent,All,Kapha,Tamil Nadu,Galactagogue,Immunity,Pitta excess,Ghrita (ghee),Astringent,Firm,Cold,Pungent,Analgesic,1,1,1,0,0,0,0,0,0,0,0,0,0,0,0,0,0,1,0,0,0,0,-3,-2
438,Bibhitaki — Seed,Terminalia bellirica,Pungent,Cold,Bitter,Pitta,All,Nepal,Analgesic,Female reproductive health,Diarrhea,Kashaya (decoction),Pungent,Clear,Hot,Astringent,Carminative,0,1,0,1,1,1,1,1,1,1,0,0,0,0,0,0,0,0,0,1,0,0,1,-3
439,Bibhitaki — Fruit,Terminalia bellirica,Mixed,Neutral,Pungent,Pitta,Vata,India,Expectorant,Heart health,Diarrhea,Swarasa (juice),Salty,Stable,Cold,Pungent,Diaphoretic,1,1,0,0,1,0,1,0,1,1,0,0,0,0,0,1,1,0,1,1,0,-1,-2,2
440,Bibhitaki — Flower,Terminalia bellirica,Bitter,Neutral,Sweet,Vata,Pitta,Nepal,Diuretic,Skin diseases,Bleeding disorders,Swarasa (juice),Bitter,Light,Hot,Sweet,Analgesic,1,1,0,0,0,0,0,0,0,0,0,0,0,0,0,0,0,0,0,0,1,1,-2,-2
441,Bibhitaki — Resin,Terminalia bellirica,Mixed,Neutral,Bitter,Vata,Pitta,Nepal,Expectorant,Respiratory support,Cold constitution,Kashaya (decoction),Salty,"Cold,Light",Cold,Pungent,Analgesic,1,1,0,0,1,0,1,0,0,0,1,0,0,0,0,0,0,1,0,1,0,1,-2,2
442,Bibhitaki — Latex,Terminalia bellirica,Mixed,Hot,Bitter,Pitta,All,Assam,Cardiotonic,Digestion,Cold constitution,Kashaya (decoction),Bitter,Light,Hot,Sweet,Rejuvenative,0,1,0,1,1,1,0,1,1,0,0,1,0,0,1,1,0,1,0,0,0,3,-2,-2
443,Bibhitaki — Wild,Terminalia bellirica,Salty,Warm,Sweet,All,Kapha,Kerala,Rejuvenative,Arthritis,Cold constitution,Kwatha (decoction),Salty,"Dense,Stable,Bland",Cold,Sweet,Nervine tonic,1,1,1,1,0,0,0,0,0,0,0,0,1,0,0,0,0,1,0,0,1,-1,-2,1
444,Bibhitaki — Rural,Terminalia bellirica,Bitter,Cool,Astringent,Vata,Vata,Tamil Nadu,Expectorant,Digestion,Pitta excess,Avaleha (jam),Bitter,"Light,Hot,Mobile",Cold,Astringent,Analgesic,1,0,0,1,0,0,0,0,0,1,0,0,0,0,0,0,0,1,1,1,1,2,-1,0
445,Bibhitaki — Mountain,Terminalia bellirica,Pungent,Cold,Bitter,Kapha,All,Assam,Antimicrobial,Female reproductive health,Pregnancy,Vati (tablets),Pungent,"Cloudy,Rough,Clear",Hot,Pungent,Demulcent,0,0,1,1,1,1,1,0,0,0,0,0,0,0,0,1,0,0,0,0,1,0,3,-3
446,Bibhitaki — Coastal,Terminalia bellirica,Salty,Warm,Sweet,Pitta,All,India,Hepatoprotective,Arthritis,Pregnancy,Churna (powder),Salty,"Mobile,Sticky",Cold,Sweet,Analgesic,0,1,0,0,0,1,0,0,1,0,0,0,1,1,0,0,0,0,0,1,0,2,-2,3
447,Bibhitaki — Indian,Terminalia bellirica,Sweet,Cool,Sour,All,All,Uttar Pradesh,Digestive stimulant,Liver disorders,Pitta excess,Vati (tablets),Sweet,"Light,Soft",Cold,Sweet,Galactagogue,1,1,1,0,0,1,0,1,0,1,1,1,0,1,0,0,0,0,1,0,0,-2,-3,1
448,Bibhitaki — Himalayan,Terminalia bellirica,Sweet,Cold,Sweet,Vata,All,Nepal,Anti-inflammatory,Arthritis,Bleeding disorders,Kwatha (decoction),Sweet,Oily,Cold,Sweet,Rejuvenating,1,0,0,1,0,0,0,0,1,0,0,0,0,1,1,1,1,0,0,0,0,-3,-2,3
449,Bibhitaki — Malabar,Terminalia bellirica,Bitter,Neutral,Sweet,All,Vata,Uttar Pradesh,Rejuvenative,Digestion,None,Kashaya (decoction),Bitter,Firm,Cold,Sweet,Rejuvenative,1,1,1,1,1,1,0,1,0,1,1,0,0,0,0,1,0,0,0,0,0,0,-3,-2
450,Bibhitaki — Kashmir,Terminalia bellirica,Pungent,Neutral,Pungent,Vata,Pitta,India,Adaptogenic,Arthritis,Diarrhea,Swarasa (juice),Pungent,"Oily,Cloudy",Cold,Pungent,Demulcent,1,1,0,0,0,1,0,0,1,0,1,0,0,0,1,0,0,0,0,0,0,-2,-1,0
451,Bibhitaki — Kerala,Terminalia bellirica,Sour,Neutral,Astringent,Pitta,Kapha,Karnataka,Galactagogue,Heart health,Bleeding disorders,Avaleha (jam),Sour,"Cloudy,Stable",Hot,Astringent,Galactagogue,0,1,1,0,1,0,1,1,0,0,0,0,1,0,0,0,0,0,0,0,0,1,0,-2
452,Bibhitaki — Assam,Terminalia bellirica,Sweet,Warm,Sweet,Pitta,All,India,Expectorant,Digestion,Pitta excess,Avaleha (jam),Sweet,"Bland,Mobile,Oily",Hot,Sweet,Galactagogue,0,1,0,1,0,0,0,0,1,0,0,0,0,1,0,0,0,0,0,1,0,0,-2,2
453,Yashtimadhu — Root,Glycyrrhiza glabra,Mixed,Neutral,Astringent,All,All,Karnataka,Adaptogenic,Female reproductive health,Bleeding disorders,Kashaya (decoction),Pungent,Cloudy,Cold,Astringent,Detoxifying,1,1,1,0,0,0,1,0,0,1,0,0,0,0,1,1,0,1,0,0,0,-2,-1,-3
454,Yashtimadhu — Leaf,Glycyrrhiza glabra,Pungent,Cold,Astringent,Pitta,All,Kerala,Diuretic,Female reproductive health,None,Vati (tablets),Pungent,"Sharp,Cold",Hot,Astringent,Nervine tonic,0,1,0,0,0,1,0,1,1,0,1,0,0,1,0,0,0,0,0,0,0,1,2,-3
455,Yashtimadhu — Stem,Glycyrrhiza glabra,Astringent,Cold,Astringent,Pitta,Kapha,Sri Lanka,Immunomodulatory,Liver disorders,Pitta excess,Kwatha (decoction),Astringent,"Light,Heavy,Sticky",Hot,Astringent,Carminative,0,1,1,1,0,0,0,0,0,0,0,1,0,0,0,0,1,1,0,1,0,3,-2,-2
456,Yashtimadhu — Bark,Glycyrrhiza glabra,Sour,Cold,Sweet,Kapha,All,Sri Lanka,Cardiotonic,Weight management,Pregnancy,Kwatha (decoction),Sour,"Stable,Subtle,Smooth",Cold,Sweet,Analgesic,0,0,1,0,0,0,0,0,0,0,0,0,1,1,0,1,1,0,0,0,0,2,0,0
457,Yashtimadhu — Seed,Glycyrrhiza glabra,Pungent,Neutral,Sour,Pitta,All,Uttar Pradesh,Analgesic,Immunity,Pregnancy,Ghrita (ghee),Pungent,"Soft,Liquid",Cold,Sweet,Nervine tonic,0,1,0,0,1,0,1,0,1,0,0,0,0,1,0,1,1,0,1,0,0,0,-1,-1
458,Yashtimadhu — Fruit,Glycyrrhiza glabra,Pungent,Hot,Bitter,Pitta,Pitta,Himachal Pradesh,Digestive stimulant,Heart health,Pitta excess,Taila (oil),Pungent,"Oily,Firm,Liquid",Hot,Sweet,Demulcent,0,1,0,1,0,0,1,1,0,0,0,0,0,0,0,0,0,0,0,1,0,0,1,-2
459,Yashtimadhu — Flower,Glycyrrhiza glabra,Astringent,Cool,Sour,Kapha,Kapha,Rajasthan,Analgesic,Heart health,None,Kashaya (decoction),Astringent,"Cloudy,Dense,Heavy",Cold,Pungent,Analgesic,0,0,1,1,1,0,0,0,0,1,1,1,0,0,1,1,0,0,0,1,0,2,-2,0
460,Yashtimadhu — Resin,Glycyrrhiza glabra,Bitter,Cool,Astringent,Pitta,Kapha,West Bengal,Antimicrobial,Digestion,Cold constitution,Ghrita (ghee),Bitter,Light,Cold,Astringent,Aphrodisiac,0,1,1,1,1,1,1,0,0,0,0,0,0,0,0,1,1,0,1,1,0,3,-3,-2
461,Yashtimadhu — Latex,Glycyrrhiza glabra,Salty,Cold,Sweet,Kapha,All,Rajasthan,Hepatoprotective,Arthritis,Pitta excess,Ghrita (ghee),Salty,"Firm,Sticky,Stable",Hot,Sweet,Carminative,0,0,1,1,1,1,0,1,1,1,0,0,0,0,0,0,0,0,0,0,1,1,2,-1
462,Yashtimadhu — Wild,Glycyrrhiza glabra,Astringent,Neutral,Pungent,All,Kapha,Rajasthan,Expectorant,Hair care,Diarrhea,Kashaya (decoction),Astringent,"Stable,Mobile",Hot,Pungent,Nervine tonic,1,1,1,1,0,0,0,0,0,1,0,1,1,0,0,0,0,1,0,1,0,1,-2,-3
463,Yashtimadhu — Rural,Glycyrrhiza glabra,Astringent,Cold,Astringent,Pitta,Pitta,India,Expectorant,Skin diseases,Cold constitution,Churna (powder),Astringent,Clear,Cold,Astringent,Detoxifying,0,1,0,0,0,1,0,0,1,0,1,0,0,0,0,0,0,0,0,1,1,2,-3,0
464,Yashtimadhu — Mountain,Glycyrrhiza glabra,Sour,Hot,Sweet,Vata,Vata,Himachal Pradesh,Hepatoprotective,Hair care,Bleeding disorders,Kwatha (decoction),Sour,"Hot,Smooth,Bland",Hot,Sweet,Galactagogue,1,0,0,1,1,1,1,0,1,1,1,0,0,1,0,0,0,0,0,1,0,-1,3,0
465,Yashtimadhu — Coastal,Glycyrrhiza glabra,Salty,Cold,Sweet,Pitta,All,West Bengal,Anti-inflammatory,Weight management,Diarrhea,Kashaya (decoction),Salty,"Firm,Light",Hot,Sweet,Demulcent,0,1,0,1,1,0,1,0,0,0,1,0,0,0,0,1,1,0,0,0,0,2,0,0
466,Yashtimadhu — Indian,Glycyrrhiza glabra,Salty,Cool,Sweet,Vata,All,Kerala,Anti-inflammatory,Heart health,Diarrhea,Taila (oil),Salty,Rough,Cold,Sweet,Galactagogue,1,0,0,1,1,1,0,1,0,0,0,0,0,1,0,0,0,0,0,0,0,-1,1,2
467,Yashtimadhu — Himalayan,Glycyrrhiza glabra,Sour,Warm,Sweet,All,Pitta,Tamil Nadu,Immunomodulatory,Heart health,Bleeding disorders,Ghrita (ghee),Sour,"Bland,Clear",Cold,Sweet,Diaphoretic,1,1,1,0,0,1,1,1,0,1,0,1,0,0,0,0,0,0,0,0,0,-1,-2,0
468,Yashtimadhu — Malabar,Glycyrrhiza glabra,Pungent,Neutral,Sour,Kapha,Kapha,Rajasthan,Antimicrobial,Respiratory support,Pitta excess,Avaleha (jam),Pungent,Dense,Hot,Pungent,Aphrodisiac,0,0,1,1,1,0,1,0,1,0,1,0,1,0,0,0,0,1,0,0,0,0,3,-3
469,Yashtimadhu — Kashmir,Glycyrrhiza glabra,Astringent,Neutral,Pungent,Pitta,Kapha,Sri Lanka,Immunomodulatory,Hair care,Diarrhea,Churna (powder),Astringent,"Smooth,Rough,Dry",Cold,Pungent,Rejuvenating,0,1,1,0,0,0,0,0,1,0,0,1,0,0,1,0,0,0,0,0,1,3,-3,-2
470,Yashtimadhu — Kerala,Glycyrrhiza glabra,Bitter,Cool,Bitter,All,All,Kerala,Galactagogue,Digestion,Diarrhea,Vati (tablets),Bitter,Liquid,Cold,Sweet,Detoxifying,1,1,1,0,0,0,0,0,0,1,0,0,0,1,0,0,0,0,1,0,0,0,-3,-2
471,Yashtimadhu — Assam,Glycyrrhiza glabra,Bitter,Cool,Bitter,Kapha,Vata,India,Anti-inflammatory,Arthritis,Bleeding disorders,Kashaya (decoction),Bitter,"Sharp,Dry",Cold,Astringent,Rejuvenating,1,0,1,1,0,0,0,1,0,0,1,0,0,0,1,0,0,0,1,0,0,1,-1,-2
472,Pippali — Root,Piper longum,Sweet,Hot,Sweet,Kapha,Vata,Karnataka,Analgesic,Digestion,Bleeding disorders,Vati (tablets),Sweet,Smooth,Hot,Sweet,Rejuvenating,1,0,1,1,1,0,0,1,0,0,0,0,0,1,1,0,0,0,1,1,0,-3,0,-1
473,Pippali — Leaf,Piper longum,Mixed,Cool,Sweet,Kapha,Pitta,Nepal,Digestive stimulant,Weight management,None,Swarasa (juice),Astringent,Oily,Cold,Sweet,Nervine tonic,0,1,1,1,0,0,0,0,0,0,1,0,0,0,1,0,1,0,0,0,0,2,-3,-1
474,Pippali — Stem,Piper longum,Astringent,Cold,Sweet,Kapha,Vata,Tamil Nadu,Antimicrobial,Arthritis,Pregnancy,Swarasa (juice),Astringent,"Heavy,Oily",Hot,Sweet,Rejuvenative,1,0,1,1,0,0,1,0,0,1,1,0,0,1,1,0,1,0,0,0,1,0,0,-2
475,Pippali — Bark,Piper longum,Sour,Neutral,Sour,All,Kapha,Kerala,Galactagogue,Immunity,None,Kashaya (decoction),Sour,Rough,Cold,Astringent,Nervine tonic,1,1,1,1,0,1,0,1,1,0,1,0,0,1,0,0,0,0,0,0,0,-1,-1,0
476,Pippali — Seed,Piper longum,Pungent,Warm,Sour,All,All,Karnataka,Galactagogue,Weight management,Diarrhea,Avaleha (jam),Pungent,"Cold,Bland",Cold,Pungent,Detoxifying,1,1,1,0,1,0,1,1,1,1,0,0,0,0,1,0,0,1,1,0,0,-1,-1,-3
477,Pippali — Fruit,Piper longum,Bitter,Neutral,Astringent,Pitta,Vata,Tamil Nadu,Adaptogenic,Skin diseases,None,Vati (tablets),Bitter,"Rough,Cold,Mobile",Hot,Astringent,Aphrodisiac,1,1,0,1,1,1,0,0,0,0,0,0,0,1,1,0,0,0,1,0,0,2,-1,-2
478,Pippali — Flower,Piper longum,Salty,Cool,Astringent,Kapha,Vata,Tamil Nadu,Anti-inflammatory,Immunity,None,Swarasa (juice),Salty,"Cold,Hot",Cold,Astringent,Analgesic,1,0,1,1,0,0,0,1,0,0,1,0,0,0,0,0,0,0,0,0,1,0,1,0
479,Pippali — Resin,Piper longum,Mixed,Warm,Sweet,Pitta,Vata,Karnataka,Antimicrobial,Liver disorders,Cold constitution,Avaleha (jam),Sweet,"Heavy,Sharp",Hot,Sweet,Rejuvenating,1,1,0,1,0,0,1,0,0,0,0,0,1,1,1,0,0,0,1,0,0,-3,-1,2
480,Pippali — Latex,Piper longum,Bitter,Hot,Sweet,Kapha,Vata,Nepal,Cardiotonic,"Stress, Anxiety",None,Churna (powder),Bitter,Cold,Hot,Sweet,Diaphoretic,1,0,1,1,1,1,0,0,0,0,0,1,1,0,0,0,0,0,1,1,0,1,0,-3
481,Pippali — Wild,Piper longum,Sweet,Cool,Bitter,Vata,Pitta,Nepal,Diuretic,Skin diseases,Diarrhea,Avaleha (jam),Sweet,"Bland,Heavy",Cold,Pungent,Rejuvenative,1,1,0,1,0,0,0,1,0,0,0,0,1,0,0,0,0,0,0,0,1,-3,-3,3
482,Pippali — Rural,Piper longum,Pungent,Cold,Astringent,Kapha,Kapha,Assam,Hepatoprotective,Respiratory support,Bleeding disorders,Avaleha (jam),Pungent,Light,Hot,Astringent,Rejuvenating,0,0,1,0,0,1,1,0,1,0,0,0,1,0,1,0,0,1,0,1,0,1,3,-3
483,Pippali — Mountain,Piper longum,Sweet,Cool,Astringent,All,Vata,West Bengal,Adaptogenic,Arthritis,Diarrhea,Kashaya (decoction),Sweet,"Stable,Rough,Sticky",Cold,Astringent,Demulcent,1,1,1,1,1,0,0,1,1,0,0,0,0,0,1,1,0,0,1,1,0,-3,-3,2
484,Pippali — Coastal,Piper longum,Sour,Neutral,Pungent,All,Vata,Karnataka,Adaptogenic,Digestion,None,Swarasa (juice),Sour,Oily,Hot,Pungent,Carminative,1,1,1,0,0,0,0,0,0,0,0,1,0,0,1,0,0,1,0,1,0,-1,0,-1
485,Pippali — Indian,Piper longum,Mixed,Neutral,Bitter,Kapha,All,West Bengal,Antimicrobial,Hair care,Cold constitution,Vati (tablets),Salty,Light,Hot,Astringent,Demulcent,0,0,1,1,0,0,1,0,0,1,0,0,0,0,0,0,0,0,1,0,0,2,2,-2
486,Pippali — Himalayan,Piper longum,Sweet,Warm,Sour,Pitta,All,West Bengal,Hepatoprotective,Female reproductive health,Pitta excess,Taila (oil),Sweet,Sticky,Cold,Pungent,Carminative,0,1,0,0,1,1,1,0,1,0,1,1,0,1,1,0,0,1,0,0,0,-1,-3,3
487,Pippali — Malabar,Piper longum,Salty,Cool,Sour,Pitta,Kapha,Himachal Pradesh,Adaptogenic,Female reproductive health,Pitta excess,Kwatha (decoction),Salty,"Light,Cold,Dry",Cold,Astringent,Rejuvenative,0,1,1,0,0,0,0,1,1,0,1,1,0,1,0,0,0,0,0,0,0,3,-2,0
488,Pippali — Kashmir,Piper longum,Sour,Cold,Sour,Pitta,Vata,Assam,Rejuvenative,Arthritis,None,Taila (oil),Sour,"Sharp,Stable",Cold,Astringent,Aphrodisiac,1,1,0,0,1,1,0,0,0,1,1,1,0,0,1,0,1,0,0,0,1,-1,-1,2
489,Pippali — Kerala,Piper longum,Mixed,Hot,Bitter,All,Pitta,Sri Lanka,Adaptogenic,Arthritis,Pitta excess,Vati (tablets),Pungent,"Cloudy,Mobile",Hot,Astringent,Rejuvenative,1,1,1,0,0,0,1,0,1,1,0,0,0,0,1,0,1,1,0,0,0,-1,1,-3
490,Pippali — Assam,Piper longum,Salty,Cool,Bitter,Vata,All,Nepal,Expectorant,Weight management,None,Avaleha (jam),Salty,"Clear,Light,Bland",Cold,Pungent,Demulcent,1,0,0,0,0,1,0,1,0,1,0,1,0,1,0,0,0,0,0,0,0,0,0,2
491,Gokshura — Root,Tribulus terrestris,Sour,Hot,Astringent,Vata,Vata,Uttar Pradesh,Galactagogue,Hair care,Pitta excess,Vati (tablets),Sour,"Heavy,Subtle",Hot,Astringent,Demulcent,1,0,0,0,0,0,0,1,0,1,0,1,0,0,1,0,1,0,1,0,0,0,2,1
492,Gokshura — Leaf,Tribulus terrestris,Salty,Neutral,Sweet,All,Kapha,Himachal Pradesh,Immunomodulatory,Digestion,Pregnancy,Taila (oil),Salty,"Mobile,Oily,Dense",Hot,Sweet,Detoxifying,1,1,1,1,1,1,1,0,1,0,1,0,1,0,0,0,1,1,1,0,0,0,0,0
493,Gokshura — Stem,Tribulus terrestris,Pungent,Neutral,Sour,Pitta,All,West Bengal,Antimicrobial,Liver disorders,Diarrhea,Vati (tablets),Pungent,"Sticky,Liquid,Clear",Cold,Astringent,Galactagogue,0,1,0,1,1,0,1,1,0,0,0,1,0,0,0,0,0,0,0,0,0,0,-1,0
494,Gokshura — Bark,Tribulus terrestris,Sweet,Hot,Bitter,Vata,Kapha,Himachal Pradesh,Immunomodulatory,Respiratory support,Diarrhea,Vati (tablets),Sweet,"Bland,Oily,Mobile",Hot,Pungent,Analgesic,1,0,1,1,1,0,0,0,0,0,0,0,0,0,0,0,1,0,0,0,0,-2,0,0
495,Gokshura — Seed,Tribulus terrestris,Sweet,Warm,Astringent,All,Pitta,India,Expectorant,"Stress, Anxiety",None,Kwatha (decoction),Sweet,"Clear,Hot",Hot,Astringent,Nervine tonic,1,1,1,1,1,1,1,0,1,1,1,0,0,0,0,0,0,0,0,0,1,-3,-1,-1
496,Gokshura — Fruit,Tribulus terrestris,Astringent,Cool,Astringent,Vata,Kapha,Kerala,Rejuvenative,Respiratory support,Pregnancy,Swarasa (juice),Astringent,Stable,Cold,Astringent,Carminative,1,0,1,1,0,0,0,0,1,0,0,0,0,0,0,0,0,0,0,0,1,0,-2,-2
497,Gokshura — Flower,Tribulus terrestris,Salty,Hot,Pungent,Pitta,Pitta,India,Hepatoprotective,"Stress, Anxiety",Cold constitution,Avaleha (jam),Salty,Dry,Hot,Pungent,Rejuvenative,0,1,0,1,0,0,0,0,1,0,0,0,0,0,0,0,0,0,0,0,1,2,0,0
498,Gokshura — Resin,Tribulus terrestris,Astringent,Cold,Bitter,Pitta,Pitta,Sri Lanka,Galactagogue,Female reproductive health,None,Churna (powder),Astringent,"Sticky,Soft,Light",Hot,Astringent,Rejuvenating,0,1,0,1,0,0,1,1,0,0,0,0,0,0,0,0,0,0,0,0,1,3,-2,-1
499,Gokshura — Latex,Tribulus terrestris,Salty,Neutral,Pungent,All,All,Himachal Pradesh,Anti-inflammatory,Arthritis,Bleeding disorders,Taila (oil),Salty,"Cloudy,Rough",Cold,Pungent,Galactagogue,1,1,1,1,1,1,0,1,1,0,1,0,0,1,1,0,0,0,0,0,1,-1,-1,0
500,Gokshura — Wild,Tribulus terrestris,Mixed,Hot,Sour,Vata,Pitta,West Bengal,Analgesic,Arthritis,None,Kwatha (decoction),Sweet,"Hot,Heavy",Hot,Astringent,Rejuvenative,1,1,0,0,1,0,0,0,0,1,1,0,1,0,0,0,0,0,0,1,0,-3,-1,2
501,Gokshura — Rural,Tribulus terrestris,Sweet,Cool,Sour,Kapha,All,Nepal,Antimicrobial,Weight management,Pregnancy,Swarasa (juice),Sweet,Cloudy,Cold,Sweet,Aphrodisiac,0,0,1,1,0,1,1,0,0,1,0,0,0,1,0,0,0,0,0,1,0,-1,-2,1
502,Gokshura — Mountain,Tribulus terrestris,Sweet,Cool,Sour,Pitta,Kapha,Nepal,Cardiotonic,Respiratory support,Diarrhea,Vati (tablets),Sweet,Cold,Cold,Astringent,Rejuvenative,0,1,1,1,1,0,1,0,0,1,0,1,0,0,0,0,0,0,0,0,0,0,-3,1
503,Gokshura — Coastal,Tribulus terrestris,Sweet,Hot,Pungent,Kapha,Vata,Karnataka,Analgesic,Skin diseases,Cold constitution,Avaleha (jam),Sweet,Cold,Hot,Pungent,Rejuvenative,1,0,1,0,1,0,0,0,0,0,1,1,0,1,0,0,1,0,1,0,0,-2,0,-1
504,Gokshura — Indian,Tribulus terrestris,Astringent,Neutral,Pungent,All,All,Karnataka,Expectorant,Hair care,Cold constitution,Vati (tablets),Astringent,Light,Cold,Pungent,Analgesic,1,1,1,0,1,0,0,0,1,0,0,1,0,0,0,0,0,0,0,0,0,1,-3,-2
505,Gokshura — Himalayan,Tribulus terrestris,Sour,Cold,Bitter,Kapha,Pitta,Karnataka,Analgesic,Liver disorders,Cold constitution,Churna (powder),Sour,"Sticky,Hot",Hot,Pungent,Rejuvenative,0,1,1,0,1,0,0,0,0,0,0,0,1,1,0,0,0,1,0,1,0,1,1,-1
506,Gokshura — Malabar,Tribulus terrestris,Mixed,Warm,Sweet,All,Pitta,Uttar Pradesh,Antimicrobial,Heart health,Cold constitution,Kashaya (decoction),Sour,Firm,Cold,Sweet,Demulcent,1,1,1,1,1,0,1,0,0,1,1,0,1,0,0,0,0,1,0,0,1,-1,-2,0
507,Gokshura — Kashmir,Tribulus terrestris,Astringent,Cool,Bitter,All,All,Karnataka,Immunomodulatory,Weight management,Pregnancy,Ghrita (ghee),Astringent,Liquid,Cold,Astringent,Aphrodisiac,1,1,1,0,1,0,0,1,1,0,0,0,1,1,0,1,0,0,1,0,0,0,-3,-2
508,Gokshura — Kerala,Tribulus terrestris,Sweet,Hot,Astringent,Pitta,Kapha,Karnataka,Expectorant,Weight management,Diarrhea,Kashaya (decoction),Sweet,"Dense,Cloudy,Subtle",Hot,Astringent,Diaphoretic,0,1,1,1,0,0,1,0,0,1,1,0,0,1,0,0,0,1,0,0,0,0,-2,0
509,Gokshura — Assam,Tribulus terrestris,Sour,Neutral,Sweet,Vata,Kapha,India,Analgesic,Heart health,Pregnancy,Kashaya (decoction),Sour,Subtle,Hot,Sweet,Carminative,1,0,1,0,1,1,0,1,1,0,0,0,0,0,1,0,1,0,0,1,1,0,2,-2
510,Shankhapushpi — Root,Convolvulus pluricaulis,Sour,Cold,Bitter,Vata,Pitta,Rajasthan,Anti-inflammatory,Liver disorders,Pitta excess,Swarasa (juice),Sour,Firm,Hot,Sweet,Analgesic,1,1,0,1,0,0,0,0,1,0,0,0,1,0,0,0,0,0,0,0,1,-1,0,0
511,Shankhapushpi — Leaf,Convolvulus pluricaulis,Mixed,Hot,Bitter,Vata,Pitta,Uttar Pradesh,Rejuvenative,Weight management,Diarrhea,Swarasa (juice),Sweet,"Dense,Smooth",Hot,Sweet,Rejuvenating,1,1,0,0,0,1,0,0,0,0,1,0,0,1,0,1,0,0,0,0,0,-3,-2,2
512,Shankhapushpi — Stem,Convolvulus pluricaulis,Mixed,Neutral,Bitter,Pitta,Pitta,Uttar Pradesh,Digestive stimulant,Digestion,Cold constitution,Swarasa (juice),Salty,Stable,Hot,Astringent,Aphrodisiac,0,1,0,0,1,1,0,1,1,0,0,1,0,1,0,0,0,1,1,0,0,1,0,0
513,Shankhapushpi — Bark,Convolvulus pluricaulis,Sour,Warm,Sour,Pitta,Kapha,Rajasthan,Adaptogenic,Weight management,Pitta excess,Kwatha (decoction),Sour,"Hot,Bland",Hot,Sweet,Demulcent,0,1,1,0,1,0,1,1,1,1,1,0,0,0,0,1,1,0,0,1,0,1,1,-2
514,Shankhapushpi — Seed,Convolvulus pluricaulis,Pungent,Cool,Sweet,Kapha,Pitta,Karnataka,Digestive stimulant,Skin diseases,Diarrhea,Swarasa (juice),Pungent,"Sticky,Dry,Subtle",Cold,Sweet,Aphrodisiac,0,1,1,1,0,0,0,1,1,1,0,0,1,0,0,0,0,0,0,0,0,2,-1,-2
515,Shankhapushpi — Fruit,Convolvulus pluricaulis,Mixed,Cold,Bitter,All,Pitta,Nepal,Galactagogue,Immunity,Diarrhea,Avaleha (jam),Salty,Sharp,Hot,Pungent,Diaphoretic,1,1,1,0,0,1,0,1,0,0,0,0,0,0,0,0,0,0,1,0,0,-1,1,-2
516,Shankhapushpi — Flower,Convolvulus pluricaulis,Astringent,Cool,Sweet,Vata,All,India,Rejuvenative,Immunity,Diarrhea,Swarasa (juice),Astringent,Sharp,Cold,Sweet,Detoxifying,1,0,0,1,0,1,0,0,1,0,0,0,1,1,0,0,1,0,0,0,0,0,-1,0
517,Shankhapushpi — Resin,Convolvulus pluricaulis,Astringent,Cool,Astringent,Vata,Vata,Assam,Galactagogue,Hair care,Diarrhea,Swarasa (juice),Astringent,"Smooth,Hot,Sharp",Cold,Astringent,Galactagogue,1,0,0,0,0,0,0,1,0,1,0,0,0,0,0,0,0,1,1,0,1,0,0,0
518,Shankhapushpi — Latex,Convolvulus pluricaulis,Mixed,Hot,Sour,All,Pitta,Himachal Pradesh,Digestive stimulant,Liver disorders,Pitta excess,Swarasa (juice),Bitter,"Sticky,Dense,Bland",Hot,Sweet,Detoxifying,1,1,1,1,0,1,1,1,1,0,1,1,0,0,0,0,1,1,1,0,0,0,-2,-2
519,Shankhapushpi — Wild,Convolvulus pluricaulis,Mixed,Warm,Astringent,Pitta,All,West Bengal,Galactagogue,Digestion,Pregnancy,Kwatha (decoction),Sweet,Cold,Hot,Astringent,Galactagogue,0,1,0,0,1,0,1,0,0,0,0,0,0,1,0,1,0,0,1,1,0,0,-2,1
520,Shankhapushpi — Rural,Convolvulus pluricaulis,Salty,Cool,Sweet,Vata,Pitta,Assam,Expectorant,Digestion,None,Ghrita (ghee),Salty,Dry,Cold,Sweet,Detoxifying,1,1,0,0,1,0,0,0,0,0,1,0,0,0,0,1,1,0,0,0,0,0,-2,2
521,Shankhapushpi — Mountain,Convolvulus pluricaulis,Salty,Cold,Astringent,Pitta,Kapha,Tamil Nadu,Galactagogue,"Stress, Anxiety",Pitta excess,Kwatha (decoction),Salty,Light,Cold,Astringent,Nervine tonic,0,1,1,1,0,0,0,0,0,1,0,0,0,0,0,0,1,1,1,0,0,2,-2,0
522,Shankhapushpi — Coastal,Convolvulus pluricaulis,Sweet,Cold,Sweet,All,Kapha,Uttar Pradesh,Antimicrobial,Hair care,Pregnancy,Kwatha (decoction),Sweet,"Mobile,Hot,Soft",Hot,Sweet,Diaphoretic,1,1,1,1,0,0,1,0,0,1,1,0,0,1,0,0,0,0,0,0,0,-2,-1,-1
523,Shankhapushpi — Indian,Convolvulus pluricaulis,Bitter,Cold,Bitter,Vata,Pitta,Nepal,Digestive stimulant,Heart health,Diarrhea,Kashaya (decoction),Bitter,"Soft,Firm,Rough",Hot,Pungent,Galactagogue,1,1,0,0,1,0,1,0,1,0,1,0,0,0,1,1,0,0,0,1,0,0,-1,-2
524,Shankhapushpi — Himalayan,Convolvulus pluricaulis,Bitter,Hot,Astringent,Vata,All,Karnataka,Expectorant,Respiratory support,Bleeding disorders,Avaleha (jam),Bitter,"Clear,Sharp",Hot,Astringent,Nervine tonic,1,0,0,0,1,0,0,0,1,1,0,1,0,0,0,0,0,0,1,0,0,0,1,-2
525,Shankhapushpi — Malabar,Convolvulus pluricaulis,Bitter,Hot,Sweet,Kapha,Kapha,Rajasthan,Hepatoprotective,Female reproductive health,Bleeding disorders,Vati (tablets),Bitter,Rough,Hot,Sweet,Galactagogue,0,0,1,0,1,1,1,1,1,1,0,0,0,0,0,1,0,0,0,1,0,2,1,-3
526,Shankhapushpi — Kashmir,Convolvulus pluricaulis,Bitter,Neutral,Sour,Vata,Pitta,Assam,Analgesic,Arthritis,Diarrhea,Vati (tablets),Bitter,"Dense,Sharp",Hot,Sweet,Nervine tonic,1,1,0,0,1,1,0,0,0,1,0,0,0,0,0,1,1,1,0,0,0,0,-1,-1
527,Shankhapushpi — Kerala,Convolvulus pluricaulis,Astringent,Neutral,Bitter,Pitta,Vata,Tamil Nadu,Hepatoprotective,Respiratory support,Cold constitution,Avaleha (jam),Astringent,"Bland,Sticky",Hot,Sweet,Rejuvenating,1,1,0,1,0,0,0,1,1,0,0,0,1,1,0,0,0,1,0,0,0,0,-2,-1
528,Shankhapushpi — Assam,Convolvulus pluricaulis,Sweet,Cool,Astringent,Pitta,Pitta,Rajasthan,Galactagogue,Respiratory support,Bleeding disorders,Taila (oil),Sweet,"Smooth,Heavy",Cold,Astringent,Rejuvenating,0,1,0,0,0,0,0,0,1,1,0,0,0,0,1,0,0,0,0,0,0,-1,-3,3
529,Jatamansi — Root,Nardostachys jatamansi,Mixed,Hot,Astringent,Pitta,Pitta,Himachal Pradesh,Adaptogenic,Hair care,Pregnancy,Ghrita (ghee),Sour,"Clear,Liquid,Heavy",Hot,Astringent,Rejuvenative,0,1,0,0,0,0,0,0,0,1,0,0,1,0,1,0,0,0,0,0,0,1,0,1
530,Jatamansi — Leaf,Nardostachys jatamansi,Astringent,Cool,Sweet,Pitta,All,Sri Lanka,Cardiotonic,Respiratory support,Cold constitution,Churna (powder),Astringent,"Light,Stable,Sharp",Cold,Sweet,Analgesic,0,1,0,0,0,0,0,0,1,0,0,0,0,0,0,0,0,0,1,1,0,3,-3,0
531,Jatamansi — Stem,Nardostachys jatamansi,Sweet,Warm,Pungent,All,All,West Bengal,Diuretic,Hair care,Bleeding disorders,Kashaya (decoction),Sweet,Dry,Cold,Pungent,Nervine tonic,1,1,1,0,0,1,0,0,0,1,0,1,0,0,0,0,0,0,0,0,0,-2,-3,1
532,Jatamansi — Bark,Nardostachys jatamansi,Mixed,Hot,Sweet,Vata,Vata,Rajasthan,Digestive stimulant,Digestion,Pregnancy,Avaleha (jam),Sweet,"Rough,Dry",Hot,Sweet,Analgesic,1,0,0,0,0,0,1,0,0,1,1,0,1,1,0,0,0,1,1,0,0,-2,1,1
533,Jatamansi — Seed,Nardostachys jatamansi,Sour,Warm,Sour,All,All,Himachal Pradesh,Immunomodulatory,Hair care,Cold constitution,Vati (tablets),Sour,"Cloudy,Heavy",Cold,Sweet,Diaphoretic,1,1,1,0,0,0,1,1,0,0,0,1,0,0,0,0,1,1,0,0,1,-1,-2,1
534,Jatamansi — Fruit,Nardostachys jatamansi,Sweet,Hot,Astringent,Vata,Pitta,Karnataka,Diuretic,"Stress, Anxiety",None,Kwatha (decoction),Sweet,"Hot,Oily",Hot,Astringent,Detoxifying,1,1,0,0,0,0,1,0,0,1,1,1,0,0,1,0,1,0,0,0,1,-3,-1,2
535,Jatamansi — Flower,Nardostachys jatamansi,Sweet,Cool,Pungent,Vata,Pitta,Tamil Nadu,Antimicrobial,Respiratory support,None,Churna (powder),Sweet,"Soft,Dry,Sticky",Cold,Pungent,Nervine tonic,1,1,0,1,0,0,1,0,0,1,0,0,0,0,1,0,0,0,0,0,0,-2,-3,3
536,Jatamansi — Resin,Nardostachys jatamansi,Sweet,Cold,Sweet,Vata,Pitta,Kerala,Hepatoprotective,Liver disorders,Pitta excess,Taila (oil),Sweet,"Rough,Light",Hot,Sweet,Rejuvenative,1,1,0,0,1,1,0,0,1,0,0,1,0,0,1,0,1,1,0,0,0,-2,-1,1
537,Jatamansi — Latex,Nardostachys jatamansi,Pungent,Warm,Pungent,Kapha,Vata,Kerala,Analgesic,Female reproductive health,Pitta excess,Kwatha (decoction),Pungent,Heavy,Hot,Pungent,Carminative,1,0,1,1,1,0,1,0,1,0,0,0,0,1,0,0,0,0,0,0,0,-2,3,-3
538,Jatamansi — Wild,Nardostachys jatamansi,Sweet,Neutral,Sweet,All,All,India,Analgesic,Digestion,None,Vati (tablets),Sweet,"Sharp,Firm",Hot,Sweet,Diaphoretic,1,1,1,1,1,1,0,0,0,1,1,0,0,0,0,1,0,0,0,0,0,-3,-1,-1
539,Jatamansi — Rural,Nardostachys jatamansi,Sweet,Cold,Astringent,Vata,Vata,Uttar Pradesh,Rejuvenative,Heart health,Pregnancy,Churna (powder),Sweet,Cold,Hot,Astringent,Rejuvenative,1,0,0,0,0,0,0,0,0,0,0,0,0,1,0,1,0,0,0,1,0,-2,0,1
540,Jatamansi — Mountain,Nardostachys jatamansi,Mixed,Hot,Pungent,Vata,All,West Bengal,Antimicrobial,Skin diseases,Bleeding disorders,Churna (powder),Sour,"Smooth,Mobile,Heavy",Hot,Pungent,Demulcent,1,0,0,1,0,0,1,1,0,0,0,0,0,0,0,0,1,0,0,0,0,0,2,1
541,Jatamansi — Coastal,Nardostachys jatamansi,Sour,Cool,Pungent,Kapha,Pitta,Himachal Pradesh,Rejuvenative,"Stress, Anxiety",Pitta excess,Kwatha (decoction),Sour,"Light,Clear,Liquid",Cold,Pungent,Rejuvenative,0,1,1,0,0,0,0,0,1,1,1,0,0,0,0,0,0,0,1,0,0,2,-2,0
542,Jatamansi — Indian,Nardostachys jatamansi,Sour,Warm,Sweet,Vata,Pitta,Uttar Pradesh,Diuretic,Digestion,None,Kwatha (decoction),Sour,"Soft,Clear",Hot,Sweet,Analgesic,1,1,0,0,0,1,0,0,0,0,0,0,0,0,0,1,0,0,0,0,0,-1,0,0
543,Jatamansi — Himalayan,Nardostachys jatamansi,Astringent,Warm,Astringent,Kapha,Vata,India,Expectorant,Digestion,Pitta excess,Ghrita (ghee),Astringent,Liquid,Cold,Astringent,Rejuvenating,1,0,1,0,1,1,1,0,0,1,0,0,1,0,0,0,0,1,0,0,1,0,-2,-2
544,Jatamansi — Malabar,Nardostachys jatamansi,Sweet,Neutral,Astringent,Pitta,All,West Bengal,Cardiotonic,Liver disorders,Bleeding disorders,Ghrita (ghee),Sweet,Sticky,Hot,Astringent,Rejuvenative,0,1,0,0,0,1,0,0,1,0,0,0,0,0,1,0,0,1,0,0,1,-1,-2,2
545,Jatamansi — Kashmir,Nardostachys jatamansi,Pungent,Hot,Bitter,Vata,Pitta,India,Analgesic,Hair care,Diarrhea,Churna (powder),Pungent,Dry,Hot,Pungent,Rejuvenative,1,1,0,1,1,0,1,0,0,0,0,0,0,0,0,0,0,0,1,0,0,-1,1,-3
546,Jatamansi — Kerala,Nardostachys jatamansi,Sweet,Hot,Bitter,Kapha,Vata,Uttar Pradesh,Diuretic,Arthritis,None,Kashaya (decoction),Sweet,"Dense,Bland",Hot,Astringent,Nervine tonic,1,0,1,0,0,0,1,1,0,0,0,0,0,0,0,1,0,0,1,0,0,-3,0,0
547,Jatamansi — Assam,Nardostachys jatamansi,Bitter,Cold,Astringent,Vata,Vata,Uttar Pradesh,Diuretic,Female reproductive health,Diarrhea,Swarasa (juice),Bitter,"Firm,Mobile",Cold,Astringent,Diaphoretic,1,0,0,0,1,1,0,0,1,0,0,0,0,0,0,1,0,0,0,0,0,1,-2,0
548,Bhringraj — Root,Eclipta alba,Astringent,Hot,Sour,Vata,Pitta,Sri Lanka,Antimicrobial,Respiratory support,Cold constitution,Churna (powder),Astringent,"Subtle,Soft",Hot,Astringent,Rejuvenating,1,1,0,1,0,0,1,1,0,1,0,0,0,0,0,0,1,1,0,1,0,1,-2,-2
549,Bhringraj — Leaf,Eclipta alba,Astringent,Cold,Pungent,Kapha,Kapha,West Bengal,Antimicrobial,"Stress, Anxiety",Pitta excess,Kashaya (decoction),Astringent,"Sharp,Soft,Oily",Cold,Pungent,Rejuvenative,0,0,1,1,0,1,1,1,0,0,0,1,0,0,1,0,0,1,0,0,1,2,-1,-1
550,Bhringraj — Stem,Eclipta alba,Sweet,Cold,Sweet,Pitta,Pitta,Nepal,Immunomodulatory,Skin diseases,Pregnancy,Vati (tablets),Sweet,"Sharp,Mobile",Cold,Sweet,Diaphoretic,0,1,0,0,0,0,0,0,0,0,0,1,0,0,0,0,0,0,0,0,1,0,-3,3
551,Bhringraj — Bark,Eclipta alba,Astringent,Cool,Astringent,All,Vata,India,Analgesic,Arthritis,None,Taila (oil),Astringent,"Dry,Soft,Clear",Cold,Astringent,Nervine tonic,1,1,1,0,1,0,0,0,0,0,1,0,0,0,0,1,1,1,1,0,0,1,-3,-2
552,Bhringraj — Seed,Eclipta alba,Astringent,Warm,Sweet,Vata,Pitta,Sri Lanka,Adaptogenic,Weight management,Pregnancy,Ghrita (ghee),Astringent,"Smooth,Cloudy,Dry",Hot,Sweet,Analgesic,1,1,0,0,0,0,0,1,0,0,0,0,0,0,0,0,1,0,0,0,1,1,-2,-2
553,Bhringraj — Fruit,Eclipta alba,Mixed,Warm,Pungent,Vata,Pitta,West Bengal,Antimicrobial,Heart health,Pregnancy,Taila (oil),Sweet,"Heavy,Mobile",Cold,Pungent,Demulcent,1,1,0,1,1,0,1,1,1,1,0,0,0,0,0,0,1,0,1,0,0,-2,-3,3
554,Bhringraj — Flower,Eclipta alba,Sweet,Cold,Sweet,All,All,India,Rejuvenative,Heart health,Bleeding disorders,Kwatha (decoction),Sweet,Soft,Cold,Sweet,Nervine tonic,1,1,1,1,0,0,1,1,0,0,0,0,1,0,0,1,1,0,0,0,0,-3,-3,1
555,Bhringraj — Resin,Eclipta alba,Astringent,Hot,Pungent,Vata,Vata,Kerala,Digestive stimulant,Skin diseases,Bleeding disorders,Avaleha (jam),Astringent,Stable,Hot,Pungent,Analgesic,1,0,0,1,0,0,0,0,0,1,1,1,0,0,1,0,0,0,0,0,0,0,0,-2
556,Bhringraj — Latex,Eclipta alba,Sweet,Hot,Sour,Kapha,Vata,Kerala,Immunomodulatory,Arthritis,Diarrhea,Kashaya (decoction),Sweet,"Clear,Bland",Hot,Astringent,Diaphoretic,1,0,1,0,0,1,0,0,0,1,0,0,0,0,0,1,0,0,0,0,1,-3,0,-1
557,Bhringraj — Wild,Eclipta alba,Mixed,Cold,Sweet,Kapha,Vata,Kerala,Expectorant,Digestion,Bleeding disorders,Avaleha (jam),Sweet,Smooth,Hot,Sweet,Galactagogue,1,0,1,0,0,0,1,0,0,1,0,1,0,1,0,1,0,0,0,1,0,-3,0,-1
558,Bhringraj — Rural,Eclipta alba,Mixed,Cool,Bitter,Vata,All,Sri Lanka,Antimicrobial,Skin diseases,Pitta excess,Ghrita (ghee),Sweet,"Dry,Firm,Sticky",Cold,Sweet,Nervine tonic,1,0,0,1,0,1,1,0,0,0,0,1,0,1,0,0,0,1,0,0,0,-2,-2,3
559,Bhringraj — Mountain,Eclipta alba,Pungent,Warm,Astringent,All,Pitta,Kerala,Cardiotonic,Weight management,Cold constitution,Ghrita (ghee),Pungent,Stable,Hot,Astringent,Galactagogue,1,1,1,0,0,1,0,0,1,1,0,0,0,0,1,0,0,0,0,0,1,-2,1,-3
560,Bhringraj — Coastal,Eclipta alba,Salty,Warm,Bitter,All,All,Kerala,Immunomodulatory,Immunity,None,Vati (tablets),Salty,"Oily,Soft",Cold,Sweet,Demulcent,1,1,1,0,1,1,0,0,0,0,0,0,0,1,0,0,0,0,0,1,0,-1,-2,1
561,Bhringraj — Indian,Eclipta alba,Astringent,Cold,Sour,Pitta,Vata,Himachal Pradesh,Rejuvenative,"Stress, Anxiety",None,Kashaya (decoction),Astringent,Sticky,Cold,Astringent,Diaphoretic,1,1,0,0,0,0,0,1,0,1,0,1,1,0,1,1,0,0,0,0,0,0,-3,1
562,Bhringraj — Himalayan,Eclipta alba,Sweet,Neutral,Sour,Kapha,All,Rajasthan,Hepatoprotective,Digestion,Pitta excess,Ghrita (ghee),Sweet,Subtle,Cold,Astringent,Nervine tonic,0,0,1,0,0,0,0,0,1,0,1,1,0,1,0,0,0,0,0,0,0,0,-2,1
563,Bhringraj — Malabar,Eclipta alba,Bitter,Warm,Sweet,All,Kapha,Nepal,Digestive stimulant,Skin diseases,Pregnancy,Ghrita (ghee),Bitter,"Oily,Rough,Dense",Hot,Sweet,Analgesic,1,1,1,0,0,0,0,0,0,0,0,0,0,0,0,1,0,0,0,0,0,0,-1,-2
564,Bhringraj — Kashmir,Eclipta alba,Salty,Cold,Astringent,Vata,Pitta,Nepal,Antimicrobial,"Stress, Anxiety",Bleeding disorders,Vati (tablets),Salty,Smooth,Cold,Astringent,Galactagogue,1,1,0,1,0,0,1,0,0,0,1,0,0,0,0,1,0,0,0,1,0,-1,-2,2
565,Bhringraj — Kerala,Eclipta alba,Pungent,Neutral,Astringent,Kapha,Vata,West Bengal,Cardiotonic,Weight management,Bleeding disorders,Ghrita (ghee),Pungent,Subtle,Hot,Astringent,Carminative,1,0,1,0,0,0,0,1,1,1,0,1,0,0,0,1,0,0,1,0,1,-1,3,-3
566,Bhringraj — Assam,Eclipta alba,Mixed,Cool,Sour,Kapha,Pitta,Assam,Anti-inflammatory,Respiratory support,Pregnancy,Ghrita (ghee),Astringent,"Bland,Liquid,Dry",Cold,Pungent,Demulcent,0,1,1,1,0,1,0,1,0,1,1,1,0,0,1,0,1,0,0,0,0,3,-3,-2
567,Manjistha — Root,Rubia cordifolia,Sour,Cold,Sweet,All,Vata,West Bengal,Cardiotonic,Arthritis,Bleeding disorders,Swarasa (juice),Sour,"Sticky,Cold",Cold,Sweet,Analgesic,1,1,1,0,0,0,0,0,1,0,0,0,0,0,0,0,1,0,0,0,0,0,-2,1
568,Manjistha — Leaf,Rubia cordifolia,Salty,Cold,Astringent,Vata,Vata,Karnataka,Cardiotonic,Skin diseases,Pregnancy,Swarasa (juice),Salty,Subtle,Cold,Astringent,Rejuvenating,1,0,0,1,0,1,0,0,1,1,0,0,0,0,0,0,0,0,0,0,1,0,0,2
569,Manjistha — Stem,Rubia cordifolia,Bitter,Warm,Bitter,Vata,Kapha,Rajasthan,Analgesic,Skin diseases,Bleeding disorders,Avaleha (jam),Bitter,"Light,Subtle",Hot,Astringent,Analgesic,1,0,1,0,1,1,1,0,1,0,0,0,0,1,1,0,1,0,0,1,0,2,0,-3
570,Manjistha — Bark,Rubia cordifolia,Mixed,Cool,Astringent,Pitta,Kapha,Uttar Pradesh,Galactagogue,Weight management,Bleeding disorders,Avaleha (jam),Pungent,"Mobile,Clear",Cold,Astringent,Diaphoretic,0,1,1,0,0,0,0,1,1,0,0,1,1,0,0,0,0,0,0,0,1,1,-1,-3
571,Manjistha — Seed,Rubia cordifolia,Sweet,Warm,Pungent,Pitta,Vata,Nepal,Antimicrobial,Weight management,Pregnancy,Vati (tablets),Sweet,"Sticky,Oily,Dry",Hot,Pungent,Rejuvenating,1,1,0,1,0,0,1,0,0,1,0,0,1,0,0,0,0,0,0,0,0,-2,-2,3
572,Manjistha — Fruit,Rubia cordifolia,Sour,Warm,Sour,Pitta,Vata,Assam,Hepatoprotective,"Stress, Anxiety",Diarrhea,Kwatha (decoction),Sour,"Dense,Light,Subtle",Hot,Sweet,Carminative,1,1,0,0,1,0,0,1,1,0,0,0,1,1,0,0,0,0,1,1,0,1,0,1
573,Manjistha — Flower,Rubia cordifolia,Pungent,Warm,Astringent,Pitta,Vata,Sri Lanka,Galactagogue,"Stress, Anxiety",None,Churna (powder),Pungent,"Sticky,Soft",Hot,Astringent,Analgesic,1,1,0,0,1,1,0,0,1,1,0,0,0,1,0,0,0,1,0,0,1,-2,1,-2
574,Manjistha — Resin,Rubia cordifolia,Sweet,Cold,Pungent,Vata,Kapha,Rajasthan,Immunomodulatory,Digestion,Pregnancy,Avaleha (jam),Sweet,"Stable,Hot",Hot,Pungent,Aphrodisiac,1,0,1,1,1,0,0,0,0,0,0,1,0,1,0,0,0,0,0,0,1,-3,1,-1
575,Manjistha — Latex,Rubia cordifolia,Astringent,Cool,Pungent,All,All,Himachal Pradesh,Analgesic,Heart health,None,Kwatha (decoction),Astringent,"Firm,Dense",Cold,Pungent,Analgesic,1,1,1,1,1,0,0,0,0,0,0,0,1,0,0,0,0,0,1,0,1,0,-3,-1
576,Manjistha — Wild,Rubia cordifolia,Mixed,Cool,Sour,Pitta,Pitta,Assam,Immunomodulatory,Digestion,Pitta excess,Churna (powder),Pungent,"Rough,Cloudy",Cold,Astringent,Rejuvenating,0,1,0,0,1,1,0,1,0,1,0,0,1,0,1,1,0,0,1,0,0,0,0,-1
577,Manjistha — Rural,Rubia cordifolia,Sweet,Warm,Sweet,Vata,Kapha,Karnataka,Antimicrobial,Skin diseases,Diarrhea,Kwatha (decoction),Sweet,Mobile,Cold,Sweet,Galactagogue,1,0,1,1,0,1,1,1,1,1,1,1,0,0,0,0,0,0,0,0,0,-2,-2,1
578,Manjistha — Mountain,Rubia cordifolia,Sour,Hot,Astringent,All,Vata,Himachal Pradesh,Galactagogue,Skin diseases,Cold constitution,Avaleha (jam),Sour,"Dry,Smooth,Heavy",Hot,Astringent,Nervine tonic,1,1,1,0,1,0,0,0,0,0,0,1,0,0,0,1,0,1,1,0,0,0,0,-1
579,Manjistha — Coastal,Rubia cordifolia,Pungent,Hot,Sweet,Kapha,Pitta,Uttar Pradesh,Antimicrobial,Heart health,Diarrhea,Taila (oil),Pungent,"Mobile,Dense,Liquid",Hot,Sweet,Aphrodisiac,0,1,1,1,1,1,1,0,0,1,1,1,0,0,0,0,1,0,1,0,0,1,1,-3
580,Manjistha — Indian,Rubia cordifolia,Salty,Warm,Astringent,Pitta,Vata,Kerala,Antimicrobial,Weight management,Cold constitution,Kashaya (decoction),Salty,Firm,Hot,Astringent,Aphrodisiac,1,1,0,1,0,1,1,0,0,1,0,1,0,0,0,0,0,1,1,0,0,-1,0,0
581,Manjistha — Himalayan,Rubia cordifolia,Pungent,Hot,Astringent,Vata,All,Tamil Nadu,Adaptogenic,Hair care,Diarrhea,Kashaya (decoction),Pungent,"Smooth,Rough,Light",Hot,Astringent,Diaphoretic,1,0,0,1,0,0,1,1,0,1,1,0,0,0,1,0,0,0,1,0,1,-1,3,-3
582,Manjistha — Malabar,Rubia cordifolia,Pungent,Hot,Sweet,Pitta,Pitta,Sri Lanka,Adaptogenic,Respiratory support,None,Kwatha (decoction),Pungent,"Cloudy,Smooth,Cold",Hot,Sweet,Rejuvenative,0,1,0,1,0,1,1,0,0,0,1,0,0,1,0,0,1,1,0,0,1,1,1,-3
583,Manjistha — Kashmir,Rubia cordifolia,Sweet,Cool,Bitter,All,Kapha,Tamil Nadu,Galactagogue,Heart health,None,Vati (tablets),Sweet,Stable,Cold,Sweet,Galactagogue,1,1,1,0,0,0,0,0,1,0,0,0,0,1,0,0,1,1,0,1,0,-3,-3,1
584,Manjistha — Kerala,Rubia cordifolia,Sweet,Cool,Astringent,Pitta,All,Kerala,Adaptogenic,Liver disorders,None,Taila (oil),Sweet,Bland,Cold,Astringent,Diaphoretic,0,1,0,0,1,0,0,1,1,1,0,1,0,0,0,0,1,0,0,0,1,-1,-3,3
585,Manjistha — Assam,Rubia cordifolia,Pungent,Warm,Sour,Vata,Pitta,Sri Lanka,Immunomodulatory,Respiratory support,Diarrhea,Swarasa (juice),Pungent,"Light,Sharp",Cold,Pungent,Diaphoretic,1,1,0,1,1,1,0,0,1,1,0,1,0,0,0,0,1,1,0,0,0,-1,0,-1
586,Kutki — Root,Picrorhiza kurroa,Mixed,Neutral,Bitter,Pitta,Vata,Himachal Pradesh,Diuretic,Female reproductive health,Cold constitution,Kashaya (decoction),Sour,"Mobile,Hot,Clear",Cold,Astringent,Nervine tonic,1,1,0,0,0,0,0,1,0,1,0,0,0,0,0,0,0,1,0,0,0,0,-1,2
587,Kutki — Leaf,Picrorhiza kurroa,Sour,Cold,Bitter,Kapha,Vata,Himachal Pradesh,Rejuvenative,Digestion,Cold constitution,Vati (tablets),Sour,"Cold,Cloudy",Cold,Pungent,Detoxifying,1,0,1,0,0,0,0,1,0,0,1,0,0,0,0,0,0,0,0,1,0,0,0,0
588,Kutki — Stem,Picrorhiza kurroa,Bitter,Cool,Pungent,Pitta,Pitta,Uttar Pradesh,Hepatoprotective,Digestion,None,Kwatha (decoction),Bitter,"Dry,Sharp",Cold,Pungent,Detoxifying,0,1,0,0,1,0,0,1,1,1,0,0,0,1,0,0,0,0,0,0,1,3,-3,0
589,Kutki — Bark,Picrorhiza kurroa,Salty,Cool,Pungent,Pitta,Kapha,West Bengal,Rejuvenative,Respiratory support,Pregnancy,Avaleha (jam),Salty,"Stable,Clear",Cold,Pungent,Galactagogue,0,1,1,0,0,0,0,0,0,0,1,0,0,0,0,0,0,0,1,0,0,1,-2,0
590,Kutki — Seed,Picrorhiza kurroa,Sour,Cool,Sour,Kapha,Kapha,India,Expectorant,Digestion,Diarrhea,Avaleha (jam),Sour,"Oily,Dense,Mobile",Cold,Astringent,Nervine tonic,0,0,1,1,1,0,0,0,0,0,0,1,0,0,0,0,0,0,1,1,1,2,0,2
591,Kutki — Fruit,Picrorhiza kurroa,Bitter,Cool,Pungent,Pitta,Vata,Tamil Nadu,Cardiotonic,Respiratory support,Pitta excess,Swarasa (juice),Bitter,Firm,Cold,Pungent,Nervine tonic,1,1,0,0,0,1,1,0,1,0,0,1,0,0,0,1,0,1,1,0,0,0,-3,0
592,Kutki — Flower,Picrorhiza kurroa,Astringent,Warm,Bitter,All,All,Kerala,Hepatoprotective,Immunity,None,Vati (tablets),Astringent,"Sharp,Mobile,Hot",Hot,Astringent,Aphrodisiac,1,1,1,0,1,0,1,1,1,0,0,0,0,0,1,0,0,0,0,1,1,1,0,-3
593,Kutki — Resin,Picrorhiza kurroa,Sour,Neutral,Bitter,Vata,All,West Bengal,Rejuvenative,Arthritis,Pregnancy,Kashaya (decoction),Sour,"Sharp,Sticky,Clear",Hot,Sweet,Diaphoretic,1,0,0,0,0,0,0,1,0,0,0,0,1,0,0,0,0,0,0,0,0,-1,3,1
594,Kutki — Latex,Picrorhiza kurroa,Sweet,Warm,Sweet,Kapha,Kapha,Rajasthan,Adaptogenic,Liver disorders,Diarrhea,Kwatha (decoction),Sweet,"Cold,Dry,Firm",Cold,Sweet,Rejuvenating,0,0,1,0,0,0,1,0,0,1,1,0,0,1,0,0,0,1,0,1,0,1,-2,1
595,Kutki — Wild,Picrorhiza kurroa,Mixed,Cold,Pungent,Kapha,All,West Bengal,Adaptogenic,Female reproductive health,Cold constitution,Kwatha (decoction),Pungent,Oily,Hot,Pungent,Galactagogue,0,0,1,1,0,0,0,0,0,1,1,0,0,0,1,1,0,0,1,1,0,0,3,-3
596,Kutki — Rural,Picrorhiza kurroa,Pungent,Cool,Pungent,All,All,India,Analgesic,Digestion,Cold constitution,Vati (tablets),Pungent,"Sharp,Smooth,Bland",Cold,Pungent,Galactagogue,1,1,1,0,1,0,1,0,0,1,0,1,0,0,0,0,1,0,1,1,0,-2,0,-3
597,Kutki — Mountain,Picrorhiza kurroa,Bitter,Warm,Sour,All,Pitta,India,Cardiotonic,Digestion,Bleeding disorders,Ghrita (ghee),Bitter,"Smooth,Light,Dry",Hot,Sweet,Rejuvenative,1,1,1,0,0,0,0,0,0,1,1,0,0,1,0,1,0,1,0,0,0,2,-2,-3
598,Kutki — Coastal,Picrorhiza kurroa,Mixed,Cold,Sweet,Pitta,Vata,Assam,Anti-inflammatory,"Stress, Anxiety",Diarrhea,Ghrita (ghee),Pungent,Cold,Cold,Sweet,Detoxifying,1,1,0,1,0,0,0,1,1,0,0,1,0,0,0,1,0,0,1,0,0,-1,-1,-1
599,Kutki — Indian,Picrorhiza kurroa,Sweet,Warm,Bitter,All,Vata,Sri Lanka,Anti-inflammatory,Arthritis,Pitta excess,Kashaya (decoction),Sweet,Light,Hot,Astringent,Aphrodisiac,1,1,1,1,0,0,0,1,0,1,0,0,0,0,0,0,1,0,1,0,0,-2,-2,-1
600,Kutki — Himalayan,Picrorhiza kurroa,Sour,Cool,Pungent,All,Kapha,West Bengal,Hepatoprotective,Immunity,Diarrhea,Kwatha (decoction),Sour,Sticky,Cold,Pungent,Detoxifying,1,1,1,1,0,0,1,1,1,0,0,0,1,1,0,0,1,1,0,0,0,-1,-2,1
601,Kutki — Malabar,Picrorhiza kurroa,Sweet,Hot,Bitter,Vata,Pitta,Nepal,Digestive stimulant,Arthritis,Diarrhea,Ghrita (ghee),Sweet,Rough,Hot,Sweet,Detoxifying,1,1,0,0,0,1,0,0,0,0,0,0,0,0,0,0,0,1,0,0,0,-3,-1,1
602,Kutki — Kashmir,Picrorhiza kurroa,Salty,Cold,Astringent,All,Vata,Sri Lanka,Anti-inflammatory,Liver disorders,Bleeding disorders,Vati (tablets),Salty,"Subtle,Firm",Cold,Astringent,Diaphoretic,1,1,1,1,0,1,0,0,0,0,0,0,0,0,0,0,1,1,1,1,0,0,-2,0
603,Kutki — Kerala,Picrorhiza kurroa,Sour,Hot,Pungent,Kapha,Kapha,Sri Lanka,Adaptogenic,Female reproductive health,None,Swarasa (juice),Sour,Subtle,Hot,Pungent,Detoxifying,0,0,1,1,0,0,1,0,0,1,0,1,0,1,0,0,0,0,0,1,0,2,2,-2
604,Kutki — Assam,Picrorhiza kurroa,Astringent,Warm,Pungent,All,Kapha,Sri Lanka,Diuretic,Weight management,None,Kwatha (decoction),Astringent,"Smooth,Mobile",Hot,Pungent,Detoxifying,1,1,1,0,0,1,0,1,0,0,1,0,1,0,1,1,0,0,0,0,0,1,-2,-3
605,Guduchi — Root,Tinospora cordifolia,Bitter,Neutral,Astringent,Kapha,Kapha,Sri Lanka,Immunomodulatory,Liver disorders,Pregnancy,Swarasa (juice),Bitter,"Dense,Oily",Cold,Astringent,Rejuvenating,0,0,1,0,0,1,1,1,0,1,0,0,0,0,0,0,0,1,0,0,0,2,-2,0
606,Guduchi — Leaf,Tinospora cordifolia,Sweet,Warm,Astringent,Kapha,Kapha,Uttar Pradesh,Hepatoprotective,Heart health,Bleeding disorders,Churna (powder),Sweet,"Bland,Liquid,Smooth",Cold,Astringent,Carminative,0,0,1,0,1,1,0,1,1,0,1,1,1,0,1,0,0,0,0,0,0,-1,-2,1
607,Guduchi — Stem,Tinospora cordifolia,Mixed,Neutral,Bitter,Kapha,Pitta,Kerala,Galactagogue,Liver disorders,Pitta excess,Taila (oil),Pungent,"Stable,Dry,Subtle",Hot,Pungent,Diaphoretic,0,1,1,0,1,0,1,1,0,0,1,1,0,0,0,1,0,0,1,0,0,2,1,-3
608,Guduchi — Bark,Tinospora cordifolia,Astringent,Cool,Bitter,Vata,Pitta,West Bengal,Rejuvenative,Arthritis,Diarrhea,Kashaya (decoction),Astringent,Subtle,Cold,Pungent,Detoxifying,1,1,0,1,0,1,0,0,0,1,0,0,1,0,0,1,1,0,1,0,0,1,-3,0
609,Guduchi — Seed,Tinospora cordifolia,Salty,Warm,Sour,Kapha,Pitta,Sri Lanka,Diuretic,Skin diseases,Pitta excess,Kwatha (decoction),Salty,"Heavy,Bland,Liquid",Cold,Pungent,Rejuvenative,0,1,1,0,0,1,1,0,0,0,1,1,0,0,1,0,0,0,1,0,0,1,-2,1
610,Guduchi — Fruit,Tinospora cordifolia,Astringent,Cold,Astringent,Pitta,Kapha,Sri Lanka,Immunomodulatory,Arthritis,Pitta excess,Ghrita (ghee),Astringent,"Liquid,Hot",Cold,Astringent,Demulcent,0,1,1,0,0,0,0,0,0,1,1,0,0,0,1,0,0,1,0,0,0,2,-3,-2
611,Guduchi — Flower,Tinospora cordifolia,Salty,Warm,Bitter,Kapha,Kapha,Rajasthan,Cardiotonic,Immunity,None,Kwatha (decoction),Salty,Cold,Hot,Pungent,Demulcent,0,0,1,1,0,1,1,0,0,0,0,0,0,0,0,0,1,0,0,0,0,2,2,-2
612,Guduchi — Resin,Tinospora cordifolia,Astringent,Hot,Sour,Vata,All,Uttar Pradesh,Diuretic,Respiratory support,Diarrhea,Avaleha (jam),Astringent,"Cold,Oily",Hot,Pungent,Rejuvenating,1,0,0,0,0,1,0,0,0,0,0,0,0,0,1,1,0,0,0,0,1,1,0,-1
613,Guduchi — Latex,Tinospora cordifolia,Sour,Warm,Bitter,Vata,Pitta,Karnataka,Digestive stimulant,"Stress, Anxiety",None,Kashaya (decoction),Sour,"Bland,Soft,Hot",Hot,Pungent,Diaphoretic,1,1,0,1,0,0,1,0,0,1,1,0,1,0,0,0,0,1,1,0,0,-1,1,0
614,Guduchi — Wild,Tinospora cordifolia,Pungent,Warm,Pungent,Vata,All,West Bengal,Galactagogue,Skin diseases,Pitta excess,Churna (powder),Pungent,Hot,Cold,Pungent,Diaphoretic,1,0,0,0,0,1,0,0,1,1,0,1,0,1,0,0,0,0,0,0,0,-2,2,-1
615,Guduchi — Rural,Tinospora cordifolia,Bitter,Cool,Astringent,Pitta,Pitta,Nepal,Hepatoprotective,Liver disorders,Pregnancy,Vati (tablets),Bitter,Sharp,Cold,Astringent,Nervine tonic,0,1,0,0,0,0,1,0,1,0,0,0,0,0,0,0,0,1,1,0,0,2,-3,0
616,Guduchi — Mountain,Tinospora cordifolia,Sour,Cool,Bitter,All,All,Assam,Antimicrobial,Digestion,Pregnancy,Ghrita (ghee),Sour,"Rough,Heavy,Dense",Cold,Astringent,Detoxifying,1,1,1,1,0,0,1,1,0,0,0,1,0,0,1,0,0,1,1,0,0,-1,-1,2
617,Guduchi — Coastal,Tinospora cordifolia,Salty,Warm,Sweet,Kapha,Pitta,Kerala,Galactagogue,Digestion,Diarrhea,Ghrita (ghee),Salty,"Sticky,Cold,Oily",Cold,Sweet,Galactagogue,0,1,1,0,1,0,1,1,1,1,0,0,0,0,0,1,1,0,0,0,0,2,-2,2
618,Guduchi — Indian,Tinospora cordifolia,Pungent,Warm,Astringent,Pitta,Vata,Himachal Pradesh,Diuretic,Weight management,Pitta excess,Vati (tablets),Pungent,"Oily,Light",Hot,Astringent,Demulcent,1,1,0,0,0,0,1,0,0,0,0,1,0,0,0,0,0,0,0,0,0,-1,1,-2
619,Guduchi — Himalayan,Tinospora cordifolia,Bitter,Hot,Astringent,Kapha,All,India,Cardiotonic,Heart health,Pitta excess,Avaleha (jam),Bitter,"Cloudy,Sticky",Hot,Astringent,Aphrodisiac,0,0,1,0,0,0,0,0,0,1,1,1,0,0,0,0,0,0,0,0,0,2,0,-3
620,Guduchi — Malabar,Tinospora cordifolia,Salty,Cold,Astringent,All,Kapha,Uttar Pradesh,Hepatoprotective,Female reproductive health,Pregnancy,Ghrita (ghee),Salty,Heavy,Hot,Astringent,Galactagogue,1,1,1,1,1,0,1,1,1,0,1,0,1,0,0,1,1,0,0,0,1,-1,0,-1
621,Guduchi — Kashmir,Tinospora cordifolia,Pungent,Cold,Pungent,Vata,Pitta,Tamil Nadu,Analgesic,Hair care,Pregnancy,Avaleha (jam),Pungent,"Clear,Firm,Rough",Cold,Pungent,Diaphoretic,1,1,0,0,1,1,1,0,1,0,1,0,0,1,0,0,0,0,0,0,1,-2,0,-1
622,Guduchi — Kerala,Tinospora cordifolia,Salty,Warm,Sour,Vata,Vata,Sri Lanka,Immunomodulatory,Hair care,Pregnancy,Churna (powder),Salty,Sticky,Hot,Pungent,Galactagogue,1,0,0,0,0,0,1,1,1,0,0,1,0,0,0,0,0,0,1,0,0,-1,2,1
623,Guduchi — Assam,Tinospora cordifolia,Salty,Hot,Bitter,All,All,Tamil Nadu,Diuretic,Immunity,None,Vati (tablets),Salty,"Bland,Sharp",Hot,Astringent,Carminative,1,1,1,0,0,0,0,0,0,0,0,0,1,0,0,0,0,0,0,0,0,-1,1,-2
624,Chitrak — Root,Plumbago zeylanica,Pungent,Hot,Astringent,All,Vata,Sri Lanka,Diuretic,Immunity,Cold constitution,Vati (tablets),Pungent,Hot,Hot,Astringent,Nervine tonic,1,1,1,1,0,1,0,0,1,0,0,0,0,1,0,0,1,1,0,0,0,-2,2,-3
625,Chitrak — Leaf,Plumbago zeylanica,Astringent,Hot,Sour,Vata,Kapha,Tamil Nadu,Immunomodulatory,Liver disorders,Bleeding disorders,Ghrita (ghee),Astringent,"Light,Oily",Hot,Sweet,Rejuvenative,1,0,1,0,0,0,1,0,1,0,0,1,0,0,0,0,1,1,0,0,1,1,0,-3
626,Chitrak — Stem,Plumbago zeylanica,Mixed,Warm,Sour,Pitta,Kapha,Himachal Pradesh,Adaptogenic,Skin diseases,Pregnancy,Kashaya (decoction),Astringent,Cloudy,Hot,Sweet,Diaphoretic,0,1,1,0,1,0,0,0,0,0,1,0,1,0,0,1,0,0,0,0,0,2,-2,-3
627,Chitrak — Bark,Plumbago zeylanica,Pungent,Cool,Astringent,Pitta,Vata,Kerala,Galactagogue,Respiratory support,Pregnancy,Kashaya (decoction),Pungent,Smooth,Cold,Astringent,Aphrodisiac,1,1,0,0,0,1,0,0,1,1,0,1,0,1,0,0,1,0,0,0,0,-2,-1,-1
628,Chitrak — Seed,Plumbago zeylanica,Pungent,Hot,Sour,Vata,Vata,Rajasthan,Galactagogue,Arthritis,None,Taila (oil),Pungent,"Rough,Cold,Liquid",Hot,Pungent,Diaphoretic,1,0,0,0,0,1,0,0,0,0,0,0,0,0,0,1,0,0,1,0,0,-1,3,-3
629,Chitrak — Fruit,Plumbago zeylanica,Sweet,Cool,Sweet,Vata,Pitta,Kerala,Adaptogenic,"Stress, Anxiety",Diarrhea,Swarasa (juice),Sweet,"Smooth,Dry",Cold,Sweet,Demulcent,1,1,0,0,1,0,0,0,0,0,0,1,0,0,0,0,0,0,0,0,1,-2,-3,3
630,Chitrak — Flower,Plumbago zeylanica,Astringent,Hot,Sweet,Vata,Vata,Karnataka,Galactagogue,Hair care,Bleeding disorders,Swarasa (juice),Astringent,"Cloudy,Subtle",Hot,Sweet,Rejuvenative,1,0,0,0,0,0,0,1,1,1,1,1,0,0,0,1,0,0,0,0,0,1,0,-2
631,Chitrak — Resin,Plumbago zeylanica,Sweet,Cool,Sour,Kapha,Vata,West Bengal,Analgesic,Skin diseases,Pregnancy,Avaleha (jam),Sweet,Smooth,Cold,Sweet,Diaphoretic,1,0,1,1,1,0,1,0,0,1,0,1,0,1,0,0,0,0,1,0,1,-3,-2,1
632,Chitrak — Latex,Plumbago zeylanica,Astringent,Cool,Astringent,All,All,Himachal Pradesh,Galactagogue,Skin diseases,Pregnancy,Vati (tablets),Astringent,"Liquid,Cloudy,Sharp",Cold,Astringent,Diaphoretic,1,1,1,0,1,1,1,1,0,1,0,1,1,1,0,0,0,0,0,0,1,0,-3,-2
633,Chitrak — Wild,Plumbago zeylanica,Salty,Hot,Pungent,Vata,All,Nepal,Expectorant,Weight management,Diarrhea,Kashaya (decoction),Salty,"Dense,Sharp",Hot,Pungent,Diaphoretic,1,0,0,0,0,0,0,1,0,0,1,0,0,0,0,1,0,0,0,0,0,-1,3,1
634,Chitrak — Rural,Plumbago zeylanica,Pungent,Neutral,Bitter,Kapha,Vata,Sri Lanka,Rejuvenative,Skin diseases,None,Kashaya (decoction),Pungent,"Light,Dense,Cold",Cold,Astringent,Diaphoretic,1,0,1,1,0,0,0,0,0,0,1,0,1,0,0,0,0,1,0,0,1,0,1,-2
635,Chitrak — Mountain,Plumbago zeylanica,Bitter,Cool,Bitter,Vata,Vata,Rajasthan,Galactagogue,"Stress, Anxiety",Pregnancy,Ghrita (ghee),Bitter,Sharp,Cold,Sweet,Aphrodisiac,1,0,0,0,1,0,0,0,0,0,1,1,0,0,0,0,0,0,1,0,0,0,-1,0
636,Chitrak — Coastal,Plumbago zeylanica,Salty,Warm,Sour,Vata,All,Sri Lanka,Rejuvenative,Arthritis,None,Swarasa (juice),Salty,Dry,Hot,Astringent,Detoxifying,1,0,0,0,1,0,1,1,0,1,1,0,0,0,1,0,1,0,1,0,0,0,2,0
637,Chitrak — Indian,Plumbago zeylanica,Salty,Cool,Pungent,Vata,Vata,Sri Lanka,Hepatoprotective,Heart health,None,Kashaya (decoction),Salty,"Sharp,Dry",Cold,Pungent,Detoxifying,1,0,0,0,0,1,0,0,1,1,0,0,0,1,1,0,1,0,0,0,1,0,1,2
638,Chitrak — Himalayan,Plumbago zeylanica,Mixed,Cold,Sweet,All,Kapha,Uttar Pradesh,Analgesic,Immunity,Pregnancy,Ghrita (ghee),Sweet,Smooth,Cold,Sweet,Carminative,1,1,1,1,1,0,1,1,0,0,0,1,0,0,1,0,0,0,0,0,0,-3,-3,1
639,Chitrak — Malabar,Plumbago zeylanica,Sour,Cool,Bitter,Pitta,Vata,Assam,Expectorant,Weight management,None,Kwatha (decoction),Sour,"Bland,Mobile",Cold,Astringent,Carminative,1,1,0,0,1,0,0,1,1,1,1,0,1,1,0,0,1,0,0,0,1,0,-2,2
640,Chitrak — Kashmir,Plumbago zeylanica,Mixed,Cool,Bitter,Kapha,Vata,Assam,Rejuvenative,Hair care,Pregnancy,Kwatha (decoction),Sweet,"Light,Dry",Cold,Astringent,Carminative,1,0,1,0,0,1,0,0,1,0,0,0,0,0,0,1,1,1,1,0,0,-1,-2,1
641,Chitrak — Kerala,Plumbago zeylanica,Astringent,Cool,Sweet,Vata,Vata,Nepal,Cardiotonic,Hair care,Pitta excess,Ghrita (ghee),Astringent,Oily,Cold,Sweet,Analgesic,1,0,0,0,0,1,0,0,0,0,1,0,0,1,0,0,1,1,0,0,0,0,-2,1
642,Chitrak — Assam,Plumbago zeylanica,Salty,Cool,Astringent,Kapha,Vata,Uttar Pradesh,Expectorant,"Stress, Anxiety",Cold constitution,Kashaya (decoction),Salty,Cloudy,Cold,Astringent,Rejuvenative,1,0,1,0,0,1,1,1,0,1,0,0,0,0,1,0,1,1,0,1,0,-1,0,0
643,Punarnava — Root,Boerhavia diffusa,Salty,Warm,Bitter,Vata,Vata,Sri Lanka,Digestive stimulant,Digestion,Pitta excess,Swarasa (juice),Salty,"Subtle,Mobile",Hot,Sweet,Nervine tonic,1,0,0,0,0,0,0,0,1,1,0,0,0,0,1,0,1,0,0,0,1,1,2,0
644,Punarnava — Leaf,Boerhavia diffusa,Mixed,Warm,Sour,Kapha,Vata,Kerala,Hepatoprotective,Liver disorders,Bleeding disorders,Avaleha (jam),Astringent,"Smooth,Light,Sticky",Hot,Astringent,Rejuvenative,1,0,1,1,1,0,0,0,1,0,0,0,0,1,0,0,1,1,0,0,0,1,0,-3
645,Punarnava — Stem,Boerhavia diffusa,Bitter,Warm,Sour,Pitta,Pitta,Tamil Nadu,Antimicrobial,Arthritis,None,Ghrita (ghee),Bitter,Heavy,Hot,Pungent,Rejuvenative,0,1,0,1,0,0,1,0,0,0,1,0,1,0,0,1,0,0,0,1,1,2,-2,-1
646,Punarnava — Bark,Boerhavia diffusa,Salty,Warm,Sweet,All,Vata,Sri Lanka,Galactagogue,Weight management,Pregnancy,Kashaya (decoction),Salty,Oily,Cold,Sweet,Diaphoretic,1,1,1,0,0,1,1,1,0,0,0,0,0,0,0,0,0,1,1,0,1,-1,-2,1
647,Punarnava — Seed,Boerhavia diffusa,Astringent,Neutral,Sour,Pitta,All,Kerala,Diuretic,Digestion,Cold constitution,Avaleha (jam),Astringent,Rough,Hot,Astringent,Detoxifying,0,1,0,0,1,0,0,0,1,0,1,0,1,0,0,0,0,0,0,1,1,2,-1,-2
648,Punarnava — Fruit,Boerhavia diffusa,Mixed,Neutral,Bitter,Pitta,Pitta,Karnataka,Immunomodulatory,Female reproductive health,Diarrhea,Swarasa (juice),Astringent,Bland,Hot,Pungent,Demulcent,0,1,0,0,0,1,0,0,0,1,0,0,1,0,1,1,0,0,0,0,0,2,-2,-2
649,Punarnava — Flower,Boerhavia diffusa,Sour,Cool,Bitter,Pitta,Kapha,Himachal Pradesh,Analgesic,Immunity,None,Vati (tablets),Sour,"Sticky,Dense,Oily",Cold,Sweet,Analgesic,0,1,1,0,1,0,0,1,1,0,1,0,0,0,0,1,0,0,0,1,0,1,-2,3
650,Punarnava — Resin,Boerhavia diffusa,Pungent,Cool,Sour,Kapha,Kapha,India,Galactagogue,Arthritis,Bleeding disorders,Ghrita (ghee),Pungent,"Mobile,Sticky",Cold,Astringent,Demulcent,0,0,1,1,0,1,0,0,0,1,0,0,0,0,0,1,1,1,0,0,1,1,1,-2
651,Punarnava — Latex,Boerhavia diffusa,Sour,Warm,Astringent,Pitta,Pitta,India,Diuretic,Hair care,Pitta excess,Kwatha (decoction),Sour,"Heavy,Sharp",Cold,Astringent,Demulcent,0,1,0,0,1,0,0,1,1,0,0,0,0,0,1,0,1,0,0,1,0,1,-1,3
652,Punarnava — Wild,Boerhavia diffusa,Mixed,Warm,Sour,All,All,Sri Lanka,Rejuvenative,Heart health,Pitta excess,Avaleha (jam),Astringent,"Smooth,Heavy",Cold,Pungent,Carminative,1,1,1,1,0,1,0,0,0,1,1,0,0,0,0,0,1,1,0,1,1,0,-3,-1
653,Punarnava — Rural,Boerhavia diffusa,Mixed,Hot,Sour,Vata,Vata,Himachal Pradesh,Hepatoprotective,Digestion,Diarrhea,Churna (powder),Bitter,"Cold,Sharp,Heavy",Hot,Astringent,Galactagogue,1,0,0,1,0,0,0,0,1,0,1,0,1,1,0,1,0,1,0,0,0,1,1,-1
654,Punarnava — Mountain,Boerhavia diffusa,Pungent,Warm,Pungent,Kapha,Kapha,Karnataka,Anti-inflammatory,Immunity,Bleeding disorders,Churna (powder),Pungent,"Smooth,Liquid,Mobile",Cold,Pungent,Nervine tonic,0,0,1,1,0,1,1,1,0,1,0,0,0,0,0,1,0,0,0,0,0,1,1,-3
655,Punarnava — Coastal,Boerhavia diffusa,Sweet,Cool,Sweet,Pitta,All,Uttar Pradesh,Diuretic,Immunity,Diarrhea,Churna (powder),Sweet,"Cloudy,Soft",Cold,Sweet,Detoxifying,0,1,0,0,0,0,1,1,1,0,0,1,0,0,0,1,0,0,0,0,0,-1,-3,3
656,Punarnava — Indian,Boerhavia diffusa,Astringent,Cool,Bitter,Kapha,Vata,Kerala,Rejuvenative,Immunity,Bleeding disorders,Kashaya (decoction),Astringent,Dry,Cold,Pungent,Demulcent,1,0,1,0,1,1,0,0,1,1,1,0,0,0,0,1,0,0,0,0,0,1,-2,-2
657,Punarnava — Himalayan,Boerhavia diffusa,Mixed,Cold,Astringent,Pitta,Pitta,Rajasthan,Expectorant,Skin diseases,Diarrhea,Kwatha (decoction),Pungent,"Rough,Soft",Cold,Astringent,Galactagogue,0,1,0,0,1,1,1,0,1,1,1,0,0,0,1,0,0,0,0,0,1,0,0,-1
658,Punarnava — Malabar,Boerhavia diffusa,Pungent,Cold,Sour,Vata,All,Kerala,Antimicrobial,Immunity,Cold constitution,Taila (oil),Pungent,"Mobile,Smooth",Cold,Sweet,Carminative,1,0,0,1,0,0,1,0,0,0,0,0,0,0,0,0,0,1,0,1,0,-1,1,-1
659,Punarnava — Kashmir,Boerhavia diffusa,Pungent,Cold,Sour,Kapha,Vata,West Bengal,Expectorant,Skin diseases,Pregnancy,Vati (tablets),Pungent,Heavy,Cold,Astringent,Nervine tonic,1,0,1,0,0,0,0,0,0,0,0,0,0,0,0,0,0,0,1,0,0,-2,1,-2
660,Punarnava — Kerala,Boerhavia diffusa,Sweet,Neutral,Sweet,Kapha,All,Nepal,Diuretic,"Stress, Anxiety",Pregnancy,Swarasa (juice),Sweet,"Rough,Soft",Cold,Sweet,Analgesic,0,0,1,0,1,1,0,0,0,0,0,0,1,1,0,1,0,0,1,0,0,-1,-1,1
661,Punarnava — Assam,Boerhavia diffusa,Sour,Cold,Pungent,Vata,Pitta,Himachal Pradesh,Diuretic,Heart health,None,Kwatha (decoction),Sour,"Dry,Firm",Cold,Pungent,Galactagogue,1,1,0,0,0,0,0,0,0,0,1,0,0,0,0,1,0,0,0,0,0,0,-2,2
662,Mustak — Root,Cyperus rotundus,Sweet,Cold,Pungent,Kapha,Kapha,West Bengal,Adaptogenic,Arthritis,Cold constitution,Kashaya (decoction),Sweet,Dense,Cold,Pungent,Aphrodisiac,0,0,1,0,0,0,0,1,0,0,1,0,0,0,0,0,0,0,0,1,0,-1,-2,2
663,Mustak — Leaf,Cyperus rotundus,Sour,Hot,Sweet,Kapha,All,Uttar Pradesh,Galactagogue,Weight management,Cold constitution,Ghrita (ghee),Sour,"Mobile,Subtle",Hot,Sweet,Rejuvenative,0,0,1,0,0,0,0,0,0,0,0,0,1,0,0,0,0,1,0,0,0,3,2,-2
664,Mustak — Stem,Cyperus rotundus,Bitter,Warm,Bitter,Vata,All,Rajasthan,Diuretic,Immunity,Pregnancy,Swarasa (juice),Bitter,"Bland,Firm,Smooth",Cold,Sweet,Aphrodisiac,1,0,0,0,1,1,1,1,0,0,1,1,0,0,0,0,1,0,0,0,0,0,-2,0
665,Mustak — Bark,Cyperus rotundus,Sour,Neutral,Bitter,All,Vata,Rajasthan,Galactagogue,Arthritis,Pitta excess,Kwatha (decoction),Sour,Soft,Cold,Astringent,Nervine tonic,1,1,1,1,1,1,0,0,0,1,1,0,0,0,0,0,0,0,0,0,1,-1,-2,0
666,Mustak — Seed,Cyperus rotundus,Bitter,Cold,Sour,Vata,Vata,Uttar Pradesh,Galactagogue,Hair care,Bleeding disorders,Avaleha (jam),Bitter,"Clear,Firm,Rough",Cold,Sweet,Analgesic,1,0,0,0,0,1,0,1,0,1,1,1,0,0,0,0,0,0,0,0,0,0,-1,0
667,Mustak — Fruit,Cyperus rotundus,Mixed,Hot,Pungent,All,Vata,Sri Lanka,Hepatoprotective,Digestion,None,Swarasa (juice),Sour,"Sticky,Clear",Hot,Pungent,Demulcent,1,1,1,1,1,0,0,0,1,1,0,0,1,0,0,1,0,0,0,1,1,-1,0,-1
668,Mustak — Flower,Cyperus rotundus,Bitter,Hot,Sweet,Vata,Pitta,Rajasthan,Diuretic,Respiratory support,Cold constitution,Ghrita (ghee),Bitter,Dry,Hot,Sweet,Nervine tonic,1,1,0,0,1,1,1,0,0,0,0,1,0,0,0,0,0,0,0,0,1,1,-2,-2
669,Mustak — Resin,Cyperus rotundus,Sweet,Cool,Bitter,All,All,Himachal Pradesh,Analgesic,Digestion,None,Kwatha (decoction),Sweet,"Bland,Cloudy,Heavy",Cold,Astringent,Demulcent,1,1,1,0,1,0,0,0,0,0,0,0,0,0,0,1,0,1,0,0,0,-3,-3,2
670,Mustak — Latex,Cyperus rotundus,Sour,Hot,Sour,Vata,Vata,Tamil Nadu,Analgesic,Heart health,Pregnancy,Taila (oil),Sour,"Sticky,Subtle",Hot,Astringent,Aphrodisiac,1,0,0,0,1,0,0,0,0,0,0,0,1,0,0,0,0,0,0,1,1,0,2,1
671,Mustak — Wild,Cyperus rotundus,Mixed,Warm,Sour,Vata,Kapha,Assam,Antimicrobial,Female reproductive health,Diarrhea,Churna (powder),Pungent,"Hot,Oily",Hot,Sweet,Diaphoretic,1,0,1,1,0,0,1,1,0,0,0,0,0,0,0,0,0,0,1,0,0,-2,3,-3
672,Mustak — Rural,Cyperus rotundus,Astringent,Cold,Sour,Pitta,Pitta,Himachal Pradesh,Diuretic,Immunity,Diarrhea,Vati (tablets),Astringent,"Heavy,Mobile",Hot,Pungent,Rejuvenative,0,1,0,0,0,0,0,0,0,1,0,0,0,1,0,0,0,1,0,0,1,3,-2,-1
673,Mustak — Mountain,Cyperus rotundus,Sweet,Warm,Sweet,Pitta,Vata,Kerala,Anti-inflammatory,Weight management,Cold constitution,Avaleha (jam),Sweet,"Dense,Light",Cold,Sweet,Nervine tonic,1,1,0,1,1,1,0,0,0,1,1,1,0,0,0,0,0,0,0,0,1,-2,-3,3
674,Mustak — Coastal,Cyperus rotundus,Sour,Neutral,Sweet,Kapha,Pitta,West Bengal,Digestive stimulant,Female reproductive health,Diarrhea,Vati (tablets),Sour,"Hot,Sharp,Dense",Cold,Sweet,Analgesic,0,1,1,0,1,0,0,1,1,0,1,0,0,1,1,0,0,0,0,1,1,1,0,1
675,Mustak — Indian,Cyperus rotundus,Pungent,Cold,Pungent,Kapha,Pitta,Tamil Nadu,Hepatoprotective,Hair care,Cold constitution,Churna (powder),Pungent,"Hot,Oily,Sticky",Hot,Pungent,Nervine tonic,0,1,1,0,0,1,0,0,1,0,0,0,0,1,0,0,0,0,0,0,0,0,2,-3
676,Mustak — Himalayan,Cyperus rotundus,Mixed,Neutral,Bitter,Vata,Kapha,Sri Lanka,Immunomodulatory,Immunity,Pregnancy,Ghrita (ghee),Bitter,"Mobile,Firm",Cold,Astringent,Aphrodisiac,1,0,1,0,1,1,0,0,0,1,0,1,0,0,1,0,0,1,0,0,0,1,-2,-2
677,Mustak — Malabar,Cyperus rotundus,Salty,Neutral,Bitter,Kapha,Kapha,Karnataka,Galactagogue,Hair care,Bleeding disorders,Kwatha (decoction),Salty,"Firm,Heavy",Hot,Astringent,Carminative,0,0,1,0,0,1,0,0,1,0,1,0,0,1,0,0,0,1,1,0,0,1,2,-1
678,Mustak — Kashmir,Cyperus rotundus,Sweet,Neutral,Sweet,Pitta,Kapha,Assam,Expectorant,"Stress, Anxiety",Cold constitution,Taila (oil),Sweet,Oily,Hot,Sweet,Rejuvenating,0,1,1,0,1,0,0,0,1,0,0,0,1,0,1,1,0,0,1,0,0,-1,-2,0
679,Mustak — Kerala,Cyperus rotundus,Salty,Neutral,Pungent,Kapha,Kapha,Himachal Pradesh,Hepatoprotective,Digestion,Pitta excess,Ghrita (ghee),Salty,Heavy,Cold,Pungent,Galactagogue,0,0,1,0,0,0,1,0,1,1,0,0,0,1,0,0,0,0,0,0,0,1,0,1
680,Mustak — Assam,Cyperus rotundus,Mixed,Cold,Bitter,Kapha,Kapha,Karnataka,Galactagogue,"Stress, Anxiety",None,Kashaya (decoction),Bitter,"Cold,Sticky,Sharp",Hot,Astringent,Aphrodisiac,0,0,1,1,0,0,0,0,0,1,0,0,0,0,0,1,0,0,0,0,0,3,1,-3
681,Haridra — Root,Curcuma longa,Astringent,Warm,Astringent,All,Vata,Karnataka,Galactagogue,Weight management,Pregnancy,Taila (oil),Astringent,Firm,Cold,Astringent,Rejuvenative,1,1,1,0,0,0,0,0,0,0,1,0,0,0,0,0,0,0,0,0,1,0,-3,-2
682,Haridra — Leaf,Curcuma longa,Mixed,Cold,Sour,Pitta,Kapha,Sri Lanka,Immunomodulatory,Respiratory support,Pregnancy,Churna (powder),Pungent,"Firm,Liquid",Cold,Sweet,Demulcent,0,1,1,0,1,1,0,0,1,1,0,0,0,0,0,1,0,1,0,0,0,0,-1,-3
683,Haridra — Stem,Curcuma longa,Mixed,Neutral,Sour,All,Pitta,Kerala,Diuretic,Immunity,Cold constitution,Kashaya (decoction),Astringent,"Bland,Mobile,Subtle",Cold,Pungent,Galactagogue,1,1,1,0,0,1,0,0,0,0,0,0,0,0,0,1,0,0,0,0,0,2,-3,-2
684,Haridra — Bark,Curcuma longa,Salty,Cold,Astringent,All,Pitta,Nepal,Rejuvenative,Immunity,Bleeding disorders,Kashaya (decoction),Salty,Bland,Cold,Astringent,Nervine tonic,1,1,1,0,1,0,1,1,1,0,0,0,0,0,0,0,0,0,0,1,1,-1,-2,0
685,Haridra — Seed,Curcuma longa,Sour,Neutral,Sweet,All,Kapha,India,Anti-inflammatory,Hair care,Bleeding disorders,Vati (tablets),Sour,"Rough,Dense",Hot,Sweet,Diaphoretic,1,1,1,1,0,0,0,0,0,0,0,1,0,0,0,0,0,0,0,0,1,-1,1,-1
686,Haridra — Fruit,Curcuma longa,Mixed,Neutral,Pungent,All,Pitta,Karnataka,Cardiotonic,Weight management,Diarrhea,Vati (tablets),Pungent,Soft,Cold,Pungent,Detoxifying,1,1,1,0,0,1,0,1,1,0,1,0,1,0,0,0,0,0,0,0,0,-2,-1,-3
687,Haridra — Flower,Curcuma longa,Salty,Cool,Astringent,Vata,Pitta,Assam,Digestive stimulant,Respiratory support,Pitta excess,Swarasa (juice),Salty,"Subtle,Dense,Bland",Cold,Astringent,Carminative,1,1,0,1,1,0,1,1,1,0,0,0,1,0,1,0,0,0,0,0,1,0,-2,3
688,Haridra — Resin,Curcuma longa,Pungent,Hot,Pungent,Kapha,All,Assam,Expectorant,Digestion,Pregnancy,Swarasa (juice),Pungent,"Light,Firm,Cold",Hot,Pungent,Detoxifying,0,0,1,0,1,1,0,0,0,1,1,1,0,1,1,0,0,1,0,0,0,2,3,-3
689,Haridra — Latex,Curcuma longa,Bitter,Neutral,Astringent,Kapha,Pitta,Himachal Pradesh,Galactagogue,Female reproductive health,Pitta excess,Kwatha (decoction),Bitter,"Hot,Cold",Hot,Astringent,Demulcent,0,1,1,0,0,0,0,0,1,0,0,0,0,0,1,0,0,0,0,0,1,3,-1,-3
690,Haridra — Wild,Curcuma longa,Sour,Warm,Bitter,Pitta,All,West Bengal,Analgesic,Liver disorders,None,Churna (powder),Sour,"Stable,Sticky",Cold,Astringent,Demulcent,0,1,0,0,1,0,0,0,0,0,0,1,0,0,0,1,0,1,0,0,1,1,-2,3
691,Haridra — Rural,Curcuma longa,Sour,Cold,Bitter,Pitta,Pitta,Tamil Nadu,Diuretic,Hair care,Pitta excess,Ghrita (ghee),Sour,"Light,Heavy,Firm",Hot,Pungent,Nervine tonic,0,1,0,1,1,0,1,0,0,1,1,0,0,0,1,1,0,0,0,0,0,2,0,1
692,Haridra — Mountain,Curcuma longa,Pungent,Cold,Pungent,Kapha,Vata,Sri Lanka,Digestive stimulant,Female reproductive health,Pitta excess,Kwatha (decoction),Pungent,"Liquid,Firm,Subtle",Cold,Pungent,Nervine tonic,1,0,1,1,0,1,0,0,0,1,1,0,0,0,0,1,1,1,1,0,0,-1,1,-3
693,Haridra — Coastal,Curcuma longa,Astringent,Cool,Bitter,Pitta,Pitta,Sri Lanka,Antimicrobial,Digestion,Bleeding disorders,Churna (powder),Astringent,Rough,Cold,Sweet,Carminative,0,1,0,1,0,1,1,0,0,0,0,1,0,0,0,0,0,0,0,0,0,2,-3,0
694,Haridra — Indian,Curcuma longa,Pungent,Neutral,Sour,Pitta,Pitta,Sri Lanka,Diuretic,Digestion,Cold constitution,Vati (tablets),Pungent,"Light,Stable,Bland",Hot,Pungent,Detoxifying,0,1,0,0,1,0,0,1,1,0,0,0,0,1,0,0,0,0,0,0,0,1,1,-3
695,Haridra — Himalayan,Curcuma longa,Bitter,Cold,Astringent,Pitta,All,Nepal,Cardiotonic,Hair care,Pregnancy,Taila (oil),Bitter,"Oily,Cold,Light",Hot,Astringent,Rejuvenative,0,1,0,1,1,0,0,0,0,0,0,0,0,0,0,0,0,1,0,0,1,3,-2,-1
696,Haridra — Malabar,Curcuma longa,Bitter,Cold,Bitter,All,All,Karnataka,Digestive stimulant,Female reproductive health,Cold constitution,Vati (tablets),Bitter,Cold,Hot,Pungent,Rejuvenative,1,1,1,0,0,0,0,1,1,1,0,0,1,1,0,0,0,1,0,0,0,1,-2,-3
697,Haridra — Kashmir,Curcuma longa,Mixed,Neutral,Pungent,Kapha,Pitta,Sri Lanka,Analgesic,Liver disorders,Cold constitution,Kwatha (decoction),Salty,"Liquid,Hot",Cold,Pungent,Demulcent,0,1,1,1,1,0,1,1,1,1,0,0,0,0,0,0,1,1,0,0,0,1,-1,0
698,Haridra — Kerala,Curcuma longa,Pungent,Cool,Bitter,Pitta,Vata,Kerala,Digestive stimulant,Heart health,Cold constitution,Avaleha (jam),Pungent,"Mobile,Dense,Cold",Cold,Pungent,Galactagogue,1,1,0,1,1,0,0,1,1,0,0,0,1,0,1,0,0,0,0,1,1,0,-1,0
699,Haridra — Assam,Curcuma longa,Mixed,Cold,Sour,Vata,Pitta,Assam,Cardiotonic,Weight management,Pregnancy,Kwatha (decoction),Sweet,"Oily,Heavy",Cold,Astringent,Rejuvenative,1,1,0,0,0,0,0,0,0,0,0,0,0,0,1,0,0,0,0,0,0,-3,-3,3
700,Daru haridra — Root,Berberis aristata,Bitter,Cool,Pungent,Vata,All,India,Antimicrobial,"Stress, Anxiety",Pregnancy,Avaleha (jam),Bitter,Stable,Cold,Pungent,Detoxifying,1,0,0,1,1,0,1,0,0,0,0,1,0,0,0,0,0,1,0,0,1,0,-2,0
701,Daru haridra — Leaf,Berberis aristata,Pungent,Cool,Bitter,Kapha,Vata,Himachal Pradesh,Hepatoprotective,Immunity,None,Ghrita (ghee),Pungent,Sharp,Cold,Astringent,Rejuvenating,1,0,1,1,0,0,0,0,1,0,0,0,1,0,0,1,0,1,0,0,0,-2,2,-3
702,Daru haridra — Stem,Berberis aristata,Mixed,Hot,Astringent,All,Kapha,Uttar Pradesh,Anti-inflammatory,Digestion,Cold constitution,Kwatha (decoction),Astringent,"Mobile,Cold",Hot,Astringent,Detoxifying,1,1,1,1,0,0,1,0,1,0,0,0,0,0,0,0,0,0,1,1,0,2,-2,-3
703,Daru haridra — Bark,Berberis aristata,Sour,Hot,Bitter,Pitta,Kapha,Himachal Pradesh,Analgesic,Respiratory support,Bleeding disorders,Avaleha (jam),Sour,Cold,Hot,Pungent,Demulcent,0,1,1,0,1,1,0,1,0,1,0,0,0,0,0,0,1,0,0,0,1,2,0,-2
704,Daru haridra — Seed,Berberis aristata,Salty,Neutral,Astringent,Kapha,All,Nepal,Analgesic,Weight management,Pitta excess,Avaleha (jam),Salty,"Subtle,Dry,Stable",Hot,Astringent,Detoxifying,0,0,1,0,1,0,0,0,0,0,0,0,0,0,0,1,0,1,0,0,1,3,2,-2
705,Daru haridra — Fruit,Berberis aristata,Mixed,Cold,Bitter,All,Pitta,West Bengal,Diuretic,Heart health,None,Taila (oil),Salty,"Stable,Rough,Subtle",Cold,Sweet,Aphrodisiac,1,1,1,0,0,0,1,0,0,0,0,0,0,0,0,1,1,0,0,0,0,0,-1,0
706,Daru haridra — Flower,Berberis aristata,Sweet,Neutral,Astringent,All,Pitta,Sri Lanka,Immunomodulatory,Arthritis,None,Vati (tablets),Sweet,"Sharp,Light",Hot,Astringent,Detoxifying,1,1,1,1,0,0,0,0,1,0,1,1,0,0,0,0,0,0,0,0,0,-2,-1,-1
707,Daru haridra — Resin,Berberis aristata,Bitter,Cold,Sour,All,Kapha,India,Cardiotonic,Hair care,Diarrhea,Churna (powder),Bitter,"Soft,Hot",Hot,Sweet,Aphrodisiac,1,1,1,0,0,1,1,1,0,0,0,0,1,0,0,0,0,0,0,0,0,0,-1,-3
708,Daru haridra — Latex,Berberis aristata,Pungent,Cool,Sweet,Vata,Pitta,Assam,Cardiotonic,Female reproductive health,Pregnancy,Kwatha (decoction),Pungent,Hot,Cold,Sweet,Aphrodisiac,1,1,0,1,1,0,0,0,1,0,0,0,1,0,0,1,0,0,1,0,1,-2,0,-1
709,Daru haridra — Wild,Berberis aristata,Sweet,Cold,Astringent,Vata,Vata,Himachal Pradesh,Antimicrobial,Weight management,Diarrhea,Taila (oil),Sweet,"Soft,Bland,Hot",Hot,Astringent,Galactagogue,1,0,0,1,0,0,1,1,0,1,1,0,0,0,0,0,1,0,1,0,0,-3,1,1
710,Daru haridra — Rural,Berberis aristata,Salty,Neutral,Sweet,Pitta,All,Assam,Anti-inflammatory,Arthritis,Diarrhea,Taila (oil),Salty,"Smooth,Liquid",Cold,Sweet,Rejuvenative,0,1,0,1,0,1,0,0,1,0,0,0,1,1,1,0,0,0,1,0,0,1,-2,2
711,Daru haridra — Mountain,Berberis aristata,Pungent,Hot,Sour,Pitta,Pitta,Sri Lanka,Anti-inflammatory,"Stress, Anxiety",Bleeding disorders,Churna (powder),Pungent,"Bland,Liquid,Dense",Hot,Astringent,Rejuvenative,0,1,0,1,0,0,0,1,0,1,0,0,1,0,0,0,0,0,0,0,0,0,1,-2
712,Daru haridra — Coastal,Berberis aristata,Pungent,Hot,Astringent,All,Kapha,Sri Lanka,Antimicrobial,Female reproductive health,Cold constitution,Ghrita (ghee),Pungent,Mobile,Hot,Astringent,Nervine tonic,1,1,1,1,0,0,1,0,1,0,0,0,1,0,0,0,0,0,0,0,0,-1,1,-3
713,Daru haridra — Indian,Berberis aristata,Sour,Hot,Sweet,Vata,Kapha,India,Cardiotonic,"Stress, Anxiety",Pitta excess,Taila (oil),Sour,"Heavy,Stable,Cold",Hot,Sweet,Carminative,1,0,1,0,1,0,0,0,0,0,0,0,0,0,0,0,0,0,1,0,0,0,2,-1
714,Daru haridra — Himalayan,Berberis aristata,Pungent,Neutral,Pungent,All,All,Nepal,Anti-inflammatory,Immunity,Bleeding disorders,Avaleha (jam),Pungent,"Clear,Light",Cold,Pungent,Nervine tonic,1,1,1,1,1,1,0,0,1,1,0,0,0,0,0,0,1,0,0,0,0,-1,-1,-3
715,Daru haridra — Malabar,Berberis aristata,Sour,Hot,Sour,Vata,Kapha,West Bengal,Immunomodulatory,Heart health,Pitta excess,Taila (oil),Sour,"Hot,Smooth,Sharp",Hot,Astringent,Nervine tonic,1,0,1,0,1,0,0,1,0,0,0,0,0,0,1,0,0,0,1,1,0,-1,3,-2
716,Daru haridra — Kashmir,Berberis aristata,Salty,Cool,Bitter,All,Pitta,West Bengal,Expectorant,Hair care,None,Churna (powder),Salty,"Clear,Sticky",Cold,Astringent,Galactagogue,1,1,1,1,0,0,1,0,0,0,0,0,0,0,0,0,0,0,0,0,1,-1,-2,1
717,Daru haridra — Kerala,Berberis aristata,Astringent,Hot,Astringent,Vata,All,Sri Lanka,Digestive stimulant,Hair care,Diarrhea,Ghrita (ghee),Astringent,Hot,Hot,Astringent,Carminative,1,0,0,0,0,1,0,0,0,1,0,0,0,0,0,0,0,0,1,1,0,0,1,-2
718,Daru haridra — Assam,Berberis aristata,Mixed,Warm,Bitter,Kapha,Vata,Rajasthan,Digestive stimulant,Immunity,Pregnancy,Avaleha (jam),Pungent,"Firm,Dense,Cold",Hot,Pungent,Carminative,1,0,1,0,0,1,1,0,0,0,0,1,1,0,0,0,0,0,0,0,0,-1,3,-3
719,Sunth — Root,Zingiber officinale,Salty,Warm,Sweet,Pitta,All,West Bengal,Analgesic,Arthritis,Cold constitution,Taila (oil),Salty,"Soft,Bland",Hot,Sweet,Aphrodisiac,0,1,0,1,1,0,0,0,0,1,0,1,0,0,1,1,0,0,0,0,1,1,0,0
720,Sunth — Leaf,Zingiber officinale,Pungent,Cold,Bitter,Pitta,Pitta,Uttar Pradesh,Adaptogenic,Arthritis,Bleeding disorders,Ghrita (ghee),Pungent,"Clear,Cloudy",Cold,Astringent,Nervine tonic,0,1,0,1,0,0,0,1,1,1,0,0,1,0,0,0,0,0,1,0,0,0,-1,-1
721,Sunth — Stem,Zingiber officinale,Mixed,Cold,Sour,Kapha,Pitta,Tamil Nadu,Immunomodulatory,Respiratory support,Diarrhea,Kashaya (decoction),Pungent,"Soft,Smooth,Stable",Cold,Astringent,Demulcent,0,1,1,0,0,0,0,0,1,1,0,0,0,0,0,0,0,0,0,1,0,0,-1,-3
722,Sunth — Bark,Zingiber officinale,Sour,Hot,Sour,Vata,All,West Bengal,Cardiotonic,"Stress, Anxiety",None,Taila (oil),Sour,"Dense,Bland",Hot,Pungent,Rejuvenating,1,0,0,1,1,0,0,0,1,0,1,0,0,0,0,0,0,0,1,0,1,-1,2,1
723,Sunth — Seed,Zingiber officinale,Astringent,Cold,Sour,Kapha,All,Uttar Pradesh,Cardiotonic,Skin diseases,Pregnancy,Avaleha (jam),Astringent,"Rough,Liquid",Cold,Sweet,Analgesic,0,0,1,0,0,0,0,1,0,1,0,0,1,0,0,0,0,0,1,1,1,2,-1,-2
724,Sunth — Fruit,Zingiber officinale,Astringent,Neutral,Sweet,Kapha,All,Sri Lanka,Hepatoprotective,Liver disorders,Pregnancy,Kashaya (decoction),Astringent,"Sharp,Soft,Sticky",Cold,Sweet,Carminative,0,0,1,1,0,0,0,0,1,1,1,0,0,0,0,1,1,0,1,0,1,2,-1,-1
725,Sunth — Flower,Zingiber officinale,Sweet,Hot,Sweet,Pitta,All,Nepal,Immunomodulatory,"Stress, Anxiety",Pitta excess,Taila (oil),Sweet,Light,Hot,Sweet,Demulcent,0,1,0,0,0,0,1,0,0,0,0,0,0,0,0,1,0,0,1,0,0,0,-2,1
726,Sunth — Resin,Zingiber officinale,Pungent,Neutral,Astringent,Pitta,Kapha,Assam,Cardiotonic,"Stress, Anxiety",Pitta excess,Vati (tablets),Pungent,"Dense,Sticky,Clear",Hot,Astringent,Rejuvenating,0,1,1,0,0,1,1,0,0,0,0,0,0,0,0,0,0,0,0,1,0,0,1,-3
727,Sunth — Latex,Zingiber officinale,Astringent,Cool,Pungent,All,Kapha,West Bengal,Antimicrobial,Immunity,None,Vati (tablets),Astringent,"Liquid,Clear,Subtle",Cold,Pungent,Detoxifying,1,1,1,1,0,0,1,0,0,0,0,0,0,0,0,0,1,0,0,0,0,1,-3,-2
728,Sunth — Wild,Zingiber officinale,Sour,Cold,Sour,Pitta,Vata,Rajasthan,Digestive stimulant,Heart health,None,Avaleha (jam),Sour,Soft,Cold,Astringent,Detoxifying,1,1,0,1,0,0,0,1,0,0,0,0,1,0,0,0,0,0,0,0,0,-1,-2,2
729,Sunth — Rural,Zingiber officinale,Pungent,Cold,Pungent,All,Vata,Karnataka,Antimicrobial,Liver disorders,Bleeding disorders,Swarasa (juice),Pungent,Clear,Hot,Pungent,Nervine tonic,1,1,1,1,0,0,1,0,1,0,0,0,0,0,0,0,0,0,0,1,0,-2,1,-3
730,Sunth — Mountain,Zingiber officinale,Mixed,Cool,Astringent,Kapha,Vata,Himachal Pradesh,Immunomodulatory,Skin diseases,Pregnancy,Ghrita (ghee),Salty,"Sticky,Sharp,Firm",Cold,Astringent,Carminative,1,0,1,0,0,0,0,0,1,0,0,1,0,1,0,0,1,0,0,0,0,-1,1,1
731,Sunth — Coastal,Zingiber officinale,Mixed,Warm,Bitter,Vata,All,West Bengal,Adaptogenic,"Stress, Anxiety",Pitta excess,Taila (oil),Bitter,"Dense,Stable,Mobile",Cold,Astringent,Nervine tonic,1,0,0,1,0,1,0,0,0,1,0,0,0,0,0,0,0,1,1,1,0,1,-2,1
732,Sunth — Indian,Zingiber officinale,Sweet,Hot,Bitter,Vata,Kapha,Sri Lanka,Cardiotonic,Arthritis,Cold constitution,Vati (tablets),Sweet,Rough,Hot,Sweet,Demulcent,1,0,1,1,0,0,1,1,1,1,0,0,1,0,0,0,0,0,0,0,0,-3,1,-1
733,Sunth — Himalayan,Zingiber officinale,Mixed,Warm,Astringent,Kapha,All,Assam,Immunomodulatory,Female reproductive health,Cold constitution,Taila (oil),Bitter,"Bland,Liquid",Cold,Astringent,Rejuvenating,0,0,1,0,0,0,0,0,0,0,0,1,0,0,0,0,0,0,1,1,0,2,-2,-2
734,Sunth — Malabar,Zingiber officinale,Astringent,Cold,Pungent,Kapha,All,Sri Lanka,Cardiotonic,Weight management,None,Kwatha (decoction),Astringent,"Liquid,Heavy,Clear",Hot,Pungent,Detoxifying,0,0,1,0,0,0,0,1,0,0,0,0,0,1,0,1,0,0,1,0,1,2,0,-3
735,Sunth — Kashmir,Zingiber officinale,Bitter,Cold,Astringent,Pitta,Kapha,West Bengal,Galactagogue,Immunity,Diarrhea,Taila (oil),Bitter,Sharp,Cold,Astringent,Galactagogue,0,1,1,0,1,0,1,0,1,0,1,1,0,1,0,1,0,0,0,1,0,2,-3,-2
736,Sunth — Kerala,Zingiber officinale,Sour,Cool,Astringent,All,Kapha,Nepal,Diuretic,Liver disorders,None,Vati (tablets),Sour,"Liquid,Soft,Dense",Cold,Astringent,Diaphoretic,1,1,1,0,0,0,1,1,0,0,0,0,0,0,1,1,0,0,0,1,0,-1,-2,1
737,Sunth — Assam,Zingiber officinale,Pungent,Hot,Pungent,Pitta,Kapha,Tamil Nadu,Digestive stimulant,Skin diseases,None,Kwatha (decoction),Pungent,"Oily,Sticky",Hot,Pungent,Rejuvenating,0,1,1,0,0,1,1,1,0,0,1,0,0,0,0,0,0,0,0,1,0,0,1,-3
738,Mulethi — Root,Glycyrrhiza glabra,Bitter,Hot,Bitter,Vata,Vata,Himachal Pradesh,Diuretic,Respiratory support,Pregnancy,Taila (oil),Bitter,Sticky,Hot,Astringent,Nervine tonic,1,0,0,1,0,0,0,1,1,0,0,0,1,0,0,0,0,0,0,0,0,0,0,-1
739,Mulethi — Leaf,Glycyrrhiza glabra,Sour,Cold,Sweet,All,Kapha,Uttar Pradesh,Digestive stimulant,Immunity,None,Vati (tablets),Sour,"Light,Dry",Hot,Sweet,Detoxifying,1,1,1,0,0,1,1,0,1,0,0,0,0,0,0,1,0,0,0,0,1,1,0,-2
740,Mulethi — Stem,Glycyrrhiza glabra,Pungent,Neutral,Pungent,Vata,Vata,Sri Lanka,Analgesic,"Stress, Anxiety",None,Kashaya (decoction),Pungent,"Sticky,Subtle",Cold,Pungent,Nervine tonic,1,0,0,1,1,0,0,0,0,0,1,1,0,1,0,1,0,0,0,0,1,-1,1,0
741,Mulethi — Bark,Glycyrrhiza glabra,Mixed,Neutral,Astringent,All,Pitta,India,Hepatoprotective,Weight management,Cold constitution,Kashaya (decoction),Sweet,"Subtle,Dense,Smooth",Hot,Astringent,Nervine tonic,1,1,1,0,1,1,0,0,1,0,0,0,0,0,1,0,0,0,0,0,0,-2,-2,0
742,Mulethi — Seed,Glycyrrhiza glabra,Salty,Neutral,Bitter,Kapha,Kapha,Assam,Diuretic,Arthritis,Pregnancy,Kashaya (decoction),Salty,Firm,Hot,Sweet,Nervine tonic,0,0,1,0,0,1,0,0,0,0,0,0,0,1,0,0,1,0,1,0,0,1,2,-2
743,Mulethi — Fruit,Glycyrrhiza glabra,Sweet,Warm,Bitter,Kapha,Pitta,Rajasthan,Anti-inflammatory,Digestion,Cold constitution,Vati (tablets),Sweet,"Smooth,Dry,Liquid",Cold,Astringent,Galactagogue,0,1,1,1,0,0,0,0,0,1,0,0,1,0,0,1,0,0,0,1,0,0,-3,1
744,Mulethi — Flower,Glycyrrhiza glabra,Sweet,Warm,Bitter,Vata,All,Assam,Adaptogenic,Digestion,None,Taila (oil),Sweet,"Subtle,Sharp,Oily",Hot,Pungent,Rejuvenative,1,0,0,0,1,0,1,0,1,1,0,1,0,0,0,0,1,1,0,0,0,-2,1,2
745,Mulethi — Resin,Glycyrrhiza glabra,Sour,Cold,Sweet,Kapha,Pitta,Himachal Pradesh,Diuretic,Female reproductive health,None,Ghrita (ghee),Sour,"Clear,Dense",Hot,Sweet,Nervine tonic,0,1,1,0,0,0,0,0,0,0,0,0,0,1,0,0,0,0,1,1,0,1,0,-1
746,Mulethi — Latex,Glycyrrhiza glabra,Pungent,Cool,Bitter,Pitta,Kapha,Tamil Nadu,Antimicrobial,Hair care,Bleeding disorders,Taila (oil),Pungent,Soft,Cold,Pungent,Analgesic,0,1,1,1,1,0,1,1,1,0,0,1,0,0,1,0,0,0,1,0,1,0,-1,-3
747,Mulethi — Wild,Glycyrrhiza glabra,Sweet,Neutral,Astringent,All,Pitta,Tamil Nadu,Hepatoprotective,Skin diseases,Pitta excess,Kwatha (decoction),Sweet,"Cloudy,Dense,Smooth",Hot,Astringent,Aphrodisiac,1,1,1,1,1,0,0,0,1,0,0,0,0,1,0,0,0,0,0,0,0,-3,-2,0
748,Mulethi — Rural,Glycyrrhiza glabra,Salty,Cool,Sour,All,Kapha,Nepal,Expectorant,Arthritis,Pitta excess,Churna (powder),Salty,Subtle,Cold,Pungent,Detoxifying,1,1,1,0,0,1,0,1,0,1,0,0,0,0,1,0,0,0,0,0,0,0,-2,0
749,Mulethi — Mountain,Glycyrrhiza glabra,Pungent,Hot,Sour,Vata,Pitta,Tamil Nadu,Adaptogenic,Immunity,Bleeding disorders,Kashaya (decoction),Pungent,Heavy,Hot,Sweet,Rejuvenating,1,1,0,0,0,0,1,1,1,1,0,1,0,0,1,0,1,0,0,1,0,-2,1,-2
750,Mulethi — Coastal,Glycyrrhiza glabra,Salty,Hot,Pungent,Vata,Pitta,Kerala,Expectorant,Arthritis,Pitta excess,Avaleha (jam),Salty,Firm,Hot,Pungent,Carminative,1,1,0,0,0,1,0,1,0,0,0,0,0,0,0,0,1,0,0,0,0,-1,0,0
751,Mulethi — Indian,Glycyrrhiza glabra,Sweet,Cool,Astringent,All,Vata,West Bengal,Immunomodulatory,Skin diseases,Pregnancy,Taila (oil),Sweet,Stable,Cold,Astringent,Nervine tonic,1,1,1,0,1,1,1,0,0,1,1,1,1,0,0,1,0,0,0,0,0,-3,-3,1
752,Mulethi — Himalayan,Glycyrrhiza glabra,Mixed,Cool,Sweet,All,Pitta,Uttar Pradesh,Adaptogenic,Female reproductive health,Pregnancy,Kwatha (decoction),Sweet,"Sticky,Heavy",Cold,Sweet,Aphrodisiac,1,1,1,0,0,0,0,0,0,0,0,0,0,0,0,0,0,0,0,1,0,-3,-3,3
753,Mulethi — Malabar,Glycyrrhiza glabra,Mixed,Cold,Bitter,All,Pitta,Kerala,Digestive stimulant,Liver disorders,Diarrhea,Kwatha (decoction),Sour,"Bland,Sharp",Hot,Sweet,Carminative,1,1,1,0,0,0,1,1,1,0,0,0,0,0,1,1,1,0,0,1,0,-1,1,-2
754,Mulethi — Kashmir,Glycyrrhiza glabra,Sour,Cold,Bitter,All,Kapha,West Bengal,Hepatoprotective,Hair care,Diarrhea,Churna (powder),Sour,"Stable,Soft",Cold,Astringent,Aphrodisiac,1,1,1,0,1,1,1,0,1,1,0,1,0,0,0,1,0,0,0,1,0,-1,-2,0
755,Mulethi — Kerala,Glycyrrhiza glabra,Salty,Neutral,Sour,Vata,Kapha,Assam,Galactagogue,Immunity,Bleeding disorders,Swarasa (juice),Salty,Hot,Cold,Sweet,Demulcent,1,0,1,0,0,0,1,0,1,0,0,0,0,0,1,0,0,1,1,0,1,-1,1,0
756,Mulethi — Assam,Glycyrrhiza glabra,Bitter,Cold,Sweet,Pitta,All,West Bengal,Anti-inflammatory,Skin diseases,Pitta excess,Kwatha (decoction),Bitter,"Light,Subtle,Liquid",Cold,Sweet,Demulcent,0,1,0,1,1,0,0,0,1,1,1,0,0,1,0,0,0,0,0,0,0,3,-3,0
757,Kalonji — Root,Nigella sativa,Astringent,Cold,Sweet,Vata,All,Nepal,Hepatoprotective,"Stress, Anxiety",Pregnancy,Ghrita (ghee),Astringent,Firm,Cold,Sweet,Rejuvenating,1,0,0,0,1,0,0,0,1,0,0,1,1,0,0,0,1,0,0,1,0,0,-2,0
758,Kalonji — Leaf,Nigella sativa,Pungent,Cool,Sweet,Kapha,Vata,Kerala,Analgesic,Hair care,Bleeding disorders,Kwatha (decoction),Pungent,Cloudy,Cold,Sweet,Carminative,1,0,1,0,1,0,1,0,0,0,0,1,0,0,1,1,0,1,0,0,0,-2,1,-3
759,Kalonji — Stem,Nigella sativa,Pungent,Cool,Pungent,Kapha,Kapha,Assam,Rejuvenative,Arthritis,Pregnancy,Avaleha (jam),Pungent,Clear,Cold,Pungent,Nervine tonic,0,0,1,0,0,0,1,1,1,0,1,0,0,1,0,1,0,0,1,1,0,0,1,-3
760,Kalonji — Bark,Nigella sativa,Sweet,Cold,Astringent,Vata,All,Assam,Diuretic,Immunity,Cold constitution,Kashaya (decoction),Sweet,"Clear,Hot,Liquid",Hot,Astringent,Demulcent,1,0,0,1,1,0,0,0,0,0,0,0,0,0,1,1,0,0,1,0,0,-3,1,1
761,Kalonji — Seed,Nigella sativa,Pungent,Neutral,Pungent,Kapha,Kapha,Assam,Adaptogenic,Weight management,Cold constitution,Vati (tablets),Pungent,"Dense,Smooth",Hot,Pungent,Aphrodisiac,0,0,1,0,0,1,1,0,0,0,0,0,0,0,0,0,0,0,0,1,0,0,3,-3
762,Kalonji — Fruit,Nigella sativa,Bitter,Neutral,Pungent,All,Kapha,Rajasthan,Diuretic,"Stress, Anxiety",None,Churna (powder),Bitter,Clear,Hot,Pungent,Nervine tonic,1,1,1,1,0,1,1,1,0,0,1,0,1,0,0,0,0,1,1,0,0,0,-2,-3
763,Kalonji — Flower,Nigella sativa,Mixed,Neutral,Bitter,Pitta,Vata,Nepal,Analgesic,Weight management,Bleeding disorders,Swarasa (juice),Astringent,"Oily,Hot",Hot,Pungent,Galactagogue,1,1,0,0,1,0,0,1,0,1,0,0,0,0,1,0,0,1,0,1,1,0,-1,-1
764,Kalonji — Resin,Nigella sativa,Salty,Hot,Sour,All,Pitta,India,Galactagogue,Liver disorders,Cold constitution,Vati (tablets),Salty,"Clear,Oily,Soft",Hot,Sweet,Demulcent,1,1,1,0,1,0,1,1,0,1,0,0,1,1,0,0,1,0,1,0,0,-1,0,-1
765,Kalonji — Latex,Nigella sativa,Sour,Warm,Astringent,All,Kapha,Tamil Nadu,Immunomodulatory,Heart health,Diarrhea,Kwatha (decoction),Sour,Sticky,Cold,Astringent,Galactagogue,1,1,1,1,0,0,1,1,1,0,0,0,0,0,0,1,1,0,0,0,0,-1,-2,1
766,Kalonji — Wild,Nigella sativa,Bitter,Cold,Pungent,Vata,Pitta,Tamil Nadu,Expectorant,Arthritis,Pregnancy,Churna (powder),Bitter,Stable,Hot,Pungent,Aphrodisiac,1,1,0,0,1,1,1,1,0,0,0,1,0,0,0,0,0,0,0,1,0,0,-2,-2
767,Kalonji — Rural,Nigella sativa,Sour,Cool,Bitter,Kapha,Vata,West Bengal,Digestive stimulant,Weight management,Diarrhea,Kwatha (decoction),Sour,"Sharp,Cold,Soft",Cold,Sweet,Nervine tonic,1,0,1,0,1,0,1,0,0,0,0,0,0,0,0,0,1,0,1,0,1,0,1,0
768,Kalonji — Mountain,Nigella sativa,Bitter,Cold,Bitter,Vata,All,Sri Lanka,Anti-inflammatory,"Stress, Anxiety",Cold constitution,Avaleha (jam),Bitter,Oily,Hot,Pungent,Demulcent,1,0,0,1,0,0,1,1,1,0,1,0,0,1,0,1,1,0,0,0,1,0,0,-1
769,Kalonji — Coastal,Nigella sativa,Mixed,Warm,Sweet,Kapha,Vata,Tamil Nadu,Adaptogenic,Respiratory support,Bleeding disorders,Kwatha (decoction),Pungent,Heavy,Hot,Sweet,Diaphoretic,1,0,1,0,1,1,1,1,1,0,0,0,1,0,0,0,1,0,1,1,0,-2,3,-3
770,Kalonji — Indian,Nigella sativa,Bitter,Cold,Sour,All,Pitta,Uttar Pradesh,Diuretic,Hair care,Bleeding disorders,Vati (tablets),Bitter,"Cold,Hot",Hot,Pungent,Demulcent,1,1,1,0,0,0,1,0,0,1,0,0,0,0,1,0,0,0,0,0,0,1,-1,-3
771,Kalonji — Himalayan,Nigella sativa,Sour,Neutral,Bitter,Vata,Kapha,Sri Lanka,Expectorant,Hair care,None,Kwatha (decoction),Sour,Dry,Cold,Pungent,Rejuvenating,1,0,1,0,1,1,0,0,0,0,0,0,0,0,0,0,0,0,0,0,1,0,0,0
772,Kalonji — Malabar,Nigella sativa,Pungent,Cold,Sour,All,Kapha,Sri Lanka,Hepatoprotective,Heart health,Cold constitution,Kashaya (decoction),Pungent,Firm,Cold,Pungent,Nervine tonic,1,1,1,1,0,0,0,1,1,0,0,1,0,0,0,0,0,0,0,1,0,-2,-1,-3
773,Kalonji — Kashmir,Nigella sativa,Sweet,Warm,Sour,Kapha,Kapha,Himachal Pradesh,Galactagogue,Female reproductive health,Diarrhea,Swarasa (juice),Sweet,"Bland,Cloudy,Subtle",Hot,Sweet,Carminative,0,0,1,1,0,0,0,0,0,0,1,0,0,0,1,0,0,0,0,0,0,0,0,-1
774,Kalonji — Kerala,Nigella sativa,Sour,Cold,Sour,Pitta,All,India,Rejuvenative,Immunity,Pitta excess,Kashaya (decoction),Sour,Smooth,Hot,Pungent,Diaphoretic,0,1,0,0,1,0,1,0,1,0,0,0,0,1,0,1,1,0,0,0,0,1,0,0
775,Kalonji — Assam,Nigella sativa,Astringent,Cool,Sweet,Vata,Kapha,Nepal,Anti-inflammatory,Heart health,Bleeding disorders,Taila (oil),Astringent,"Sticky,Stable,Mobile",Cold,Sweet,Nervine tonic,1,0,1,1,0,0,0,0,0,0,0,0,0,0,0,0,0,0,1,0,0,1,-2,-1
776,Safed musli — Root,Chlorophytum borivilianum,Bitter,Warm,Pungent,Pitta,Kapha,Kerala,Rejuvenative,Immunity,Cold constitution,Vati (tablets),Bitter,"Oily,Sharp",Cold,Pungent,Nervine tonic,0,1,1,0,0,1,0,0,0,1,0,0,0,0,0,0,1,0,1,0,0,2,-3,-1
777,Safed musli — Leaf,Chlorophytum borivilianum,Bitter,Hot,Bitter,Kapha,Pitta,Karnataka,Adaptogenic,"Stress, Anxiety",Cold constitution,Ghrita (ghee),Bitter,"Subtle,Sharp,Clear",Hot,Pungent,Carminative,0,1,1,0,0,0,0,0,0,0,1,0,0,0,0,0,1,0,0,0,0,3,-1,-3
778,Safed musli — Stem,Chlorophytum borivilianum,Pungent,Warm,Astringent,Vata,All,Nepal,Digestive stimulant,Respiratory support,Diarrhea,Swarasa (juice),Pungent,Oily,Cold,Astringent,Analgesic,1,0,0,1,0,1,0,0,1,1,0,0,1,0,0,0,0,0,1,1,0,-2,1,0
779,Safed musli — Bark,Chlorophytum borivilianum,Mixed,Cool,Pungent,All,Vata,Nepal,Galactagogue,Immunity,Pregnancy,Avaleha (jam),Pungent,"Subtle,Dry",Cold,Pungent,Diaphoretic,1,1,1,0,0,0,1,0,0,0,0,1,1,1,0,0,0,0,0,0,1,0,-1,-3
780,Safed musli — Seed,Chlorophytum borivilianum,Bitter,Hot,Astringent,Kapha,All,Himachal Pradesh,Immunomodulatory,Arthritis,Diarrhea,Churna (powder),Bitter,"Soft,Clear",Hot,Astringent,Rejuvenating,0,0,1,0,0,0,0,0,0,0,0,1,0,0,0,0,0,0,1,1,1,2,0,-3
781,Safed musli — Fruit,Chlorophytum borivilianum,Salty,Cool,Sweet,Kapha,Vata,West Bengal,Diuretic,Weight management,Bleeding disorders,Swarasa (juice),Salty,Cloudy,Cold,Sweet,Aphrodisiac,1,0,1,0,0,0,0,1,1,0,0,0,0,0,0,0,0,1,0,0,0,-1,0,0
782,Safed musli — Flower,Chlorophytum borivilianum,Sour,Cold,Pungent,Vata,All,Assam,Cardiotonic,Weight management,Cold constitution,Kwatha (decoction),Sour,"Dry,Cloudy,Dense",Hot,Pungent,Detoxifying,1,0,0,0,0,0,0,0,0,0,1,1,0,0,0,1,0,0,0,0,0,0,2,1
783,Safed musli — Resin,Chlorophytum borivilianum,Pungent,Cool,Astringent,All,Pitta,Karnataka,Analgesic,Respiratory support,None,Churna (powder),Pungent,"Liquid,Soft,Cloudy",Cold,Astringent,Galactagogue,1,1,1,0,1,0,0,0,0,0,0,0,0,0,0,0,0,0,0,1,0,-2,-1,-3
784,Safed musli — Latex,Chlorophytum borivilianum,Sour,Cool,Astringent,Vata,All,India,Antimicrobial,Skin diseases,Bleeding disorders,Kashaya (decoction),Sour,"Hot,Light,Bland",Cold,Astringent,Diaphoretic,1,0,0,1,0,0,1,0,0,0,0,1,1,0,0,1,1,0,0,0,0,0,1,2
785,Safed musli — Wild,Chlorophytum borivilianum,Sour,Cold,Bitter,All,Pitta,India,Cardiotonic,Heart health,Bleeding disorders,Ghrita (ghee),Sour,"Sharp,Firm,Subtle",Hot,Sweet,Rejuvenating,1,1,1,0,1,0,0,1,0,0,0,0,0,0,0,1,1,1,0,0,0,0,1,-2
786,Safed musli — Rural,Chlorophytum borivilianum,Bitter,Warm,Bitter,Kapha,Vata,Tamil Nadu,Galactagogue,Female reproductive health,None,Swarasa (juice),Bitter,"Sharp,Mobile,Heavy",Hot,Pungent,Detoxifying,1,0,1,0,0,1,0,0,0,0,0,1,0,0,0,0,0,0,0,0,0,1,1,-3
787,Safed musli — Mountain,Chlorophytum borivilianum,Sweet,Cold,Astringent,Kapha,Vata,Rajasthan,Hepatoprotective,"Stress, Anxiety",Cold constitution,Kashaya (decoction),Sweet,"Cloudy,Subtle,Hot",Hot,Astringent,Aphrodisiac,1,0,1,1,0,0,1,1,1,0,0,0,0,0,0,0,0,0,1,0,0,-2,1,-1
788,Safed musli — Coastal,Chlorophytum borivilianum,Sour,Cold,Bitter,Vata,Pitta,Uttar Pradesh,Galactagogue,"Stress, Anxiety",Bleeding disorders,Kwatha (decoction),Sour,"Soft,Rough",Cold,Sweet,Rejuvenating,1,1,0,0,0,1,1,0,1,0,0,0,0,0,1,1,1,0,1,0,0,-1,-1,2
789,Safed musli — Indian,Chlorophytum borivilianum,Bitter,Hot,Pungent,Pitta,Kapha,Kerala,Analgesic,Respiratory support,Pitta excess,Kashaya (decoction),Bitter,"Light,Sticky,Hot",Hot,Pungent,Analgesic,0,1,1,0,1,1,0,0,0,1,0,0,0,1,0,0,0,1,0,0,0,3,-1,-3
790,Safed musli — Himalayan,Chlorophytum borivilianum,Astringent,Hot,Astringent,Pitta,Pitta,Uttar Pradesh,Diuretic,Heart health,Pitta excess,Kashaya (decoction),Astringent,"Sticky,Oily",Hot,Astringent,Galactagogue,0,1,0,0,0,0,0,1,0,1,1,0,0,0,0,0,0,0,0,0,1,2,-2,0
791,Safed musli — Malabar,Chlorophytum borivilianum,Sour,Cold,Sweet,All,Vata,Rajasthan,Hepatoprotective,Digestion,Pitta excess,Ghrita (ghee),Sour,"Bland,Cold,Oily",Hot,Sweet,Rejuvenative,1,1,1,0,0,0,0,1,1,0,0,0,0,1,0,0,0,1,0,0,0,0,0,-1
792,Safed musli — Kashmir,Chlorophytum borivilianum,Mixed,Neutral,Astringent,Vata,All,Sri Lanka,Anti-inflammatory,Respiratory support,None,Taila (oil),Pungent,Sharp,Cold,Astringent,Aphrodisiac,1,0,0,1,1,0,0,0,1,1,0,0,1,0,0,0,0,1,0,1,0,-2,2,-1
793,Safed musli — Kerala,Chlorophytum borivilianum,Salty,Warm,Sweet,Vata,Kapha,Sri Lanka,Antimicrobial,Arthritis,None,Kwatha (decoction),Salty,Liquid,Cold,Sweet,Galactagogue,1,0,1,1,0,0,1,0,0,1,0,0,1,0,0,0,0,1,1,0,0,-1,0,0
794,Safed musli — Assam,Chlorophytum borivilianum,Sweet,Cool,Sour,Vata,Pitta,Uttar Pradesh,Diuretic,Liver disorders,Cold constitution,Churna (powder),Sweet,"Subtle,Heavy,Hot",Cold,Sweet,Nervine tonic,1,1,0,0,0,0,0,0,0,0,0,0,0,0,0,0,0,0,1,0,0,-2,-3,3
795,Shilajit — Root,Black bitumen,Bitter,Cold,Sour,Kapha,Kapha,Assam,Antimicrobial,Skin diseases,Pregnancy,Swarasa (juice),Bitter,"Rough,Mobile,Heavy",Cold,Astringent,Diaphoretic,0,0,1,1,0,0,1,1,1,1,0,0,1,0,0,1,1,0,0,0,0,3,-1,-1
796,Shilajit — Leaf,Black bitumen,Salty,Warm,Astringent,Kapha,Pitta,India,Adaptogenic,Digestion,Diarrhea,Taila (oil),Salty,"Clear,Liquid,Rough",Cold,Astringent,Analgesic,0,1,1,1,0,0,0,1,0,1,1,0,0,0,1,0,1,0,0,0,1,1,-1,0
797,Shilajit — Stem,Black bitumen,Astringent,Hot,Sour,Kapha,Pitta,Karnataka,Analgesic,Female reproductive health,Diarrhea,Vati (tablets),Astringent,"Dense,Firm",Hot,Sweet,Detoxifying,0,1,1,0,1,0,1,0,0,0,0,1,0,1,0,0,1,0,0,0,0,2,-2,-3
798,Shilajit — Bark,Black bitumen,Bitter,Cool,Sour,Pitta,All,Uttar Pradesh,Cardiotonic,Skin diseases,None,Taila (oil),Bitter,Dry,Cold,Sweet,Detoxifying,0,1,0,1,1,1,0,1,1,1,0,0,1,0,0,0,0,1,0,0,0,3,-3,0
799,Shilajit — Seed,Black bitumen,Sour,Warm,Bitter,Pitta,Pitta,Sri Lanka,Hepatoprotective,Weight management,Cold constitution,Ghrita (ghee),Sour,"Firm,Subtle",Hot,Pungent,Rejuvenating,0,1,0,0,1,0,0,1,1,0,0,0,0,0,0,1,0,0,1,1,1,2,0,0
800,Shilajit — Fruit,Black bitumen,Mixed,Cold,Astringent,Pitta,All,Karnataka,Galactagogue,Weight management,Bleeding disorders,Swarasa (juice),Sweet,"Mobile,Stable",Cold,Astringent,Demulcent,0,1,0,1,0,0,1,1,0,1,0,0,0,0,0,0,0,1,0,0,0,0,-3,3
801,Shilajit — Flower,Black bitumen,Bitter,Neutral,Sour,Vata,Pitta,West Bengal,Hepatoprotective,Digestion,Pitta excess,Avaleha (jam),Bitter,"Soft,Cold",Cold,Astringent,Rejuvenating,1,1,0,1,0,0,1,0,1,0,0,0,0,0,1,0,0,0,0,1,0,1,-3,0
802,Shilajit — Resin,Black bitumen,Astringent,Warm,Bitter,Kapha,Pitta,Uttar Pradesh,Immunomodulatory,Skin diseases,Bleeding disorders,Churna (powder),Astringent,"Heavy,Dense",Hot,Pungent,Aphrodisiac,0,1,1,0,0,0,0,0,1,0,0,0,1,0,0,0,0,0,1,1,1,2,-2,-2
803,Shilajit — Latex,Black bitumen,Mixed,Neutral,Sour,Kapha,Pitta,Nepal,Digestive stimulant,Arthritis,Diarrhea,Churna (powder),Astringent,"Smooth,Mobile,Clear",Hot,Astringent,Galactagogue,0,1,1,1,1,0,0,0,0,0,0,1,0,0,0,0,0,0,1,0,0,3,-2,-3
804,Shilajit — Wild,Black bitumen,Sweet,Hot,Bitter,Pitta,All,Sri Lanka,Analgesic,Skin diseases,None,Kashaya (decoction),Sweet,"Mobile,Sharp,Cold",Hot,Pungent,Rejuvenative,0,1,0,0,1,0,0,0,0,1,0,0,0,0,1,0,0,0,0,0,0,1,-1,1
805,Shilajit — Rural,Black bitumen,Astringent,Cold,Pungent,Pitta,Pitta,Kerala,Antimicrobial,Digestion,Pitta excess,Avaleha (jam),Astringent,"Mobile,Heavy",Hot,Pungent,Demulcent,0,1,0,1,0,0,1,0,1,0,0,1,0,0,1,0,0,0,0,0,0,3,-2,-1
806,Shilajit — Mountain,Black bitumen,Pungent,Cold,Pungent,Vata,Pitta,Assam,Cardiotonic,Liver disorders,Diarrhea,Swarasa (juice),Pungent,Heavy,Cold,Pungent,Rejuvenative,1,1,0,1,0,0,1,1,1,0,0,0,0,0,0,0,0,1,0,1,0,-2,-1,0
807,Shilajit — Coastal,Black bitumen,Mixed,Cool,Pungent,All,All,Kerala,Cardiotonic,Female reproductive health,Diarrhea,Swarasa (juice),Bitter,"Sticky,Soft,Dense",Cold,Pungent,Carminative,1,1,1,0,0,0,0,0,1,0,1,0,0,0,1,1,1,0,0,0,0,0,-3,0
808,Shilajit — Indian,Black bitumen,Astringent,Neutral,Sour,Vata,Vata,Assam,Expectorant,Digestion,Bleeding disorders,Avaleha (jam),Astringent,"Stable,Smooth",Hot,Astringent,Galactagogue,1,0,0,1,0,0,1,0,0,0,0,0,1,0,0,0,0,0,0,0,0,0,0,-2
809,Shilajit — Himalayan,Black bitumen,Salty,Hot,Sour,All,Vata,Uttar Pradesh,Adaptogenic,Liver disorders,None,Taila (oil),Salty,"Clear,Smooth,Firm",Hot,Astringent,Demulcent,1,1,1,0,0,0,0,0,0,0,0,0,0,0,1,1,0,0,0,0,1,-1,0,-2
810,Shilajit — Malabar,Black bitumen,Mixed,Warm,Bitter,Pitta,All,Rajasthan,Cardiotonic,Digestion,Diarrhea,Vati (tablets),Pungent,"Cloudy,Bland,Oily",Cold,Astringent,Detoxifying,0,1,0,0,1,0,1,0,0,0,1,0,1,0,0,0,0,0,1,0,0,0,-1,0
811,Shilajit — Kashmir,Black bitumen,Astringent,Cool,Sweet,Vata,Pitta,Nepal,Rejuvenative,Heart health,Bleeding disorders,Avaleha (jam),Astringent,"Sticky,Soft",Cold,Sweet,Detoxifying,1,1,0,1,0,0,0,1,1,0,0,0,1,0,0,0,1,0,0,1,0,0,-3,1
812,Shilajit — Kerala,Black bitumen,Astringent,Warm,Bitter,Vata,Pitta,Assam,Cardiotonic,Arthritis,None,Kwatha (decoction),Astringent,"Bland,Firm",Hot,Pungent,Aphrodisiac,1,1,0,0,1,0,0,0,1,1,0,0,0,0,0,0,0,0,1,0,0,0,-2,-2
813,Shilajit — Assam,Black bitumen,Sweet,Warm,Pungent,Vata,Vata,Tamil Nadu,Rejuvenative,Liver disorders,Diarrhea,Swarasa (juice),Sweet,"Mobile,Bland",Hot,Pungent,Galactagogue,1,0,0,0,1,0,0,1,1,0,1,0,0,0,1,0,0,0,1,0,0,-2,0,1
814,Vidarikanda — Root,Pueraria tuberosa,Bitter,Neutral,Bitter,Pitta,All,India,Antimicrobial,Digestion,Bleeding disorders,Swarasa (juice),Bitter,Oily,Hot,Sweet,Analgesic,0,1,0,1,0,0,1,1,0,0,0,0,0,0,1,0,0,0,0,0,0,2,-2,-1
815,Vidarikanda — Leaf,Pueraria tuberosa,Sour,Cold,Pungent,Pitta,Pitta,Kerala,Antimicrobial,Immunity,Pitta excess,Kashaya (decoction),Sour,Bland,Cold,Pungent,Galactagogue,0,1,0,1,0,0,1,0,0,0,0,0,0,1,0,0,0,0,1,0,0,1,-2,2
816,Vidarikanda — Stem,Pueraria tuberosa,Sweet,Cold,Sweet,Pitta,Pitta,Kerala,Cardiotonic,Immunity,Pregnancy,Kashaya (decoction),Sweet,"Soft,Cloudy,Hot",Cold,Sweet,Detoxifying,0,1,0,0,0,1,1,0,0,0,0,0,0,0,1,0,0,1,0,0,0,-1,-3,3
817,Vidarikanda — Bark,Pueraria tuberosa,Astringent,Cool,Sour,Vata,All,Uttar Pradesh,Digestive stimulant,Weight management,Diarrhea,Kashaya (decoction),Astringent,"Liquid,Hot",Cold,Sweet,Nervine tonic,1,0,0,0,0,0,0,1,1,1,0,1,0,0,0,0,0,0,0,0,0,0,-1,0
818,Vidarikanda — Seed,Pueraria tuberosa,Astringent,Cool,Bitter,Vata,Vata,Uttar Pradesh,Diuretic,Immunity,Cold constitution,Ghrita (ghee),Astringent,"Clear,Soft",Cold,Sweet,Diaphoretic,1,0,0,0,0,0,1,0,0,0,0,0,1,0,0,0,1,0,0,0,1,0,-2,0
819,Vidarikanda — Fruit,Pueraria tuberosa,Bitter,Cold,Pungent,Vata,Kapha,Kerala,Hepatoprotective,Digestion,Diarrhea,Taila (oil),Bitter,"Cloudy,Light,Subtle",Cold,Pungent,Nervine tonic,1,0,1,0,0,1,0,0,1,1,0,0,0,0,0,0,0,0,1,0,0,2,-2,-2
820,Vidarikanda — Flower,Pueraria tuberosa,Sweet,Hot,Sweet,Vata,All,Karnataka,Hepatoprotective,Hair care,Pitta excess,Vati (tablets),Sweet,"Light,Cold",Hot,Sweet,Diaphoretic,1,0,0,0,0,0,0,0,1,1,0,0,0,0,1,0,0,0,1,0,1,-1,0,1
821,Vidarikanda — Resin,Pueraria tuberosa,Astringent,Neutral,Astringent,Vata,Vata,Rajasthan,Analgesic,"Stress, Anxiety",None,Kwatha (decoction),Astringent,Light,Cold,Astringent,Diaphoretic,1,0,0,0,1,1,0,0,0,0,0,0,0,0,0,1,1,1,0,1,0,1,-2,0
822,Vidarikanda — Latex,Pueraria tuberosa,Mixed,Cool,Sour,Vata,Kapha,Assam,Hepatoprotective,Respiratory support,Diarrhea,Taila (oil),Salty,"Bland,Dry,Firm",Cold,Sweet,Diaphoretic,1,0,1,1,1,1,0,0,1,0,0,0,1,1,0,0,0,1,0,1,0,0,0,0
823,Vidarikanda — Wild,Pueraria tuberosa,Sweet,Neutral,Bitter,Pitta,Pitta,Nepal,Anti-inflammatory,Respiratory support,Cold constitution,Kwatha (decoction),Sweet,Dense,Cold,Pungent,Nervine tonic,0,1,0,1,0,1,0,0,0,0,0,0,0,0,0,1,1,0,1,1,0,-1,-3,3
824,Vidarikanda — Rural,Pueraria tuberosa,Astringent,Neutral,Astringent,All,Kapha,Rajasthan,Diuretic,Weight management,Cold constitution,Swarasa (juice),Astringent,"Dense,Firm",Hot,Astringent,Aphrodisiac,1,1,1,0,1,1,0,0,0,0,1,0,0,0,0,0,0,0,1,1,0,0,-2,-3
825,Vidarikanda — Mountain,Pueraria tuberosa,Pungent,Neutral,Sour,All,All,Assam,Hepatoprotective,Weight management,Bleeding disorders,Taila (oil),Pungent,Cloudy,Cold,Pungent,Rejuvenating,1,1,1,0,0,0,0,1,1,1,0,1,0,0,0,1,1,0,0,0,0,-2,-1,-3
826,Vidarikanda — Coastal,Pueraria tuberosa,Pungent,Hot,Sweet,Vata,All,Sri Lanka,Immunomodulatory,Arthritis,Cold constitution,Avaleha (jam),Pungent,"Cloudy,Sticky,Liquid",Hot,Sweet,Diaphoretic,1,0,0,0,0,1,0,1,1,0,0,0,0,1,1,1,0,0,1,0,0,-2,3,-2
827,Vidarikanda — Indian,Pueraria tuberosa,Astringent,Hot,Astringent,Kapha,Pitta,Kerala,Galactagogue,Arthritis,Diarrhea,Taila (oil),Astringent,"Cloudy,Dry,Bland",Hot,Astringent,Analgesic,0,1,1,1,1,1,1,0,1,0,0,0,0,0,0,1,0,0,0,0,1,3,-2,-3
828,Vidarikanda — Himalayan,Pueraria tuberosa,Sweet,Hot,Astringent,Kapha,Kapha,Kerala,Immunomodulatory,Hair care,Pitta excess,Swarasa (juice),Sweet,"Sticky,Firm",Hot,Astringent,Analgesic,0,0,1,0,0,0,0,0,0,0,0,0,0,0,0,0,1,0,0,0,0,-1,0,0
829,Vidarikanda — Malabar,Pueraria tuberosa,Astringent,Neutral,Sour,Vata,Pitta,Uttar Pradesh,Analgesic,"Stress, Anxiety",Diarrhea,Kashaya (decoction),Astringent,"Hot,Sharp,Firm",Hot,Pungent,Diaphoretic,1,1,0,0,1,0,0,0,0,0,0,0,1,1,0,0,0,0,0,0,1,0,0,-2
830,Vidarikanda — Kashmir,Pueraria tuberosa,Astringent,Hot,Pungent,All,Pitta,Sri Lanka,Expectorant,Heart health,Pitta excess,Kashaya (decoction),Astringent,"Stable,Dry,Firm",Hot,Pungent,Rejuvenative,1,1,1,0,0,1,1,1,0,0,0,0,0,1,0,0,1,1,0,0,0,1,-2,-3
831,Vidarikanda — Kerala,Pueraria tuberosa,Mixed,Cool,Sweet,Kapha,Kapha,India,Diuretic,Digestion,Bleeding disorders,Swarasa (juice),Sweet,Rough,Cold,Sweet,Aphrodisiac,0,0,1,1,0,0,0,0,0,0,1,1,0,0,1,0,0,0,0,1,1,-1,-1,1
832,Vidarikanda — Assam,Pueraria tuberosa,Mixed,Warm,Sweet,Pitta,Kapha,Kerala,Analgesic,Female reproductive health,Diarrhea,Vati (tablets),Astringent,Firm,Hot,Sweet,Nervine tonic,0,1,1,1,1,1,0,0,1,0,0,0,0,1,0,0,0,0,0,0,0,2,-2,-3
833,Medhya herbs — Root,Mixed herbs,Sour,Neutral,Bitter,Pitta,Vata,Rajasthan,Rejuvenative,"Stress, Anxiety",Diarrhea,Churna (powder),Sour,"Heavy,Smooth",Hot,Pungent,Rejuvenative,1,1,0,0,1,1,0,0,1,0,0,1,0,1,1,1,0,0,0,0,0,-1,0,1
834,Medhya herbs — Leaf,Mixed herbs,Sweet,Cool,Sweet,All,Pitta,West Bengal,Expectorant,Immunity,Bleeding disorders,Taila (oil),Sweet,Cloudy,Cold,Sweet,Nervine tonic,1,1,1,0,0,0,0,1,0,0,0,0,0,0,0,0,1,0,0,0,1,-3,-3,1
835,Medhya herbs — Stem,Mixed herbs,Pungent,Hot,Astringent,Vata,Pitta,Tamil Nadu,Expectorant,Heart health,Pregnancy,Kashaya (decoction),Pungent,"Subtle,Soft,Mobile",Hot,Astringent,Diaphoretic,1,1,0,0,0,1,0,1,1,0,0,0,1,0,0,1,0,1,0,0,0,0,1,-3
836,Medhya herbs — Bark,Mixed herbs,Sour,Cold,Pungent,Kapha,All,India,Adaptogenic,"Stress, Anxiety",Bleeding disorders,Kwatha (decoction),Sour,Liquid,Hot,Pungent,Diaphoretic,0,0,1,1,0,0,0,0,0,1,1,0,0,0,1,1,1,0,0,0,1,1,2,-2
837,Medhya herbs — Seed,Mixed herbs,Mixed,Neutral,Pungent,Pitta,Vata,Assam,Antimicrobial,Heart health,Pregnancy,Churna (powder),Salty,"Oily,Dense,Soft",Cold,Pungent,Demulcent,1,1,0,1,0,0,1,0,1,0,0,0,0,0,1,0,0,0,0,0,0,-1,-2,3
838,Medhya herbs — Fruit,Mixed herbs,Sweet,Hot,Sour,Vata,Kapha,Assam,Anti-inflammatory,Respiratory support,Cold constitution,Taila (oil),Sweet,"Bland,Sharp",Hot,Pungent,Nervine tonic,1,0,1,1,0,0,0,0,0,1,0,1,1,0,0,0,0,0,1,0,1,-3,1,-1
839,Medhya herbs — Flower,Mixed herbs,Bitter,Neutral,Astringent,Pitta,Kapha,Uttar Pradesh,Digestive stimulant,Immunity,Pitta excess,Swarasa (juice),Bitter,Bland,Hot,Astringent,Analgesic,0,1,1,0,1,0,0,0,0,0,1,1,0,1,1,0,1,0,0,0,0,2,-2,-3
840,Medhya herbs — Resin,Mixed herbs,Mixed,Cool,Sweet,Kapha,Pitta,Karnataka,Adaptogenic,Respiratory support,Pregnancy,Kwatha (decoction),Astringent,"Subtle,Dense",Cold,Sweet,Aphrodisiac,0,1,1,0,1,0,0,0,0,0,1,1,0,0,0,0,0,1,0,0,1,3,-3,-1
841,Medhya herbs — Latex,Mixed herbs,Pungent,Neutral,Astringent,Kapha,Kapha,Karnataka,Rejuvenative,Immunity,Cold constitution,Ghrita (ghee),Pungent,Sharp,Hot,Astringent,Detoxifying,0,0,1,1,0,0,0,1,0,0,0,1,0,0,1,1,0,1,0,0,0,0,3,-3
842,Medhya herbs — Wild,Mixed herbs,Pungent,Hot,Astringent,Kapha,All,Kerala,Hepatoprotective,Digestion,None,Churna (powder),Pungent,Oily,Hot,Astringent,Diaphoretic,0,0,1,0,1,0,0,0,1,1,0,1,0,0,0,0,1,0,0,1,1,0,3,-3
843,Medhya herbs — Rural,Mixed herbs,Bitter,Cool,Sweet,Vata,All,Himachal Pradesh,Hepatoprotective,Weight management,Cold constitution,Kashaya (decoction),Bitter,"Liquid,Cold,Smooth",Cold,Sweet,Demulcent,1,0,0,0,1,0,0,0,1,1,1,1,0,0,1,0,0,0,0,0,0,1,-2,0
844,Medhya herbs — Mountain,Mixed herbs,Sour,Warm,Astringent,Kapha,Pitta,Sri Lanka,Diuretic,Respiratory support,None,Vati (tablets),Sour,Sharp,Cold,Astringent,Galactagogue,0,1,1,0,0,0,0,0,0,0,0,1,0,0,0,0,1,1,0,0,1,1,-1,0
845,Medhya herbs — Coastal,Mixed herbs,Bitter,Cool,Sweet,All,Kapha,Sri Lanka,Galactagogue,Liver disorders,None,Ghrita (ghee),Bitter,Oily,Cold,Sweet,Galactagogue,1,1,1,1,0,0,0,0,1,0,0,0,0,0,0,0,0,1,0,0,0,0,-3,-1
846,Medhya herbs — Indian,Mixed herbs,Pungent,Cold,Sour,Kapha,Kapha,Himachal Pradesh,Hepatoprotective,Hair care,Pitta excess,Swarasa (juice),Pungent,"Liquid,Soft",Cold,Sweet,Carminative,0,0,1,0,1,0,0,0,1,0,0,0,0,0,0,0,1,0,0,1,0,0,1,-3
847,Medhya herbs — Himalayan,Mixed herbs,Astringent,Cool,Sweet,Vata,All,Tamil Nadu,Analgesic,Liver disorders,None,Vati (tablets),Astringent,Firm,Cold,Sweet,Demulcent,1,0,0,1,1,0,0,1,0,0,0,0,0,1,0,0,0,0,1,1,0,0,-2,0
848,Medhya herbs — Malabar,Mixed herbs,Sweet,Warm,Sour,Pitta,Vata,Himachal Pradesh,Rejuvenative,Respiratory support,Pitta excess,Kwatha (decoction),Sweet,"Bland,Heavy,Cloudy",Hot,Astringent,Diaphoretic,1,1,0,1,0,1,0,0,1,0,1,1,0,0,0,0,0,0,0,0,0,-3,-2,2
849,Medhya herbs — Kashmir,Mixed herbs,Mixed,Warm,Sour,All,All,Nepal,Antimicrobial,Arthritis,Cold constitution,Ghrita (ghee),Bitter,"Liquid,Smooth,Oily",Cold,Sweet,Diaphoretic,1,1,1,1,1,0,1,0,0,1,0,0,1,0,0,0,0,0,0,0,0,0,-3,-1
850,Medhya herbs — Kerala,Mixed herbs,Sour,Cold,Bitter,All,Vata,West Bengal,Digestive stimulant,Weight management,None,Avaleha (jam),Sour,"Soft,Stable",Cold,Pungent,Detoxifying,1,1,1,1,0,1,1,1,1,1,0,1,0,0,0,0,0,0,0,0,0,-1,-2,0
851,Medhya herbs — Assam,Mixed herbs,Sour,Warm,Sour,Pitta,Pitta,Sri Lanka,Galactagogue,Respiratory support,Diarrhea,Kashaya (decoction),Sour,Light,Cold,Sweet,Carminative,0,1,0,1,0,0,0,1,1,0,0,0,0,0,0,0,1,0,0,1,0,2,-2,2
852,Rasna — Root,Pluchea lanceolata,Bitter,Neutral,Sour,All,Kapha,India,Immunomodulatory,Liver disorders,Bleeding disorders,Taila (oil),Bitter,Cloudy,Cold,Astringent,Galactagogue,1,1,1,0,0,0,1,1,0,1,0,0,1,0,1,0,1,1,0,0,0,0,-3,-2
853,Rasna — Leaf,Pluchea lanceolata,Astringent,Hot,Sour,Vata,All,West Bengal,Expectorant,Hair care,Diarrhea,Churna (powder),Astringent,"Dry,Dense,Sticky",Hot,Sweet,Rejuvenating,1,0,0,1,1,1,0,0,0,0,0,0,0,0,1,1,0,1,0,0,0,1,0,0
854,Rasna — Stem,Pluchea lanceolata,Bitter,Cold,Pungent,Vata,Pitta,Sri Lanka,Hepatoprotective,Liver disorders,Cold constitution,Taila (oil),Bitter,"Subtle,Oily",Cold,Pungent,Aphrodisiac,1,1,0,1,1,0,0,1,1,0,1,1,0,0,1,0,1,0,0,1,0,1,-3,1
855,Rasna — Bark,Pluchea lanceolata,Astringent,Neutral,Sour,All,Pitta,Uttar Pradesh,Galactagogue,"Stress, Anxiety",Pitta excess,Taila (oil),Astringent,"Sticky,Dry",Hot,Astringent,Nervine tonic,1,1,1,0,1,0,1,1,0,0,1,1,1,0,0,0,0,1,0,1,0,1,-2,-3
856,Rasna — Seed,Pluchea lanceolata,Astringent,Warm,Sweet,Vata,All,Karnataka,Adaptogenic,Digestion,Pitta excess,Churna (powder),Astringent,"Light,Sharp,Cloudy",Hot,Sweet,Diaphoretic,1,0,0,0,1,1,0,0,1,0,0,0,0,0,0,1,0,1,1,1,0,1,1,-2
857,Rasna — Fruit,Pluchea lanceolata,Bitter,Neutral,Astringent,Vata,Kapha,Kerala,Digestive stimulant,Female reproductive health,Diarrhea,Avaleha (jam),Bitter,"Light,Cloudy,Sharp",Hot,Astringent,Carminative,1,0,1,0,0,0,0,0,0,0,0,1,0,0,0,0,0,0,0,0,0,1,1,-3
858,Rasna — Flower,Pluchea lanceolata,Salty,Warm,Bitter,All,All,Himachal Pradesh,Diuretic,Arthritis,Diarrhea,Vati (tablets),Salty,"Sharp,Subtle,Oily",Cold,Pungent,Diaphoretic,1,1,1,1,0,1,0,1,0,0,0,0,0,0,1,0,1,0,0,0,0,0,-1,1
859,Rasna — Resin,Pluchea lanceolata,Astringent,Cold,Pungent,All,Kapha,Himachal Pradesh,Hepatoprotective,Immunity,Diarrhea,Vati (tablets),Astringent,"Liquid,Heavy,Smooth",Hot,Pungent,Detoxifying,1,1,1,0,0,0,0,0,1,0,0,0,0,0,0,1,0,0,1,1,0,0,-2,-3
860,Rasna — Latex,Pluchea lanceolata,Pungent,Hot,Sweet,Vata,Pitta,Assam,Galactagogue,Female reproductive health,Bleeding disorders,Kwatha (decoction),Pungent,"Soft,Hot,Cold",Hot,Sweet,Carminative,1,1,0,0,0,0,0,1,0,1,0,0,0,1,0,0,1,0,0,0,0,-1,2,-3
861,Rasna — Wild,Pluchea lanceolata,Pungent,Cool,Bitter,All,Pitta,Assam,Diuretic,Female reproductive health,Cold constitution,Kashaya (decoction),Pungent,Hot,Cold,Pungent,Rejuvenative,1,1,1,0,0,1,0,0,1,0,1,0,0,0,0,0,1,0,0,0,0,-2,0,-3
862,Rasna — Rural,Pluchea lanceolata,Astringent,Warm,Pungent,Pitta,All,Nepal,Anti-inflammatory,Weight management,None,Ghrita (ghee),Astringent,"Subtle,Cloudy",Cold,Pungent,Rejuvenative,0,1,0,1,0,0,1,0,0,1,0,0,0,1,0,0,0,0,0,0,0,3,-3,0
863,Rasna — Mountain,Pluchea lanceolata,Salty,Neutral,Astringent,All,Kapha,Kerala,Anti-inflammatory,Weight management,None,Swarasa (juice),Salty,"Liquid,Bland",Hot,Astringent,Analgesic,1,1,1,1,1,0,0,1,0,0,0,0,0,0,0,0,0,0,0,1,0,-1,0,-2
864,Rasna — Coastal,Pluchea lanceolata,Bitter,Neutral,Bitter,Vata,Pitta,India,Adaptogenic,Liver disorders,Cold constitution,Kwatha (decoction),Bitter,"Bland,Liquid",Cold,Pungent,Diaphoretic,1,1,0,1,0,0,0,1,0,0,1,0,0,0,0,1,1,0,0,1,1,0,-3,0
865,Rasna — Indian,Pluchea lanceolata,Sour,Neutral,Sweet,Pitta,All,Sri Lanka,Rejuvenative,Hair care,Diarrhea,Kwatha (decoction),Sour,"Subtle,Liquid,Oily",Cold,Sweet,Carminative,0,1,0,0,0,0,0,0,0,0,0,1,0,1,1,0,1,0,0,0,0,2,-2,3
866,Rasna — Himalayan,Pluchea lanceolata,Salty,Neutral,Sour,Kapha,Vata,West Bengal,Diuretic,Digestion,None,Kashaya (decoction),Salty,"Dense,Firm",Hot,Pungent,Demulcent,1,0,1,0,0,0,1,0,1,1,0,0,0,0,0,0,1,0,0,0,1,-1,2,-1
867,Rasna — Malabar,Pluchea lanceolata,Sour,Cool,Sour,Kapha,All,West Bengal,Adaptogenic,Immunity,Bleeding disorders,Churna (powder),Sour,"Cold,Heavy,Oily",Cold,Pungent,Galactagogue,0,0,1,0,0,0,0,0,0,0,0,1,0,0,0,0,0,1,0,0,0,2,0,2
868,Rasna — Kashmir,Pluchea lanceolata,Salty,Neutral,Astringent,Kapha,Vata,Sri Lanka,Expectorant,Weight management,Bleeding disorders,Churna (powder),Salty,"Subtle,Oily",Cold,Astringent,Galactagogue,1,0,1,1,1,0,0,0,0,0,1,0,0,1,0,0,1,1,0,0,0,0,0,1
869,Rasna — Kerala,Pluchea lanceolata,Salty,Warm,Sour,Vata,Kapha,Assam,Immunomodulatory,Skin diseases,Cold constitution,Kwatha (decoction),Salty,Heavy,Cold,Pungent,Analgesic,1,0,1,0,0,0,1,0,0,1,1,1,0,0,1,0,1,0,0,0,0,-1,0,1
870,Rasna — Assam,Pluchea lanceolata,Mixed,Warm,Astringent,Pitta,Kapha,Rajasthan,Adaptogenic,Digestion,Diarrhea,Kwatha (decoction),Bitter,"Sticky,Dense",Cold,Astringent,Rejuvenating,0,1,1,0,0,0,0,0,1,1,0,0,0,0,0,1,0,0,1,0,0,2,-3,0
871,Eranda — Root,Ricinus communis,Sour,Cold,Sour,Pitta,All,West Bengal,Hepatoprotective,Immunity,Diarrhea,Ghrita (ghee),Sour,Dry,Hot,Pungent,Demulcent,0,1,0,0,0,0,0,0,1,0,0,0,0,0,0,1,0,0,0,0,0,2,0,0
872,Eranda — Leaf,Ricinus communis,Astringent,Cold,Sour,Vata,Kapha,Tamil Nadu,Hepatoprotective,Weight management,Bleeding disorders,Kashaya (decoction),Astringent,"Heavy,Mobile",Hot,Pungent,Rejuvenating,1,0,1,0,0,0,1,1,1,0,1,0,1,1,0,0,0,1,1,0,0,1,0,-3
873,Eranda — Stem,Ricinus communis,Mixed,Cool,Bitter,Pitta,All,Sri Lanka,Hepatoprotective,Arthritis,Cold constitution,Swarasa (juice),Sour,Firm,Cold,Pungent,Carminative,0,1,0,0,1,1,1,1,1,1,0,0,0,0,0,0,0,0,0,0,1,1,-2,2
874,Eranda — Bark,Ricinus communis,Bitter,Warm,Sweet,Vata,Pitta,Assam,Antimicrobial,Liver disorders,Pitta excess,Kashaya (decoction),Bitter,Hot,Cold,Sweet,Aphrodisiac,1,1,0,1,0,0,1,0,0,0,0,0,1,1,0,0,0,0,1,1,0,0,-3,0
875,Eranda — Seed,Ricinus communis,Salty,Neutral,Pungent,All,All,Assam,Adaptogenic,Skin diseases,Cold constitution,Avaleha (jam),Salty,"Mobile,Dry",Hot,Pungent,Galactagogue,1,1,1,1,0,0,1,0,1,0,0,0,0,0,1,0,0,0,0,1,0,1,0,-2
876,Eranda — Fruit,Ricinus communis,Bitter,Warm,Bitter,All,Kapha,India,Galactagogue,Digestion,Pregnancy,Swarasa (juice),Bitter,"Hot,Smooth",Hot,Astringent,Demulcent,1,1,1,0,0,1,0,0,0,0,1,0,0,0,1,1,0,0,1,0,1,0,-1,-3
877,Eranda — Flower,Ricinus communis,Mixed,Cool,Sour,Kapha,Kapha,Rajasthan,Adaptogenic,Respiratory support,Pitta excess,Avaleha (jam),Astringent,Light,Cold,Pungent,Carminative,0,0,1,1,1,0,0,1,0,0,0,0,1,0,0,0,1,0,0,0,0,3,-2,-2
878,Eranda — Resin,Ricinus communis,Astringent,Cold,Sour,Pitta,Kapha,Sri Lanka,Rejuvenative,Skin diseases,Pitta excess,Churna (powder),Astringent,Smooth,Cold,Astringent,Detoxifying,0,1,1,1,1,0,0,0,0,0,0,1,0,0,0,0,1,0,1,0,0,2,-3,-2
879,Eranda — Latex,Ricinus communis,Salty,Hot,Sweet,Vata,All,Tamil Nadu,Diuretic,Respiratory support,Diarrhea,Kashaya (decoction),Salty,"Cold,Soft",Hot,Sweet,Aphrodisiac,1,0,0,0,0,0,1,1,0,1,0,0,0,1,0,0,1,0,1,0,0,0,2,0
880,Eranda — Wild,Ricinus communis,Sweet,Cold,Astringent,Kapha,Pitta,Kerala,Anti-inflammatory,Weight management,Pregnancy,Churna (powder),Sweet,"Sharp,Dry",Cold,Astringent,Aphrodisiac,0,1,1,1,0,1,1,1,0,1,0,0,0,0,0,0,0,1,0,0,0,0,-3,1
881,Eranda — Rural,Ricinus communis,Sour,Cold,Sour,Vata,Vata,Tamil Nadu,Cardiotonic,Skin diseases,None,Vati (tablets),Sour,"Dense,Oily,Rough",Hot,Pungent,Carminative,1,0,0,0,0,1,1,1,0,0,0,0,1,1,0,0,0,0,1,0,0,-1,3,2
882,Eranda — Mountain,Ricinus communis,Bitter,Cold,Astringent,Kapha,All,Sri Lanka,Immunomodulatory,Hair care,None,Taila (oil),Bitter,"Firm,Dry,Cold",Hot,Astringent,Analgesic,0,0,1,0,0,1,0,0,0,0,0,0,0,0,0,1,1,0,0,1,0,3,0,-3
883,Eranda — Coastal,Ricinus communis,Mixed,Cool,Astringent,Kapha,Pitta,Tamil Nadu,Adaptogenic,Digestion,None,Avaleha (jam),Sweet,"Firm,Heavy,Dense",Cold,Astringent,Rejuvenating,0,1,1,0,1,0,0,0,0,0,0,1,0,0,0,1,0,0,0,1,0,-1,-3,3
884,Eranda — Indian,Ricinus communis,Sweet,Hot,Astringent,Kapha,Pitta,Assam,Immunomodulatory,Liver disorders,Bleeding disorders,Avaleha (jam),Sweet,Stable,Hot,Astringent,Carminative,0,1,1,0,0,1,0,0,0,0,0,0,1,0,1,0,0,0,1,0,0,-1,-2,-1
885,Eranda — Himalayan,Ricinus communis,Pungent,Cool,Sweet,Pitta,All,Uttar Pradesh,Cardiotonic,Hair care,Pregnancy,Kashaya (decoction),Pungent,"Subtle,Cloudy,Cold",Cold,Sweet,Detoxifying,0,1,0,0,0,0,0,0,1,0,1,0,1,0,0,0,1,0,0,0,0,2,-1,-1
886,Eranda — Malabar,Ricinus communis,Salty,Warm,Sweet,Vata,Vata,Tamil Nadu,Cardiotonic,Immunity,None,Churna (powder),Salty,"Firm,Sharp",Cold,Sweet,Demulcent,1,0,0,1,1,1,0,0,1,0,0,0,0,0,0,0,0,1,0,0,0,-1,1,2
887,Eranda — Kashmir,Ricinus communis,Astringent,Cold,Sweet,Vata,All,Rajasthan,Hepatoprotective,"Stress, Anxiety",None,Churna (powder),Astringent,Rough,Cold,Sweet,Nervine tonic,1,0,0,1,0,0,1,0,1,1,0,1,0,0,0,1,1,0,0,1,0,0,-1,0
888,Eranda — Kerala,Ricinus communis,Sour,Cool,Bitter,All,All,Tamil Nadu,Diuretic,Arthritis,Pregnancy,Avaleha (jam),Sour,"Smooth,Dense",Cold,Sweet,Analgesic,1,1,1,0,1,0,1,1,0,0,0,0,0,0,0,0,1,0,1,0,0,-1,-2,1
889,Eranda — Assam,Ricinus communis,Salty,Cool,Sweet,Kapha,Kapha,Sri Lanka,Adaptogenic,Female reproductive health,Pregnancy,Kwatha (decoction),Salty,"Stable,Firm",Cold,Sweet,Nervine tonic,0,0,1,0,0,0,0,1,0,0,0,0,0,0,0,0,1,0,0,0,0,1,0,0
890,Nirgundi — Root,Vitex negundo,Sweet,Neutral,Astringent,Vata,All,Rajasthan,Galactagogue,Arthritis,Bleeding disorders,Churna (powder),Sweet,Stable,Cold,Astringent,Galactagogue,1,0,0,0,1,1,0,0,0,0,0,0,1,0,1,0,0,1,0,0,0,-3,-2,3
891,Nirgundi — Leaf,Vitex negundo,Astringent,Cold,Astringent,All,Vata,Sri Lanka,Rejuvenative,"Stress, Anxiety",None,Kwatha (decoction),Astringent,"Oily,Mobile",Hot,Astringent,Rejuvenating,1,1,1,0,1,1,1,0,0,0,0,0,0,1,0,0,0,0,0,0,0,1,-2,-3
892,Nirgundi — Stem,Vitex negundo,Salty,Cool,Pungent,Pitta,Vata,Uttar Pradesh,Anti-inflammatory,Weight management,Bleeding disorders,Kashaya (decoction),Salty,"Subtle,Stable,Firm",Cold,Pungent,Aphrodisiac,1,1,0,1,0,0,0,1,0,0,0,0,0,0,1,1,0,0,0,0,0,0,-2,2
893,Nirgundi — Bark,Vitex negundo,Astringent,Hot,Sour,Kapha,All,India,Expectorant,Digestion,Pregnancy,Swarasa (juice),Astringent,"Hot,Liquid",Hot,Astringent,Rejuvenative,0,0,1,0,1,0,1,0,0,1,0,0,1,0,0,0,0,0,1,0,0,2,1,-3
894,Nirgundi — Seed,Vitex negundo,Bitter,Warm,Sweet,All,Vata,Uttar Pradesh,Galactagogue,Hair care,Cold constitution,Kashaya (decoction),Bitter,Heavy,Cold,Sweet,Aphrodisiac,1,1,1,0,0,0,1,0,0,1,0,0,0,0,0,1,0,1,0,1,0,0,-3,-1
895,Nirgundi — Fruit,Vitex negundo,Salty,Neutral,Pungent,Pitta,Vata,Kerala,Rejuvenative,Skin diseases,None,Churna (powder),Salty,"Bland,Sharp,Subtle",Hot,Pungent,Diaphoretic,1,1,0,0,0,0,0,1,0,0,0,0,1,0,0,1,0,0,1,0,0,0,1,0
896,Nirgundi — Flower,Vitex negundo,Astringent,Neutral,Sweet,Pitta,Pitta,Kerala,Hepatoprotective,Hair care,Pregnancy,Taila (oil),Astringent,"Dense,Smooth,Soft",Cold,Sweet,Galactagogue,0,1,0,0,0,0,1,0,1,0,0,0,0,0,0,1,0,0,0,0,0,2,-3,1
897,Nirgundi — Resin,Vitex negundo,Mixed,Hot,Bitter,Pitta,Vata,Tamil Nadu,Immunomodulatory,Liver disorders,Cold constitution,Ghrita (ghee),Sour,Soft,Hot,Pungent,Aphrodisiac,1,1,0,1,1,0,0,1,1,0,0,0,1,0,0,0,0,0,0,0,0,-1,0,0
898,Nirgundi — Latex,Vitex negundo,Bitter,Cold,Bitter,Kapha,All,West Bengal,Immunomodulatory,Hair care,Cold constitution,Vati (tablets),Bitter,"Oily,Smooth",Hot,Astringent,Detoxifying,0,0,1,1,0,0,0,1,0,0,0,0,0,1,0,0,0,0,0,1,0,2,0,-3
899,Nirgundi — Wild,Vitex negundo,Sweet,Cold,Sweet,Pitta,Kapha,Tamil Nadu,Immunomodulatory,Immunity,Bleeding disorders,Avaleha (jam),Sweet,Dense,Cold,Sweet,Rejuvenative,0,1,1,0,0,0,0,1,0,0,0,0,0,0,1,0,0,0,1,1,1,-1,-3,2
900,Nirgundi — Rural,Vitex negundo,Pungent,Warm,Sour,Pitta,All,Uttar Pradesh,Cardiotonic,Digestion,Bleeding disorders,Kwatha (decoction),Pungent,Bland,Hot,Astringent,Galactagogue,0,1,0,0,1,1,0,0,1,1,1,0,1,1,1,1,0,0,0,0,0,0,1,-3
901,Nirgundi — Mountain,Vitex negundo,Mixed,Neutral,Bitter,Pitta,Vata,Assam,Immunomodulatory,Digestion,Pregnancy,Vati (tablets),Pungent,"Oily,Stable,Hot",Hot,Astringent,Diaphoretic,1,1,0,1,1,0,0,1,0,1,0,0,0,1,0,0,0,0,0,0,0,-2,2,-2
902,Nirgundi — Coastal,Vitex negundo,Bitter,Neutral,Astringent,All,All,Karnataka,Digestive stimulant,Skin diseases,Diarrhea,Taila (oil),Bitter,"Liquid,Rough,Hot",Cold,Astringent,Nervine tonic,1,1,1,1,0,1,0,0,0,0,0,0,0,1,1,0,0,0,0,0,0,0,-2,-2
903,Nirgundi — Indian,Vitex negundo,Sour,Cool,Bitter,Pitta,Pitta,Nepal,Rejuvenative,Digestion,Cold constitution,Vati (tablets),Sour,"Cold,Sharp",Cold,Astringent,Galactagogue,0,1,0,0,0,1,0,0,1,1,1,0,0,0,1,0,0,0,0,1,1,2,-1,2
904,Nirgundi — Himalayan,Vitex negundo,Salty,Cool,Sour,Vata,Kapha,West Bengal,Antimicrobial,Digestion,Cold constitution,Ghrita (ghee),Salty,Sticky,Cold,Pungent,Rejuvenative,1,0,1,1,1,0,1,0,0,1,0,1,1,0,0,0,0,0,1,0,0,-1,0,1
905,Nirgundi — Malabar,Vitex negundo,Pungent,Hot,Sour,Vata,Kapha,India,Diuretic,Arthritis,None,Ghrita (ghee),Pungent,Subtle,Hot,Sweet,Detoxifying,1,0,1,0,0,0,0,1,0,0,0,0,0,0,1,0,0,0,0,0,0,-1,3,-3
906,Nirgundi — Kashmir,Vitex negundo,Sweet,Hot,Pungent,Vata,Pitta,Sri Lanka,Expectorant,Liver disorders,Bleeding disorders,Vati (tablets),Sweet,"Sharp,Smooth,Heavy",Hot,Pungent,Demulcent,1,1,0,1,0,1,0,0,0,0,0,0,1,0,0,0,0,0,0,0,0,-3,-1,2
907,Nirgundi — Kerala,Vitex negundo,Salty,Hot,Sweet,Kapha,Kapha,Uttar Pradesh,Antimicrobial,Immunity,Pitta excess,Kashaya (decoction),Salty,"Sharp,Liquid",Hot,Sweet,Aphrodisiac,0,0,1,1,0,0,1,0,0,0,1,1,0,0,1,0,0,0,0,1,1,1,3,-2
908,Nirgundi — Assam,Vitex negundo,Bitter,Hot,Sweet,Pitta,Pitta,Kerala,Expectorant,Heart health,Pregnancy,Kwatha (decoction),Bitter,Subtle,Hot,Sweet,Aphrodisiac,0,1,0,0,0,0,1,1,1,0,1,0,0,0,1,0,0,0,0,0,0,3,-2,-2
909,Bhallataka — Root,Semicarpus anacardium,Pungent,Cool,Sour,Kapha,All,Uttar Pradesh,Rejuvenative,Hair care,Pitta excess,Ghrita (ghee),Pungent,"Heavy,Sharp",Cold,Astringent,Rejuvenative,0,0,1,1,0,0,0,1,0,1,1,1,1,0,0,0,1,0,0,0,0,0,2,-2
910,Bhallataka — Leaf,Semicarpus anacardium,Mixed,Hot,Astringent,Pitta,Vata,Uttar Pradesh,Rejuvenative,Female reproductive health,Bleeding disorders,Avaleha (jam),Sweet,Dense,Hot,Astringent,Nervine tonic,1,1,0,0,0,1,0,0,0,1,1,0,0,1,0,0,0,0,0,0,0,-3,-2,2
911,Bhallataka — Stem,Semicarpus anacardium,Pungent,Hot,Bitter,All,Vata,Himachal Pradesh,Hepatoprotective,Arthritis,Cold constitution,Kashaya (decoction),Pungent,Heavy,Hot,Pungent,Demulcent,1,1,1,0,0,0,1,1,1,1,1,0,1,1,0,0,0,1,1,0,0,-2,1,-3
912,Bhallataka — Bark,Semicarpus anacardium,Pungent,Cool,Astringent,Pitta,All,Uttar Pradesh,Galactagogue,"Stress, Anxiety",Pitta excess,Ghrita (ghee),Pungent,"Liquid,Bland,Light",Cold,Astringent,Nervine tonic,0,1,0,0,0,1,1,0,0,0,0,0,0,0,0,1,1,0,0,0,0,1,-1,-1
913,Bhallataka — Seed,Semicarpus anacardium,Sweet,Cold,Sweet,Vata,Kapha,Karnataka,Immunomodulatory,Liver disorders,None,Avaleha (jam),Sweet,"Dense,Firm,Bland",Cold,Sweet,Diaphoretic,1,0,1,0,1,0,0,0,0,0,1,0,0,0,0,0,1,0,0,0,0,-3,-2,2
914,Bhallataka — Fruit,Semicarpus anacardium,Pungent,Warm,Pungent,Kapha,Pitta,Sri Lanka,Cardiotonic,Skin diseases,Cold constitution,Ghrita (ghee),Pungent,"Bland,Cold",Cold,Pungent,Demulcent,0,1,1,0,0,1,0,1,0,0,0,1,1,0,0,1,0,0,0,1,0,1,-1,-3
915,Bhallataka — Flower,Semicarpus anacardium,Bitter,Cool,Sour,All,Pitta,Nepal,Expectorant,Liver disorders,Pitta excess,Churna (powder),Bitter,"Cloudy,Bland",Cold,Pungent,Galactagogue,1,1,1,0,0,1,0,0,0,0,0,0,1,1,1,0,0,0,0,0,0,0,-3,-2
916,Bhallataka — Resin,Semicarpus anacardium,Salty,Cool,Pungent,Pitta,Kapha,Himachal Pradesh,Cardiotonic,Arthritis,Cold constitution,Vati (tablets),Salty,Cold,Cold,Pungent,Analgesic,0,1,1,0,0,0,1,0,1,1,0,0,0,0,0,0,1,0,1,0,0,2,-2,0
917,Bhallataka — Latex,Semicarpus anacardium,Sour,Hot,Bitter,Vata,Vata,Assam,Rejuvenative,Heart health,Pregnancy,Avaleha (jam),Sour,Dense,Hot,Sweet,Rejuvenative,1,0,0,0,1,0,1,0,0,1,0,1,0,0,0,1,0,0,0,1,0,-1,2,1
918,Bhallataka — Wild,Semicarpus anacardium,Sour,Cool,Bitter,Vata,All,Assam,Digestive stimulant,Respiratory support,Cold constitution,Churna (powder),Sour,"Liquid,Subtle,Cloudy",Cold,Pungent,Demulcent,1,0,0,0,1,0,0,0,0,0,0,0,1,1,0,0,0,0,0,1,0,0,0,2
919,Bhallataka — Rural,Semicarpus anacardium,Salty,Cool,Pungent,Pitta,Kapha,Rajasthan,Digestive stimulant,Hair care,Pregnancy,Churna (powder),Salty,"Rough,Heavy,Smooth",Cold,Pungent,Galactagogue,0,1,1,1,1,0,0,0,0,0,0,0,0,0,0,0,0,0,0,0,1,1,-1,1
920,Bhallataka — Mountain,Semicarpus anacardium,Astringent,Warm,Pungent,All,Vata,Assam,Expectorant,Skin diseases,Diarrhea,Avaleha (jam),Astringent,"Clear,Light",Cold,Pungent,Nervine tonic,1,1,1,0,1,0,1,0,0,1,1,0,1,0,0,0,0,1,0,0,0,1,-3,-2
921,Bhallataka — Coastal,Semicarpus anacardium,Pungent,Warm,Bitter,Vata,Vata,Himachal Pradesh,Rejuvenative,"Stress, Anxiety",Cold constitution,Churna (powder),Pungent,"Hot,Stable,Oily",Cold,Astringent,Carminative,1,0,0,0,0,1,0,0,1,1,0,0,1,1,0,0,1,0,0,1,0,-2,2,0
922,Bhallataka — Indian,Semicarpus anacardium,Sweet,Cool,Astringent,Pitta,Vata,Nepal,Analgesic,Digestion,Cold constitution,Swarasa (juice),Sweet,Light,Cold,Astringent,Aphrodisiac,1,1,0,0,1,0,1,0,1,0,1,1,1,0,0,1,0,0,0,0,1,-2,-3,3
923,Bhallataka — Himalayan,Semicarpus anacardium,Bitter,Hot,Bitter,Kapha,All,Nepal,Anti-inflammatory,"Stress, Anxiety",Pitta excess,Vati (tablets),Bitter,Dry,Hot,Astringent,Analgesic,0,0,1,1,0,0,0,1,0,1,0,0,1,1,1,1,0,0,0,0,0,3,0,-3
924,Bhallataka — Malabar,Semicarpus anacardium,Salty,Neutral,Sweet,Pitta,Pitta,West Bengal,Digestive stimulant,Heart health,Pregnancy,Kashaya (decoction),Salty,"Stable,Rough",Hot,Sweet,Diaphoretic,0,1,0,0,0,0,0,1,1,0,0,0,1,0,0,1,0,0,1,0,0,1,1,0
925,Bhallataka — Kashmir,Semicarpus anacardium,Salty,Neutral,Pungent,Pitta,Kapha,West Bengal,Adaptogenic,Heart health,Diarrhea,Avaleha (jam),Salty,"Firm,Light,Oily",Cold,Pungent,Rejuvenative,0,1,1,1,0,1,1,0,0,0,0,0,0,0,0,0,1,0,1,1,0,2,-2,1
926,Bhallataka — Kerala,Semicarpus anacardium,Sweet,Hot,Sweet,Kapha,Kapha,Assam,Expectorant,Heart health,Cold constitution,Kwatha (decoction),Sweet,Mobile,Hot,Sweet,Nervine tonic,0,0,1,0,0,0,1,0,1,0,0,0,0,0,0,0,1,0,0,0,1,0,0,-1
927,Bhallataka — Assam,Semicarpus anacardium,Astringent,Neutral,Sour,Kapha,All,Nepal,Analgesic,Hair care,Diarrhea,Kwatha (decoction),Astringent,"Cold,Smooth,Soft",Cold,Sweet,Diaphoretic,0,0,1,0,1,0,0,0,0,1,0,0,1,1,0,0,0,0,0,1,0,3,-2,-2
928,Asthisrinkhala — Root,Cissus quadrangularis,Pungent,Cool,Sweet,Vata,All,Karnataka,Adaptogenic,Respiratory support,Pregnancy,Vati (tablets),Pungent,"Light,Stable",Cold,Sweet,Carminative,1,0,0,1,1,0,1,0,0,0,0,0,1,0,0,0,1,0,0,0,0,-1,1,-1
929,Asthisrinkhala — Leaf,Cissus quadrangularis,Sweet,Hot,Pungent,All,Pitta,Uttar Pradesh,Diuretic,Hair care,Pregnancy,Taila (oil),Sweet,Subtle,Hot,Pungent,Analgesic,1,1,1,0,0,0,1,1,0,0,0,0,1,0,0,0,0,0,0,1,0,-2,-2,-1
930,Asthisrinkhala — Stem,Cissus quadrangularis,Astringent,Neutral,Pungent,All,Kapha,Himachal Pradesh,Expectorant,Hair care,Pregnancy,Taila (oil),Astringent,"Soft,Liquid,Mobile",Hot,Pungent,Analgesic,1,1,1,0,0,0,0,0,0,0,0,0,0,0,0,0,1,0,0,0,0,1,-2,-3
931,Asthisrinkhala — Bark,Cissus quadrangularis,Pungent,Hot,Sweet,Pitta,Kapha,Himachal Pradesh,Cardiotonic,"Stress, Anxiety",Diarrhea,Swarasa (juice),Pungent,Mobile,Hot,Sweet,Aphrodisiac,0,1,1,0,0,1,0,1,1,1,0,1,0,0,0,0,1,0,1,1,0,1,1,-3
932,Asthisrinkhala — Seed,Cissus quadrangularis,Astringent,Neutral,Sour,All,All,Rajasthan,Cardiotonic,Skin diseases,Pitta excess,Vati (tablets),Astringent,"Heavy,Hot,Oily",Cold,Pungent,Aphrodisiac,1,1,1,0,0,1,0,0,0,0,1,1,0,0,0,1,1,0,0,0,0,0,-3,0
933,Asthisrinkhala — Fruit,Cissus quadrangularis,Mixed,Warm,Pungent,All,Kapha,Rajasthan,Anti-inflammatory,Skin diseases,Pitta excess,Taila (oil),Salty,"Mobile,Cloudy,Bland",Cold,Pungent,Analgesic,1,1,1,1,1,0,0,0,0,0,0,0,1,0,0,0,0,0,0,0,0,0,-2,0
934,Asthisrinkhala — Flower,Cissus quadrangularis,Astringent,Cold,Sour,Pitta,Kapha,Karnataka,Hepatoprotective,Hair care,Bleeding disorders,Vati (tablets),Astringent,"Bland,Dense",Cold,Sweet,Diaphoretic,0,1,1,0,1,1,1,1,1,1,1,0,0,0,0,0,0,0,1,0,0,2,-3,-1
935,Asthisrinkhala — Resin,Cissus quadrangularis,Pungent,Hot,Sweet,Kapha,Pitta,Assam,Adaptogenic,"Stress, Anxiety",Bleeding disorders,Ghrita (ghee),Pungent,Mobile,Hot,Sweet,Rejuvenative,0,1,1,0,1,0,1,0,0,0,1,0,1,0,1,0,0,0,0,0,0,1,1,-3
936,Asthisrinkhala — Latex,Cissus quadrangularis,Sour,Hot,Astringent,Kapha,Pitta,West Bengal,Expectorant,Heart health,Bleeding disorders,Taila (oil),Sour,Dense,Hot,Astringent,Demulcent,0,1,1,0,0,1,1,1,0,1,1,1,0,0,0,1,0,0,1,0,0,1,0,-1
937,Asthisrinkhala — Wild,Cissus quadrangularis,Bitter,Hot,Bitter,All,Pitta,Assam,Analgesic,Skin diseases,Pregnancy,Swarasa (juice),Bitter,"Sticky,Firm,Cold",Hot,Pungent,Diaphoretic,1,1,1,1,1,0,1,0,1,0,0,0,1,0,1,0,0,0,1,0,1,1,-2,-3
938,Asthisrinkhala — Rural,Cissus quadrangularis,Salty,Warm,Bitter,Kapha,Pitta,Nepal,Rejuvenative,Liver disorders,Pitta excess,Kwatha (decoction),Salty,"Cold,Heavy",Cold,Pungent,Rejuvenating,0,1,1,1,1,1,0,0,0,0,0,1,1,1,0,0,0,0,0,0,0,2,-2,1
939,Asthisrinkhala — Mountain,Cissus quadrangularis,Salty,Cool,Sweet,Pitta,Vata,Rajasthan,Anti-inflammatory,Female reproductive health,Cold constitution,Ghrita (ghee),Salty,"Stable,Dry",Cold,Sweet,Detoxifying,1,1,0,1,0,0,1,1,0,1,0,0,0,0,1,1,0,1,1,0,0,0,-2,2
940,Asthisrinkhala — Coastal,Cissus quadrangularis,Astringent,Warm,Sweet,Kapha,Vata,Nepal,Galactagogue,Arthritis,Cold constitution,Ghrita (ghee),Astringent,"Sharp,Firm,Subtle",Hot,Sweet,Carminative,1,0,1,0,1,0,0,1,0,0,0,0,0,0,0,0,0,1,0,0,0,1,1,-3
941,Asthisrinkhala — Indian,Cissus quadrangularis,Mixed,Warm,Pungent,Vata,Vata,India,Expectorant,Hair care,Diarrhea,Kwatha (decoction),Pungent,"Light,Sharp,Sticky",Hot,Pungent,Carminative,1,0,0,0,1,0,0,0,0,0,0,0,1,0,0,0,0,0,0,0,0,-1,3,-2
942,Asthisrinkhala — Himalayan,Cissus quadrangularis,Sour,Cool,Pungent,All,Kapha,Nepal,Cardiotonic,Heart health,Pregnancy,Swarasa (juice),Sour,"Light,Cloudy",Cold,Pungent,Carminative,1,1,1,0,0,0,1,0,1,0,1,0,1,1,0,0,0,0,0,0,0,0,-2,0
943,Asthisrinkhala — Malabar,Cissus quadrangularis,Astringent,Cold,Bitter,Kapha,All,West Bengal,Anti-inflammatory,Immunity,Pitta excess,Swarasa (juice),Astringent,Oily,Hot,Astringent,Analgesic,0,0,1,1,0,0,0,0,1,1,0,0,0,0,1,0,1,0,0,0,0,2,0,-3
944,Asthisrinkhala — Kashmir,Cissus quadrangularis,Sweet,Cool,Sour,Vata,Pitta,Assam,Rejuvenative,Female reproductive health,None,Taila (oil),Sweet,Soft,Cold,Pungent,Rejuvenating,1,1,0,0,0,0,1,0,0,0,0,0,0,1,0,0,0,0,1,0,0,-3,-3,3
945,Asthisrinkhala — Kerala,Cissus quadrangularis,Pungent,Cool,Bitter,Pitta,Vata,Karnataka,Digestive stimulant,Immunity,None,Swarasa (juice),Pungent,"Light,Clear,Oily",Cold,Pungent,Aphrodisiac,1,1,0,1,0,0,1,1,0,0,1,0,0,0,1,0,0,0,0,1,1,-1,-1,0
946,Asthisrinkhala — Assam,Cissus quadrangularis,Bitter,Neutral,Bitter,Vata,Vata,Himachal Pradesh,Galactagogue,Immunity,None,Vati (tablets),Bitter,Bland,Hot,Pungent,Diaphoretic,1,0,0,0,0,0,0,0,0,0,0,0,0,0,1,1,1,0,0,0,1,0,0,-2
947,Karavellaka — Root,Momordica charantia,Sour,Cool,Sour,Pitta,Pitta,Karnataka,Antimicrobial,Immunity,Cold constitution,Kashaya (decoction),Sour,"Hot,Cold,Clear",Cold,Pungent,Rejuvenative,0,1,0,1,1,0,1,0,0,1,0,0,0,1,0,0,0,0,0,0,0,2,-1,2
948,Karavellaka — Leaf,Momordica charantia,Bitter,Warm,Sour,Kapha,All,India,Rejuvenative,Liver disorders,Bleeding disorders,Churna (powder),Bitter,Cloudy,Hot,Sweet,Demulcent,0,0,1,1,0,0,0,1,0,0,1,0,0,0,0,0,0,0,0,1,0,2,0,-3
949,Karavellaka — Stem,Momordica charantia,Mixed,Hot,Pungent,Kapha,Kapha,Sri Lanka,Galactagogue,Liver disorders,Pregnancy,Taila (oil),Bitter,"Stable,Dry,Hot",Hot,Pungent,Rejuvenative,0,0,1,1,1,0,1,1,0,0,0,0,0,1,0,0,0,0,1,1,0,3,1,-3
950,Karavellaka — Bark,Momordica charantia,Astringent,Cold,Bitter,Pitta,Vata,Tamil Nadu,Adaptogenic,Liver disorders,Pregnancy,Swarasa (juice),Astringent,Oily,Hot,Sweet,Demulcent,1,1,0,1,1,0,0,0,0,0,0,0,0,0,1,1,1,0,0,0,0,0,-2,-1
951,Karavellaka — Seed,Momordica charantia,Sour,Cool,Sour,All,Kapha,Sri Lanka,Galactagogue,Liver disorders,Diarrhea,Kwatha (decoction),Sour,"Oily,Subtle",Cold,Astringent,Galactagogue,1,1,1,0,0,0,0,1,1,1,0,0,1,1,0,0,1,0,0,1,0,0,-2,1
952,Karavellaka — Fruit,Momordica charantia,Sweet,Neutral,Sour,Vata,Kapha,Karnataka,Cardiotonic,Digestion,Bleeding disorders,Swarasa (juice),Sweet,"Light,Subtle,Soft",Cold,Astringent,Diaphoretic,1,0,1,0,0,1,0,0,0,1,1,0,0,1,0,1,1,0,0,0,0,-1,-2,1
953,Karavellaka — Flower,Momordica charantia,Astringent,Cold,Astringent,Pitta,Vata,Rajasthan,Analgesic,Female reproductive health,Diarrhea,Swarasa (juice),Astringent,"Bland,Smooth",Hot,Astringent,Galactagogue,1,1,0,1,1,1,0,1,1,1,0,0,0,1,0,0,0,0,1,0,0,0,-2,-2
954,Karavellaka — Resin,Momordica charantia,Bitter,Warm,Astringent,Vata,Pitta,Sri Lanka,Hepatoprotective,Respiratory support,Cold constitution,Vati (tablets),Bitter,"Cold,Mobile,Cloudy",Cold,Astringent,Diaphoretic,1,1,0,1,0,0,0,1,1,0,0,0,0,1,0,0,0,0,0,0,1,2,-3,0
955,Karavellaka — Latex,Momordica charantia,Sour,Warm,Astringent,Kapha,Kapha,Sri Lanka,Rejuvenative,"Stress, Anxiety",Pregnancy,Swarasa (juice),Sour,Rough,Cold,Astringent,Nervine tonic,0,0,1,1,0,0,0,1,0,0,0,0,0,0,0,1,0,0,0,0,0,1,1,0
956,Karavellaka — Wild,Momordica charantia,Mixed,Cold,Sweet,Pitta,Kapha,West Bengal,Expectorant,Female reproductive health,Pitta excess,Vati (tablets),Sour,Hot,Hot,Sweet,Rejuvenative,0,1,1,0,0,1,0,0,0,0,0,0,0,0,0,0,0,1,0,1,1,1,1,-2
957,Karavellaka — Rural,Momordica charantia,Bitter,Cold,Pungent,Pitta,Pitta,India,Cardiotonic,Heart health,Cold constitution,Kwatha (decoction),Bitter,"Cold,Firm,Soft",Hot,Pungent,Diaphoretic,0,1,0,0,0,1,1,0,0,1,0,0,0,1,1,1,0,0,1,0,0,3,-2,-2
958,Karavellaka — Mountain,Momordica charantia,Astringent,Cool,Sweet,Vata,Pitta,Kerala,Expectorant,"Stress, Anxiety",Pitta excess,Swarasa (juice),Astringent,"Mobile,Hot,Sharp",Cold,Sweet,Analgesic,1,1,0,0,0,0,0,0,0,1,0,1,0,0,0,0,1,0,0,0,0,1,-2,0
959,Karavellaka — Coastal,Momordica charantia,Pungent,Cool,Sour,Kapha,Pitta,Rajasthan,Anti-inflammatory,Respiratory support,Bleeding disorders,Vati (tablets),Pungent,"Subtle,Sharp,Oily",Cold,Pungent,Analgesic,0,1,1,1,0,0,1,0,0,0,1,1,1,0,1,0,1,0,0,0,0,1,0,-2
960,Karavellaka — Indian,Momordica charantia,Mixed,Cold,Pungent,Kapha,Pitta,Uttar Pradesh,Hepatoprotective,Respiratory support,None,Kwatha (decoction),Sweet,"Dry,Cold",Hot,Pungent,Galactagogue,0,1,1,1,0,0,1,0,1,0,0,1,0,0,0,1,0,0,0,0,0,1,-2,-1
961,Karavellaka — Himalayan,Momordica charantia,Bitter,Hot,Bitter,All,Vata,Uttar Pradesh,Immunomodulatory,Digestion,Diarrhea,Churna (powder),Bitter,Liquid,Hot,Sweet,Rejuvenating,1,1,1,0,1,0,1,0,0,1,0,1,0,0,1,0,1,0,0,0,0,0,-2,-3
962,Karavellaka — Malabar,Momordica charantia,Astringent,Hot,Astringent,Vata,Vata,Rajasthan,Galactagogue,Digestion,Pregnancy,Kwatha (decoction),Astringent,"Bland,Subtle,Sharp",Hot,Astringent,Detoxifying,1,0,0,0,0,0,0,1,0,0,0,1,1,1,0,0,1,0,0,0,0,1,1,-2
963,Karavellaka — Kashmir,Momordica charantia,Sour,Cold,Sour,Pitta,Pitta,Sri Lanka,Analgesic,Digestion,Pregnancy,Vati (tablets),Sour,"Firm,Stable,Smooth",Hot,Astringent,Carminative,0,1,0,0,1,0,0,0,0,0,0,0,0,0,0,1,0,0,0,0,0,1,0,0
964,Karavellaka — Kerala,Momordica charantia,Mixed,Warm,Sour,Kapha,Kapha,Karnataka,Diuretic,Weight management,Bleeding disorders,Kwatha (decoction),Astringent,"Clear,Smooth",Hot,Sweet,Diaphoretic,0,0,1,0,0,0,1,1,1,0,0,0,0,0,0,0,1,0,0,0,1,2,0,-3
965,Karavellaka — Assam,Momordica charantia,Bitter,Neutral,Sweet,Pitta,Pitta,Rajasthan,Hepatoprotective,Heart health,Pregnancy,Kwatha (decoction),Bitter,Mobile,Hot,Sweet,Diaphoretic,0,1,0,0,0,0,0,0,1,1,0,1,0,0,0,0,0,0,0,0,0,3,-2,-2
966,Madhuyasti — Root,Glycyrrhiza glabra,Pungent,Neutral,Bitter,Kapha,Pitta,Assam,Galactagogue,Respiratory support,Bleeding disorders,Swarasa (juice),Pungent,"Soft,Hot,Dense",Cold,Pungent,Analgesic,0,1,1,0,0,0,0,0,0,0,1,0,0,1,0,1,0,0,1,0,1,0,0,-2
967,Madhuyasti — Leaf,Glycyrrhiza glabra,Astringent,Cool,Pungent,Pitta,All,Tamil Nadu,Analgesic,Respiratory support,None,Kwatha (decoction),Astringent,"Clear,Smooth",Cold,Pungent,Carminative,0,1,0,0,1,0,0,1,1,1,0,0,0,0,0,0,0,0,1,0,1,2,-3,0
968,Madhuyasti — Stem,Glycyrrhiza glabra,Sour,Cold,Bitter,Kapha,Kapha,India,Rejuvenative,Digestion,Pregnancy,Swarasa (juice),Sour,"Firm,Sticky,Hot",Cold,Sweet,Detoxifying,0,0,1,0,0,1,1,1,1,0,0,0,1,0,1,0,0,0,0,1,0,1,1,1
969,Madhuyasti — Bark,Glycyrrhiza glabra,Astringent,Hot,Bitter,Kapha,All,Nepal,Rejuvenative,Immunity,Diarrhea,Kashaya (decoction),Astringent,"Rough,Stable",Hot,Astringent,Nervine tonic,0,0,1,0,1,1,0,0,0,1,0,1,0,0,0,1,0,1,0,0,0,2,1,-3
970,Madhuyasti — Seed,Glycyrrhiza glabra,Pungent,Neutral,Bitter,Kapha,All,Uttar Pradesh,Immunomodulatory,Liver disorders,Diarrhea,Swarasa (juice),Pungent,"Cold,Stable",Cold,Sweet,Analgesic,0,0,1,1,1,1,0,0,1,1,0,0,0,1,0,1,0,0,0,0,0,1,1,-3
971,Madhuyasti — Fruit,Glycyrrhiza glabra,Pungent,Hot,Bitter,Vata,All,Assam,Diuretic,Hair care,Diarrhea,Kwatha (decoction),Pungent,"Oily,Bland",Hot,Sweet,Rejuvenating,1,0,0,0,0,1,1,1,0,0,0,0,0,0,0,0,0,0,0,0,1,-2,3,-2
972,Madhuyasti — Flower,Glycyrrhiza glabra,Bitter,Cold,Bitter,All,Vata,Karnataka,Immunomodulatory,"Stress, Anxiety",Bleeding disorders,Swarasa (juice),Bitter,Mobile,Hot,Astringent,Detoxifying,1,1,1,0,1,0,0,1,1,0,0,1,0,0,1,1,0,0,0,0,1,1,-2,-3
973,Madhuyasti — Resin,Glycyrrhiza glabra,Pungent,Neutral,Bitter,Vata,Pitta,Himachal Pradesh,Rejuvenative,Liver disorders,Pitta excess,Taila (oil),Pungent,"Clear,Hot,Cold",Cold,Astringent,Nervine tonic,1,1,0,1,0,1,0,0,1,0,1,0,0,0,0,0,1,1,0,0,1,-1,0,-1
974,Madhuyasti — Latex,Glycyrrhiza glabra,Mixed,Cool,Astringent,All,All,Assam,Diuretic,Immunity,Bleeding disorders,Kashaya (decoction),Bitter,"Light,Cloudy",Cold,Astringent,Galactagogue,1,1,1,1,0,1,0,1,0,0,1,0,0,1,0,0,0,0,0,0,0,1,-3,-2
975,Madhuyasti — Wild,Glycyrrhiza glabra,Bitter,Hot,Astringent,All,All,Uttar Pradesh,Galactagogue,Skin diseases,Pregnancy,Kwatha (decoction),Bitter,Stable,Hot,Astringent,Rejuvenative,1,1,1,1,1,0,0,0,0,0,1,0,0,1,1,0,0,1,0,1,0,0,-2,-3
976,Madhuyasti — Rural,Glycyrrhiza glabra,Salty,Hot,Sweet,All,Vata,Karnataka,Antimicrobial,Weight management,Diarrhea,Swarasa (juice),Salty,Subtle,Hot,Sweet,Nervine tonic,1,1,1,1,0,0,1,0,0,0,0,0,0,1,0,0,0,0,0,0,0,0,0,-2
977,Madhuyasti — Mountain,Glycyrrhiza glabra,Pungent,Warm,Sour,Vata,Vata,Sri Lanka,Diuretic,Liver disorders,None,Ghrita (ghee),Pungent,"Light,Bland,Clear",Hot,Sweet,Analgesic,1,0,0,0,0,0,0,1,0,1,0,1,0,1,0,0,0,0,1,0,1,-1,3,-3
978,Madhuyasti — Coastal,Glycyrrhiza glabra,Sweet,Cool,Bitter,Kapha,Kapha,India,Diuretic,Digestion,Pregnancy,Avaleha (jam),Sweet,Sticky,Cold,Pungent,Demulcent,0,0,1,0,0,0,0,1,0,0,0,0,0,0,0,0,0,0,0,1,0,-1,-2,2
979,Madhuyasti — Indian,Glycyrrhiza glabra,Bitter,Cool,Bitter,Kapha,All,Assam,Expectorant,Digestion,Pregnancy,Vati (tablets),Bitter,Soft,Cold,Astringent,Nervine tonic,0,0,1,1,0,0,0,0,0,1,1,0,1,0,0,0,0,1,0,1,1,2,-2,-2
980,Madhuyasti — Himalayan,Glycyrrhiza glabra,Sour,Warm,Pungent,All,All,Karnataka,Adaptogenic,Female reproductive health,None,Kwatha (decoction),Sour,"Sticky,Clear,Rough",Hot,Pungent,Rejuvenative,1,1,1,0,0,1,0,1,0,0,0,0,1,0,0,1,0,0,0,1,1,-1,1,-1
981,Madhuyasti — Malabar,Glycyrrhiza glabra,Sour,Cool,Sour,All,All,India,Hepatoprotective,Heart health,Pregnancy,Avaleha (jam),Sour,"Soft,Bland",Cold,Astringent,Aphrodisiac,1,1,1,0,0,1,1,0,1,1,0,0,1,0,0,0,0,0,0,0,0,-1,-2,0
982,Madhuyasti — Kashmir,Glycyrrhiza glabra,Sweet,Cool,Sour,All,Kapha,Rajasthan,Analgesic,Digestion,Pregnancy,Churna (powder),Sweet,"Rough,Subtle,Dry",Cold,Sweet,Rejuvenative,1,1,1,0,1,0,0,1,1,1,1,0,0,0,0,0,1,1,0,0,0,-1,-3,1
983,Madhuyasti — Kerala,Glycyrrhiza glabra,Pungent,Warm,Astringent,Vata,Kapha,Himachal Pradesh,Immunomodulatory,Female reproductive health,Pitta excess,Swarasa (juice),Pungent,Subtle,Cold,Astringent,Demulcent,1,0,1,1,1,0,0,1,0,0,0,0,0,0,0,0,0,0,1,0,0,-1,1,-3
984,Madhuyasti — Assam,Glycyrrhiza glabra,Astringent,Warm,Sweet,Pitta,Pitta,Uttar Pradesh,Galactagogue,Immunity,Cold constitution,Kwatha (decoction),Astringent,Clear,Cold,Sweet,Demulcent,0,1,0,0,0,1,0,1,0,0,0,0,1,0,0,0,0,0,0,0,0,2,-3,0
985,Devadaru — Root,Cedrus deodara,Salty,Hot,Astringent,Vata,Kapha,Karnataka,Anti-inflammatory,Heart health,Pitta excess,Churna (powder),Salty,"Soft,Rough",Hot,Astringent,Demulcent,1,0,1,1,1,1,0,0,1,0,0,1,0,1,0,0,0,1,0,0,0,-1,3,-2
986,Devadaru — Leaf,Cedrus deodara,Astringent,Cool,Sour,All,Kapha,Kerala,Rejuvenative,Liver disorders,Cold constitution,Churna (powder),Astringent,"Heavy,Stable,Smooth",Cold,Astringent,Nervine tonic,1,1,1,1,1,1,1,1,1,0,1,1,0,0,0,0,0,0,0,1,0,0,-3,-1
987,Devadaru — Stem,Cedrus deodara,Sweet,Cool,Sour,All,Kapha,Nepal,Immunomodulatory,Liver disorders,Pregnancy,Ghrita (ghee),Sweet,Rough,Cold,Sweet,Diaphoretic,1,1,1,1,1,0,0,0,0,1,0,0,0,0,0,0,0,0,0,1,0,-3,-3,1
988,Devadaru — Bark,Cedrus deodara,Sweet,Cool,Sour,Kapha,Pitta,Nepal,Adaptogenic,"Stress, Anxiety",None,Ghrita (ghee),Sweet,"Smooth,Soft",Cold,Pungent,Analgesic,0,1,1,1,0,0,1,0,1,0,1,0,0,0,1,1,0,0,1,0,0,-1,-3,1
989,Devadaru — Seed,Cedrus deodara,Astringent,Hot,Sour,Pitta,Kapha,Rajasthan,Anti-inflammatory,Immunity,Cold constitution,Avaleha (jam),Astringent,Firm,Hot,Astringent,Nervine tonic,0,1,1,1,0,0,1,1,0,0,1,0,0,0,0,0,0,0,0,1,0,2,-2,-3
990,Devadaru — Fruit,Cedrus deodara,Mixed,Cold,Sour,Vata,Vata,Nepal,Analgesic,Immunity,Pregnancy,Kashaya (decoction),Bitter,"Subtle,Sticky,Stable",Hot,Sweet,Detoxifying,1,0,0,1,1,1,0,0,1,0,0,0,0,0,0,0,0,1,0,1,1,1,0,-1
991,Devadaru — Flower,Cedrus deodara,Astringent,Cold,Astringent,Vata,Kapha,India,Adaptogenic,Female reproductive health,Diarrhea,Swarasa (juice),Astringent,Bland,Cold,Astringent,Demulcent,1,0,1,0,0,1,1,0,0,1,0,1,0,0,1,0,0,0,0,0,0,0,-2,-2
992,Devadaru — Resin,Cedrus deodara,Pungent,Cool,Bitter,Kapha,All,Sri Lanka,Diuretic,Skin diseases,Pregnancy,Vati (tablets),Pungent,"Smooth,Light",Cold,Sweet,Demulcent,0,0,1,0,0,0,0,0,1,0,1,1,1,0,1,0,0,0,0,0,0,1,1,-3
993,Devadaru — Latex,Cedrus deodara,Sour,Cool,Pungent,All,Kapha,Sri Lanka,Diuretic,Weight management,None,Churna (powder),Sour,Cloudy,Cold,Pungent,Diaphoretic,1,1,1,0,1,0,1,1,1,1,0,0,1,0,1,1,0,0,0,0,0,-1,-2,0
994,Devadaru — Wild,Cedrus deodara,Sour,Cold,Astringent,All,Pitta,Uttar Pradesh,Hepatoprotective,Hair care,Pitta excess,Avaleha (jam),Sour,Heavy,Cold,Astringent,Detoxifying,1,1,1,0,0,1,0,0,1,0,1,0,1,0,0,1,0,0,0,0,0,-1,-2,1
995,Devadaru — Rural,Cedrus deodara,Astringent,Warm,Sweet,Pitta,All,Rajasthan,Adaptogenic,Hair care,Bleeding disorders,Taila (oil),Astringent,"Dense,Liquid,Smooth",Cold,Sweet,Analgesic,0,1,0,0,0,1,1,0,0,0,1,0,1,0,0,0,1,0,0,0,0,2,-3,1
996,Devadaru — Mountain,Cedrus deodara,Salty,Neutral,Pungent,All,Pitta,Tamil Nadu,Hepatoprotective,Arthritis,Pregnancy,Ghrita (ghee),Salty,Dense,Cold,Pungent,Rejuvenative,1,1,1,1,1,0,1,1,1,0,1,0,0,1,0,0,0,1,0,0,0,-1,-2,1
997,Devadaru — Coastal,Cedrus deodara,Mixed,Warm,Bitter,All,All,Himachal Pradesh,Galactagogue,Digestion,Bleeding disorders,Vati (tablets),Sour,Cloudy,Cold,Astringent,Analgesic,1,1,1,0,1,1,1,0,0,0,1,0,0,0,1,0,0,1,0,0,0,-1,-2,0
998,Devadaru — Indian,Cedrus deodara,Sweet,Cold,Sweet,Kapha,Kapha,Sri Lanka,Diuretic,Skin diseases,Diarrhea,Churna (powder),Sweet,"Dense,Sticky",Cold,Sweet,Diaphoretic,0,0,1,0,0,0,0,0,0,0,1,0,1,1,0,1,0,0,0,0,1,-1,-2,3
999,Devadaru — Himalayan,Cedrus deodara,Salty,Cool,Sweet,Vata,Vata,West Bengal,Cardiotonic,Immunity,Pregnancy,Avaleha (jam),Salty,"Firm,Oily",Cold,Sweet,Analgesic,1,0,0,0,1,1,0,1,0,0,0,0,0,0,0,0,0,0,0,1,0,-1,0,3
1000,Devadaru — Malabar,Cedrus deodara,Sweet,Hot,Bitter,Pitta,Pitta,Tamil Nadu,Cardiotonic,Heart health,Pregnancy,Taila (oil),Sweet,Dense,Hot,Sweet,Demulcent,0,1,0,0,1,0,0,0,0,0,1,0,0,1,0,0,0,0,0,0,0,-1,-2,2
1001,Devadaru — Kashmir,Cedrus deodara,Astringent,Hot,Pungent,Vata,Kapha,West Bengal,Cardiotonic,Female reproductive health,Diarrhea,Ghrita (ghee),Astringent,"Liquid,Sticky",Hot,Pungent,Analgesic,1,0,1,0,0,0,1,0,1,0,0,0,0,0,0,1,0,0,0,0,0,0,0,-3
1002,Devadaru — Kerala,Cedrus deodara,Astringent,Cold,Pungent,Vata,Pitta,Uttar Pradesh,Adaptogenic,Liver disorders,None,Taila (oil),Astringent,"Hot,Heavy",Cold,Pungent,Carminative,1,1,0,1,1,1,0,1,0,0,0,0,0,0,0,1,0,0,1,1,1,0,-3,1
1003,Devadaru — Assam,Cedrus deodara,Mixed,Neutral,Sweet,All,Kapha,Tamil Nadu,Analgesic,Heart health,None,Kashaya (decoction),Sweet,"Cloudy,Soft,Light",Cold,Sweet,Analgesic,1,1,1,0,1,0,1,0,1,1,0,0,0,0,0,0,1,0,0,0,1,-2,-3,1
1004,Bala — Root,Sida cordifolia,Salty,Cold,Astringent,Pitta,Kapha,Assam,Rejuvenative,"Stress, Anxiety",Pitta excess,Churna (powder),Salty,"Subtle,Dry,Smooth",Cold,Astringent,Rejuvenative,0,1,1,1,0,1,1,0,1,1,1,0,0,1,0,0,0,0,1,0,1,3,-2,0
1005,Bala — Leaf,Sida cordifolia,Salty,Neutral,Sweet,Vata,Pitta,Rajasthan,Diuretic,Female reproductive health,Pitta excess,Swarasa (juice),Salty,"Hot,Heavy",Cold,Sweet,Analgesic,1,1,0,0,0,0,1,0,0,0,0,0,0,0,0,0,0,1,0,0,0,-1,-1,3
1006,Bala — Stem,Sida cordifolia,Mixed,Hot,Sour,Pitta,All,Himachal Pradesh,Anti-inflammatory,Female reproductive health,Pitta excess,Taila (oil),Bitter,"Cold,Hot,Sticky",Hot,Astringent,Rejuvenating,0,1,0,1,0,1,0,0,1,0,0,0,0,0,1,0,0,0,0,0,0,3,-1,-1
1007,Bala — Bark,Sida cordifolia,Bitter,Cold,Astringent,Pitta,Pitta,Assam,Galactagogue,"Stress, Anxiety",Diarrhea,Avaleha (jam),Bitter,Oily,Cold,Astringent,Galactagogue,0,1,0,0,1,0,1,1,0,0,0,0,1,0,0,0,1,0,0,0,0,2,-3,1
1008,Bala — Seed,Sida cordifolia,Mixed,Hot,Astringent,Vata,All,Assam,Rejuvenative,Female reproductive health,Pitta excess,Avaleha (jam),Bitter,"Dense,Heavy",Hot,Astringent,Demulcent,1,0,0,0,0,1,1,0,0,1,1,0,1,0,0,0,0,0,0,0,0,0,0,0
1009,Bala — Fruit,Sida cordifolia,Mixed,Hot,Pungent,Kapha,Vata,West Bengal,Antimicrobial,Weight management,Diarrhea,Swarasa (juice),Bitter,Light,Hot,Pungent,Diaphoretic,1,0,1,1,0,0,1,0,0,0,0,0,0,1,1,0,0,0,0,0,0,1,0,-3
1010,Bala — Flower,Sida cordifolia,Astringent,Hot,Sweet,Pitta,All,Sri Lanka,Hepatoprotective,Digestion,None,Ghrita (ghee),Astringent,Subtle,Hot,Sweet,Detoxifying,0,1,0,1,0,0,0,0,1,0,1,1,0,0,0,1,0,0,1,0,0,3,-2,-2
1011,Bala — Resin,Sida cordifolia,Salty,Warm,Astringent,Vata,Vata,Karnataka,Digestive stimulant,Heart health,Diarrhea,Vati (tablets),Salty,"Sharp,Soft,Subtle",Hot,Astringent,Rejuvenating,1,0,0,0,0,0,0,0,1,1,0,0,0,0,1,0,1,1,0,0,0,0,3,0
1012,Bala — Latex,Sida cordifolia,Mixed,Neutral,Bitter,Kapha,All,Assam,Rejuvenative,Skin diseases,Pitta excess,Vati (tablets),Salty,"Cloudy,Hot,Sharp",Hot,Astringent,Rejuvenating,0,0,1,0,0,0,0,0,1,0,0,0,0,0,0,0,0,1,0,0,1,1,3,-2
1013,Bala — Wild,Sida cordifolia,Salty,Neutral,Astringent,Kapha,Pitta,Tamil Nadu,Antimicrobial,"Stress, Anxiety",Bleeding disorders,Avaleha (jam),Salty,"Dry,Soft",Cold,Astringent,Demulcent,0,1,1,1,0,0,1,1,1,1,0,1,0,1,0,0,1,0,0,0,0,2,-2,0
1014,Bala — Rural,Sida cordifolia,Astringent,Neutral,Pungent,Vata,Vata,India,Galactagogue,Weight management,Diarrhea,Ghrita (ghee),Astringent,"Rough,Oily",Cold,Pungent,Diaphoretic,1,0,0,0,1,0,0,0,0,1,1,0,0,1,0,0,0,1,1,0,0,0,-1,1
1015,Bala — Mountain,Sida cordifolia,Bitter,Cool,Pungent,Kapha,Pitta,Kerala,Antimicrobial,Weight management,None,Taila (oil),Bitter,"Heavy,Liquid,Clear",Cold,Pungent,Detoxifying,0,1,1,1,1,0,1,0,1,0,0,1,0,1,0,0,1,0,1,0,0,2,-3,-1
1016,Bala — Coastal,Sida cordifolia,Pungent,Hot,Astringent,Pitta,Vata,Kerala,Rejuvenative,Heart health,None,Kashaya (decoction),Pungent,"Cold,Clear,Sharp",Hot,Astringent,Galactagogue,1,1,0,0,0,1,0,1,0,0,0,0,0,0,0,0,1,1,0,0,1,-1,2,-3
1017,Bala — Indian,Sida cordifolia,Mixed,Cool,Sweet,Pitta,Pitta,Uttar Pradesh,Adaptogenic,Immunity,Diarrhea,Kashaya (decoction),Sour,"Bland,Stable,Dry",Cold,Sweet,Analgesic,0,1,0,0,0,0,1,0,0,0,1,1,0,0,0,1,0,0,1,0,1,2,-2,2
1018,Bala — Himalayan,Sida cordifolia,Astringent,Cold,Bitter,Pitta,Pitta,Rajasthan,Rejuvenative,Hair care,Bleeding disorders,Avaleha (jam),Astringent,"Cold,Liquid",Cold,Astringent,Diaphoretic,0,1,0,0,0,0,1,0,0,1,1,1,0,1,0,0,0,0,0,1,0,3,-3,0
1019,Bala — Malabar,Sida cordifolia,Pungent,Cool,Pungent,Vata,Kapha,Rajasthan,Digestive stimulant,Weight management,None,Ghrita (ghee),Pungent,Stable,Cold,Pungent,Demulcent,1,0,1,0,0,1,0,0,1,1,0,0,0,1,1,0,0,0,1,1,0,-2,1,-3
1020,Bala — Kashmir,Sida cordifolia,Sweet,Neutral,Bitter,Vata,Vata,Assam,Hepatoprotective,"Stress, Anxiety",Diarrhea,Avaleha (jam),Sweet,"Bland,Cloudy",Hot,Pungent,Rejuvenating,1,0,0,1,0,0,0,1,1,0,1,1,0,0,0,0,0,0,0,0,0,-3,0,1
1021,Bala — Kerala,Sida cordifolia,Salty,Cold,Bitter,All,Kapha,Tamil Nadu,Immunomodulatory,Heart health,Pregnancy,Churna (powder),Salty,"Subtle,Dry,Soft",Cold,Astringent,Demulcent,1,1,1,1,0,0,0,0,0,0,1,0,1,0,0,1,1,1,0,0,0,1,-2,0
1022,Bala — Assam,Sida cordifolia,Sweet,Cold,Bitter,Kapha,Vata,Kerala,Adaptogenic,Heart health,Cold constitution,Avaleha (jam),Sweet,"Subtle,Stable,Smooth",Hot,Pungent,Carminative,1,0,1,0,1,0,1,1,0,0,0,1,0,0,1,0,0,1,1,0,0,-2,0,-1
1023,Atibala — Root,Abutilon indicum,Sweet,Cool,Astringent,Pitta,Vata,Nepal,Hepatoprotective,Immunity,Bleeding disorders,Kashaya (decoction),Sweet,"Clear,Sharp,Soft",Cold,Astringent,Rejuvenative,1,1,0,0,0,1,0,1,1,0,0,1,0,1,0,1,0,0,0,1,0,-3,-3,3
1024,Atibala — Leaf,Abutilon indicum,Sweet,Cool,Pungent,Vata,Kapha,India,Antimicrobial,Skin diseases,Pitta excess,Kwatha (decoction),Sweet,"Light,Cold",Cold,Pungent,Detoxifying,1,0,1,1,1,1,1,0,0,0,1,1,0,1,0,1,0,0,1,0,0,-1,-2,1
1025,Atibala — Stem,Abutilon indicum,Sweet,Hot,Pungent,All,Kapha,West Bengal,Antimicrobial,Immunity,Pitta excess,Taila (oil),Sweet,"Sticky,Dry,Dense",Hot,Pungent,Rejuvenative,1,1,1,1,0,1,1,0,0,0,1,0,1,0,0,0,0,1,1,0,0,-2,-2,1
1026,Atibala — Bark,Abutilon indicum,Sour,Warm,Bitter,Pitta,Kapha,Assam,Hepatoprotective,Heart health,Diarrhea,Kashaya (decoction),Sour,"Heavy,Sharp",Cold,Pungent,Detoxifying,0,1,1,0,1,0,0,1,1,0,0,0,1,0,1,0,1,0,0,0,0,1,-1,1
1027,Atibala — Seed,Abutilon indicum,Bitter,Cold,Pungent,Vata,Pitta,Karnataka,Anti-inflammatory,Liver disorders,Pitta excess,Vati (tablets),Bitter,"Light,Sharp",Hot,Pungent,Analgesic,1,1,0,1,1,0,0,0,1,1,0,0,0,0,1,0,0,1,0,0,0,1,-1,-2
1028,Atibala — Fruit,Abutilon indicum,Salty,Cool,Bitter,Vata,All,Kerala,Expectorant,"Stress, Anxiety",Diarrhea,Kashaya (decoction),Salty,Hot,Cold,Astringent,Aphrodisiac,1,0,0,1,1,1,1,0,0,0,1,0,0,0,0,0,0,0,1,0,0,-1,1,2
1029,Atibala — Flower,Abutilon indicum,Astringent,Cool,Sweet,Pitta,Vata,West Bengal,Immunomodulatory,Arthritis,Pitta excess,Vati (tablets),Astringent,Dry,Cold,Sweet,Diaphoretic,1,1,0,0,0,1,0,0,1,1,1,0,1,0,1,0,0,0,0,1,1,1,-3,0
1030,Atibala — Resin,Abutilon indicum,Mixed,Cold,Sour,Kapha,Pitta,Nepal,Anti-inflammatory,Heart health,Cold constitution,Vati (tablets),Salty,Hot,Hot,Astringent,Detoxifying,0,1,1,1,0,1,0,0,0,0,1,0,1,0,0,1,1,0,0,0,1,1,1,-2
1031,Atibala — Latex,Abutilon indicum,Astringent,Hot,Pungent,All,Vata,West Bengal,Anti-inflammatory,Immunity,Diarrhea,Kwatha (decoction),Astringent,Bland,Hot,Pungent,Detoxifying,1,1,1,1,0,1,0,0,0,0,1,0,0,0,0,0,0,0,1,0,1,0,-2,-3
1032,Atibala — Wild,Abutilon indicum,Astringent,Warm,Sour,Vata,Kapha,Karnataka,Anti-inflammatory,Respiratory support,None,Kashaya (decoction),Astringent,"Sticky,Soft",Cold,Pungent,Carminative,1,0,1,1,0,0,0,0,0,1,0,0,1,1,0,0,0,0,0,1,1,0,-2,-1
1033,Atibala — Rural,Abutilon indicum,Astringent,Warm,Sour,Vata,Kapha,Kerala,Galactagogue,Weight management,None,Swarasa (juice),Astringent,Sticky,Cold,Astringent,Analgesic,1,0,1,0,0,0,0,0,0,0,1,0,0,0,0,1,1,0,0,1,0,0,-2,-1
1034,Atibala — Mountain,Abutilon indicum,Salty,Neutral,Pungent,Pitta,Vata,Sri Lanka,Adaptogenic,"Stress, Anxiety",Pregnancy,Kwatha (decoction),Salty,"Dense,Soft",Hot,Pungent,Diaphoretic,1,1,0,0,0,0,1,0,0,0,0,0,1,0,0,0,0,1,0,1,1,-1,0,1
1035,Atibala — Coastal,Abutilon indicum,Sour,Neutral,Bitter,Vata,All,Rajasthan,Hepatoprotective,Arthritis,None,Kwatha (decoction),Sour,"Cloudy,Firm,Dense",Cold,Pungent,Detoxifying,1,0,0,0,0,0,1,1,1,0,0,0,0,0,0,0,0,1,0,1,0,-1,0,3
1036,Atibala — Indian,Abutilon indicum,Bitter,Cold,Pungent,All,All,Rajasthan,Galactagogue,Hair care,Bleeding disorders,Kwatha (decoction),Bitter,"Cold,Rough",Cold,Pungent,Galactagogue,1,1,1,0,0,0,1,0,0,0,0,0,0,1,0,0,0,0,0,0,0,1,-3,-2
1037,Atibala — Himalayan,Abutilon indicum,Sweet,Cool,Bitter,Kapha,Pitta,West Bengal,Galactagogue,Respiratory support,Pitta excess,Ghrita (ghee),Sweet,Oily,Cold,Astringent,Analgesic,0,1,1,0,0,1,0,1,0,0,0,1,0,0,0,0,0,0,0,0,0,-1,-3,2
1038,Atibala — Malabar,Abutilon indicum,Astringent,Cool,Bitter,All,Kapha,Nepal,Cardiotonic,Female reproductive health,Pregnancy,Avaleha (jam),Astringent,Mobile,Cold,Astringent,Aphrodisiac,1,1,1,0,1,1,0,0,1,0,0,0,0,0,0,0,1,1,0,0,0,1,-3,-2
1039,Atibala — Kashmir,Abutilon indicum,Mixed,Warm,Sour,Pitta,All,Sri Lanka,Antimicrobial,Respiratory support,Pregnancy,Swarasa (juice),Astringent,"Sharp,Firm,Stable",Hot,Pungent,Aphrodisiac,0,1,0,1,0,1,1,0,0,1,1,0,1,0,0,1,0,1,0,0,1,2,-1,-2
1040,Atibala — Kerala,Abutilon indicum,Astringent,Cold,Pungent,All,Vata,Rajasthan,Expectorant,Female reproductive health,Pregnancy,Kashaya (decoction),Astringent,"Rough,Firm,Liquid",Hot,Pungent,Rejuvenative,1,1,1,0,1,1,0,0,0,0,0,0,1,0,0,0,0,0,0,0,0,0,-1,-3
1041,Atibala — Assam,Abutilon indicum,Sweet,Cold,Pungent,Kapha,Pitta,India,Antimicrobial,Immunity,Cold constitution,Churna (powder),Sweet,Clear,Cold,Pungent,Rejuvenating,0,1,1,1,0,0,1,0,0,0,0,0,0,0,1,0,1,0,0,1,1,-1,-3,1
1042,Kantakari — Root,Solanum xanthocarpum,Sour,Hot,Sweet,Vata,All,Himachal Pradesh,Immunomodulatory,Liver disorders,Diarrhea,Taila (oil),Sour,"Hot,Cold,Smooth",Hot,Sweet,Analgesic,1,0,0,0,0,0,0,1,0,0,0,0,0,1,0,1,1,0,1,0,0,0,3,0
1043,Kantakari — Leaf,Solanum xanthocarpum,Sweet,Warm,Sour,Vata,Vata,Tamil Nadu,Rejuvenative,Hair care,None,Vati (tablets),Sweet,"Stable,Firm",Hot,Pungent,Detoxifying,1,0,0,0,1,1,0,1,0,0,1,0,0,0,0,1,0,0,1,1,0,-3,0,1
1044,Kantakari — Stem,Solanum xanthocarpum,Mixed,Cold,Bitter,Vata,Vata,Himachal Pradesh,Rejuvenative,Immunity,Pitta excess,Kashaya (decoction),Pungent,"Sharp,Liquid,Dry",Cold,Astringent,Detoxifying,1,0,0,0,1,0,0,0,0,0,0,1,1,0,0,0,0,0,0,0,0,-1,2,-1
1045,Kantakari — Bark,Solanum xanthocarpum,Mixed,Cool,Sour,Kapha,Kapha,Karnataka,Digestive stimulant,Skin diseases,Pregnancy,Taila (oil),Salty,"Heavy,Rough",Cold,Sweet,Carminative,0,0,1,0,0,0,0,0,1,0,1,0,1,1,0,1,1,0,0,0,0,1,1,1
1046,Kantakari — Seed,Solanum xanthocarpum,Mixed,Hot,Bitter,Vata,Vata,Himachal Pradesh,Immunomodulatory,Digestion,Bleeding disorders,Kashaya (decoction),Sweet,Soft,Hot,Sweet,Rejuvenating,1,0,0,1,1,1,0,0,1,0,0,0,0,0,1,0,0,0,0,0,0,-3,0,1
1047,Kantakari — Fruit,Solanum xanthocarpum,Astringent,Cool,Sour,All,Kapha,Nepal,Cardiotonic,"Stress, Anxiety",Diarrhea,Avaleha (jam),Astringent,"Soft,Sharp,Light",Cold,Sweet,Carminative,1,1,1,0,0,0,0,0,0,1,0,1,0,0,0,0,0,1,0,0,0,1,-3,-2
1048,Kantakari — Flower,Solanum xanthocarpum,Mixed,Warm,Sweet,Pitta,Pitta,Kerala,Digestive stimulant,Respiratory support,Pregnancy,Ghrita (ghee),Sour,"Subtle,Stable,Oily",Cold,Sweet,Rejuvenating,0,1,0,0,0,0,1,0,0,0,0,1,1,0,0,0,0,1,0,0,0,2,-2,3
1049,Kantakari — Resin,Solanum xanthocarpum,Mixed,Hot,Pungent,All,Pitta,Sri Lanka,Digestive stimulant,Female reproductive health,Diarrhea,Ghrita (ghee),Sweet,"Hot,Bland,Sharp",Hot,Pungent,Demulcent,1,1,1,0,0,1,0,0,0,1,0,0,0,0,0,0,1,0,0,0,0,-3,0,-1
1050,Kantakari — Latex,Solanum xanthocarpum,Bitter,Warm,Bitter,Pitta,All,Himachal Pradesh,Anti-inflammatory,Respiratory support,Bleeding disorders,Vati (tablets),Bitter,"Dry,Firm",Cold,Astringent,Carminative,0,1,0,1,0,0,0,0,1,0,1,1,0,0,1,0,0,1,0,0,0,3,-3,0
1051,Kantakari — Wild,Solanum xanthocarpum,Salty,Cool,Bitter,All,Vata,Assam,Cardiotonic,Arthritis,Bleeding disorders,Taila (oil),Salty,"Oily,Hot,Stable",Cold,Pungent,Galactagogue,1,1,1,1,0,0,0,0,0,0,0,1,0,0,1,0,0,0,0,0,0,-1,-1,1
1052,Kantakari — Rural,Solanum xanthocarpum,Sour,Cool,Sweet,Kapha,Vata,Tamil Nadu,Galactagogue,Female reproductive health,None,Kashaya (decoction),Sour,"Clear,Liquid,Mobile",Cold,Sweet,Demulcent,1,0,1,1,0,0,1,0,0,0,0,0,0,0,0,0,1,1,1,0,0,0,0,0
1053,Kantakari — Mountain,Solanum xanthocarpum,Salty,Neutral,Sour,Kapha,Vata,Assam,Antimicrobial,Liver disorders,Cold constitution,Kashaya (decoction),Salty,Heavy,Hot,Sweet,Nervine tonic,1,0,1,1,0,0,1,0,0,1,0,0,0,0,0,1,0,0,0,1,1,-1,2,-1
1054,Kantakari — Coastal,Solanum xanthocarpum,Pungent,Hot,Sour,Vata,All,Nepal,Analgesic,Heart health,Pregnancy,Taila (oil),Pungent,"Oily,Subtle,Smooth",Hot,Pungent,Carminative,1,0,0,0,1,0,0,0,0,0,0,0,0,0,0,0,0,1,0,0,0,-1,3,-2
1055,Kantakari — Indian,Solanum xanthocarpum,Salty,Cool,Bitter,Vata,All,Nepal,Galactagogue,"Stress, Anxiety",None,Avaleha (jam),Salty,"Bland,Dense,Soft",Cold,Sweet,Galactagogue,1,0,0,0,0,1,1,1,0,1,1,0,0,0,0,0,1,0,0,0,0,-1,0,3
1056,Kantakari — Himalayan,Solanum xanthocarpum,Bitter,Cold,Astringent,Pitta,All,West Bengal,Expectorant,Arthritis,Cold constitution,Ghrita (ghee),Bitter,"Sharp,Clear,Stable",Hot,Astringent,Demulcent,0,1,0,0,0,1,0,0,1,0,0,0,0,0,0,0,1,1,0,0,0,2,-1,-2
1057,Kantakari — Malabar,Solanum xanthocarpum,Sour,Warm,Sour,All,Pitta,Rajasthan,Rejuvenative,Female reproductive health,None,Swarasa (juice),Sour,"Sticky,Oily",Cold,Pungent,Analgesic,1,1,1,0,0,0,1,0,1,0,0,0,0,0,1,0,1,0,1,1,0,-1,-2,2
1058,Kantakari — Kashmir,Solanum xanthocarpum,Mixed,Cool,Pungent,Pitta,Kapha,Tamil Nadu,Galactagogue,Liver disorders,Bleeding disorders,Vati (tablets),Sweet,"Heavy,Dense,Clear",Cold,Pungent,Nervine tonic,0,1,1,1,0,0,0,0,0,1,0,0,0,0,0,0,0,0,0,1,0,-1,-3,3
1059,Kantakari — Kerala,Solanum xanthocarpum,Pungent,Cold,Sour,All,Vata,Himachal Pradesh,Expectorant,Immunity,Bleeding disorders,Ghrita (ghee),Pungent,"Rough,Bland",Cold,Pungent,Carminative,1,1,1,0,1,1,1,1,1,1,1,1,0,0,0,0,0,0,1,1,0,-2,0,-3
1060,Kantakari — Assam,Solanum xanthocarpum,Sour,Hot,Sweet,Kapha,Kapha,West Bengal,Galactagogue,Skin diseases,Bleeding disorders,Churna (powder),Sour,Hot,Hot,Sweet,Aphrodisiac,0,0,1,0,1,1,0,0,0,0,0,1,0,0,0,0,1,1,0,0,0,1,3,-2
1061,Kashmarya — Root,Gmelina arborea,Mixed,Hot,Astringent,All,Vata,Nepal,Digestive stimulant,Respiratory support,Cold constitution,Ghrita (ghee),Salty,Soft,Hot,Astringent,Galactagogue,1,1,1,0,0,0,0,0,1,0,0,0,1,0,0,0,0,1,1,0,0,-1,0,-2
1062,Kashmarya — Leaf,Gmelina arborea,Astringent,Warm,Astringent,Kapha,Vata,India,Adaptogenic,Skin diseases,Diarrhea,Kwatha (decoction),Astringent,Dry,Hot,Astringent,Rejuvenative,1,0,1,0,0,0,0,1,1,0,1,0,0,1,0,0,0,0,0,0,1,1,0,-3
1063,Kashmarya — Stem,Gmelina arborea,Salty,Hot,Bitter,All,Vata,Tamil Nadu,Cardiotonic,Weight management,Pregnancy,Churna (powder),Salty,Dry,Hot,Pungent,Nervine tonic,1,1,1,1,0,1,0,0,1,1,0,0,0,1,1,0,0,0,0,1,0,0,0,-2
1064,Kashmarya — Bark,Gmelina arborea,Sour,Hot,Pungent,Vata,Pitta,West Bengal,Hepatoprotective,Immunity,Diarrhea,Kashaya (decoction),Sour,"Subtle,Heavy",Hot,Pungent,Rejuvenative,1,1,0,0,0,0,0,0,1,0,0,0,0,0,0,0,0,0,1,0,0,0,0,1
1065,Kashmarya — Seed,Gmelina arborea,Mixed,Neutral,Bitter,Vata,Pitta,Sri Lanka,Analgesic,"Stress, Anxiety",Bleeding disorders,Kwatha (decoction),Bitter,Dense,Hot,Astringent,Analgesic,1,1,0,1,1,1,0,0,0,1,0,1,0,1,0,1,0,0,0,0,0,0,-2,-1
1066,Kashmarya — Fruit,Gmelina arborea,Mixed,Cold,Bitter,All,Vata,Uttar Pradesh,Expectorant,"Stress, Anxiety",Pitta excess,Vati (tablets),Sweet,"Dry,Cloudy,Cold",Cold,Sweet,Nervine tonic,1,1,1,1,1,0,0,0,1,1,0,0,1,0,0,0,0,0,0,1,0,-1,-3,1
1067,Kashmarya — Flower,Gmelina arborea,Bitter,Warm,Astringent,All,Kapha,Sri Lanka,Galactagogue,Arthritis,Bleeding disorders,Avaleha (jam),Bitter,"Dry,Sharp,Subtle",Hot,Astringent,Carminative,1,1,1,1,0,0,0,0,1,0,0,0,0,0,1,1,0,0,0,0,0,2,-1,-3
1068,Kashmarya — Resin,Gmelina arborea,Mixed,Cold,Pungent,All,All,Himachal Pradesh,Expectorant,Heart health,Diarrhea,Swarasa (juice),Sweet,"Clear,Smooth",Cold,Pungent,Rejuvenative,1,1,1,0,1,1,0,0,0,0,0,0,0,0,0,0,1,0,0,1,0,-3,-3,1
1069,Kashmarya — Latex,Gmelina arborea,Bitter,Cool,Pungent,Vata,Vata,Tamil Nadu,Analgesic,"Stress, Anxiety",None,Vati (tablets),Bitter,"Subtle,Dry",Cold,Pungent,Diaphoretic,1,0,0,0,1,0,0,1,0,0,0,0,0,0,0,0,0,0,0,0,1,2,-2,0
1070,Kashmarya — Wild,Gmelina arborea,Astringent,Hot,Bitter,Vata,Pitta,Nepal,Anti-inflammatory,Hair care,Diarrhea,Taila (oil),Astringent,Bland,Hot,Sweet,Analgesic,1,1,0,1,1,1,0,1,0,1,0,1,0,0,1,0,0,0,0,0,0,0,-2,-2
1071,Kashmarya — Rural,Gmelina arborea,Astringent,Cool,Sour,Kapha,Kapha,West Bengal,Anti-inflammatory,Immunity,Cold constitution,Vati (tablets),Astringent,"Soft,Stable,Sharp",Cold,Sweet,Carminative,0,0,1,1,0,1,0,1,0,1,1,0,0,0,0,0,0,0,0,1,0,2,-1,-2
1072,Kashmarya — Mountain,Gmelina arborea,Salty,Cool,Bitter,Pitta,All,West Bengal,Galactagogue,Female reproductive health,Bleeding disorders,Taila (oil),Salty,"Cold,Hot,Soft",Cold,Pungent,Diaphoretic,0,1,0,1,1,0,1,1,0,0,0,0,1,0,1,0,0,0,0,0,0,2,-1,2
1073,Kashmarya — Coastal,Gmelina arborea,Bitter,Hot,Sour,Kapha,All,Karnataka,Diuretic,Heart health,Pitta excess,Ghrita (ghee),Bitter,"Dry,Smooth,Subtle",Hot,Sweet,Nervine tonic,0,0,1,0,0,1,0,1,0,0,1,1,1,0,1,0,0,0,1,0,0,3,0,-3
1074,Kashmarya — Indian,Gmelina arborea,Bitter,Neutral,Sour,Kapha,Kapha,Sri Lanka,Hepatoprotective,Digestion,Pregnancy,Taila (oil),Bitter,"Light,Stable,Liquid",Hot,Astringent,Galactagogue,0,0,1,1,0,0,0,1,1,0,0,0,1,0,0,0,0,0,1,0,1,3,0,-3
1075,Kashmarya — Himalayan,Gmelina arborea,Pungent,Warm,Bitter,Vata,Vata,West Bengal,Adaptogenic,Hair care,Cold constitution,Swarasa (juice),Pungent,Liquid,Hot,Sweet,Carminative,1,0,0,1,0,0,0,1,0,0,1,0,0,1,1,0,0,0,0,0,0,-2,3,-3
1076,Kashmarya — Malabar,Gmelina arborea,Bitter,Hot,Sweet,All,Kapha,Nepal,Rejuvenative,Digestion,None,Swarasa (juice),Bitter,Dense,Hot,Sweet,Nervine tonic,1,1,1,0,1,0,0,0,0,0,1,0,0,0,1,0,1,0,1,0,1,0,-2,-3
1077,Kashmarya — Kashmir,Gmelina arborea,Pungent,Neutral,Sour,Pitta,Kapha,Rajasthan,Adaptogenic,Hair care,Diarrhea,Vati (tablets),Pungent,"Stable,Bland,Subtle",Hot,Astringent,Analgesic,0,1,1,0,0,0,0,0,0,0,0,0,1,0,1,0,0,1,0,1,0,1,1,-3
1078,Kashmarya — Kerala,Gmelina arborea,Salty,Cool,Sour,Pitta,Vata,West Bengal,Diuretic,Weight management,Bleeding disorders,Swarasa (juice),Salty,"Light,Sharp",Cold,Pungent,Carminative,1,1,0,1,0,1,0,0,0,0,0,1,0,0,0,0,0,1,1,0,0,0,-1,2
1079,Kashmarya — Assam,Gmelina arborea,Astringent,Hot,Pungent,All,All,Tamil Nadu,Immunomodulatory,Digestion,None,Vati (tablets),Astringent,"Heavy,Bland,Soft",Hot,Pungent,Diaphoretic,1,1,1,0,1,0,0,1,0,0,1,1,0,0,1,0,0,0,0,0,0,0,-2,-3
1080,Parushaka — Root,Terminalia arjuna,Astringent,Cold,Bitter,Vata,Kapha,Sri Lanka,Diuretic,Female reproductive health,Cold constitution,Avaleha (jam),Astringent,Subtle,Cold,Sweet,Rejuvenative,1,0,1,1,0,0,1,0,1,0,1,1,1,0,0,0,0,1,1,0,0,1,-2,-2
1081,Parushaka — Leaf,Terminalia arjuna,Mixed,Warm,Sour,All,All,Assam,Rejuvenative,Liver disorders,Diarrhea,Avaleha (jam),Bitter,"Heavy,Firm,Dense",Hot,Pungent,Galactagogue,1,1,1,1,1,0,0,0,0,0,0,0,0,0,0,0,1,1,0,1,1,0,-2,-2
1082,Parushaka — Stem,Terminalia arjuna,Mixed,Cold,Pungent,Pitta,All,Assam,Hepatoprotective,Heart health,Cold constitution,Kwatha (decoction),Sour,Firm,Hot,Pungent,Analgesic,0,1,0,0,0,0,1,0,1,1,0,1,0,0,0,1,0,0,1,0,0,1,0,0
1083,Parushaka — Bark,Terminalia arjuna,Salty,Cold,Bitter,All,Vata,Karnataka,Diuretic,"Stress, Anxiety",Pregnancy,Avaleha (jam),Salty,Cloudy,Hot,Pungent,Detoxifying,1,1,1,0,1,0,0,0,0,1,0,0,1,0,0,1,0,1,0,0,0,-1,0,-2
1084,Parushaka — Seed,Terminalia arjuna,Bitter,Hot,Astringent,Kapha,Vata,India,Hepatoprotective,Respiratory support,Pitta excess,Taila (oil),Bitter,"Clear,Smooth",Hot,Astringent,Diaphoretic,1,0,1,0,1,0,1,1,1,1,1,0,0,0,0,1,0,1,1,0,0,0,0,-3
1085,Parushaka — Fruit,Terminalia arjuna,Sweet,Warm,Astringent,All,Vata,Karnataka,Hepatoprotective,Weight management,None,Churna (powder),Sweet,"Sticky,Dense",Cold,Astringent,Nervine tonic,1,1,1,1,0,1,0,0,1,0,0,1,0,1,0,0,0,1,0,0,0,-3,-3,3
1086,Parushaka — Flower,Terminalia arjuna,Sweet,Warm,Pungent,Pitta,All,Kerala,Immunomodulatory,Heart health,Pitta excess,Kwatha (decoction),Sweet,"Mobile,Rough,Liquid",Cold,Pungent,Detoxifying,0,1,0,0,0,0,0,0,1,1,1,0,0,0,0,0,1,0,0,0,0,0,-3,3
1087,Parushaka — Resin,Terminalia arjuna,Mixed,Hot,Bitter,All,Kapha,Nepal,Expectorant,"Stress, Anxiety",None,Kashaya (decoction),Bitter,Firm,Hot,Sweet,Diaphoretic,1,1,1,0,1,1,0,1,0,0,1,0,0,0,0,0,0,1,0,0,1,0,-2,-3
1088,Parushaka — Latex,Terminalia arjuna,Mixed,Neutral,Pungent,Pitta,All,Assam,Galactagogue,Liver disorders,Bleeding disorders,Swarasa (juice),Bitter,"Mobile,Dry,Hot",Cold,Pungent,Demulcent,0,1,0,1,1,0,0,0,0,0,0,0,0,1,0,0,0,0,1,0,1,3,-3,0
1089,Parushaka — Wild,Terminalia arjuna,Bitter,Neutral,Sour,All,All,Uttar Pradesh,Antimicrobial,"Stress, Anxiety",Cold constitution,Churna (powder),Bitter,Liquid,Hot,Astringent,Nervine tonic,1,1,1,1,1,0,1,0,0,0,1,0,0,0,0,1,0,0,0,0,0,0,-2,-3
1090,Parushaka — Rural,Terminalia arjuna,Salty,Cool,Astringent,Vata,Pitta,Kerala,Cardiotonic,Hair care,Diarrhea,Taila (oil),Salty,"Bland,Stable",Cold,Astringent,Rejuvenating,1,1,0,1,1,0,0,0,0,1,1,0,0,0,0,1,0,0,1,0,0,-1,-2,2
1091,Parushaka — Mountain,Terminalia arjuna,Sour,Hot,Sour,Vata,Pitta,Nepal,Diuretic,Weight management,Pregnancy,Ghrita (ghee),Sour,"Soft,Dry",Hot,Pungent,Rejuvenating,1,1,0,0,0,1,1,1,1,0,0,0,0,0,0,0,0,0,0,1,0,0,0,0
1092,Parushaka — Coastal,Terminalia arjuna,Mixed,Cool,Sour,Vata,Vata,Sri Lanka,Diuretic,Skin diseases,Pregnancy,Taila (oil),Bitter,"Stable,Cloudy,Rough",Cold,Sweet,Nervine tonic,1,0,0,1,0,0,0,1,1,0,1,1,0,0,0,0,0,0,0,1,1,0,-1,0
1093,Parushaka — Indian,Terminalia arjuna,Mixed,Cold,Pungent,All,Vata,India,Cardiotonic,"Stress, Anxiety",None,Churna (powder),Sour,"Bland,Soft",Hot,Pungent,Nervine tonic,1,1,1,0,0,0,0,0,1,0,0,1,0,0,0,1,0,1,0,0,0,-1,0,-2
1094,Parushaka — Himalayan,Terminalia arjuna,Astringent,Hot,Astringent,All,Pitta,Himachal Pradesh,Anti-inflammatory,Heart health,Pitta excess,Avaleha (jam),Astringent,"Mobile,Light",Hot,Astringent,Detoxifying,1,1,1,1,0,0,0,0,0,1,1,0,0,0,1,1,0,0,0,0,1,2,-2,-3
1095,Parushaka — Malabar,Terminalia arjuna,Sweet,Hot,Sweet,Vata,Pitta,Rajasthan,Hepatoprotective,Skin diseases,Pitta excess,Kwatha (decoction),Sweet,"Sharp,Smooth",Hot,Sweet,Carminative,1,1,0,0,0,0,1,1,1,0,0,0,1,1,0,0,1,0,0,0,0,-3,-1,1
1096,Parushaka — Kashmir,Terminalia arjuna,Pungent,Warm,Bitter,Pitta,Vata,Nepal,Analgesic,Skin diseases,Pregnancy,Churna (powder),Pungent,"Dense,Light",Hot,Sweet,Carminative,1,1,0,0,1,1,1,0,1,0,1,1,0,0,1,1,1,0,0,0,0,-1,1,-2
1097,Parushaka — Kerala,Terminalia arjuna,Sweet,Cool,Sweet,Kapha,Pitta,Himachal Pradesh,Analgesic,Immunity,None,Kwatha (decoction),Sweet,Rough,Cold,Sweet,Galactagogue,0,1,1,0,1,1,1,0,1,1,0,0,0,0,0,0,0,0,1,0,0,-1,-3,1
1098,Parushaka — Assam,Terminalia arjuna,Bitter,Cold,Pungent,Pitta,All,India,Diuretic,Female reproductive health,Pregnancy,Taila (oil),Bitter,"Mobile,Sharp",Hot,Pungent,Demulcent,0,1,0,0,1,0,0,0,0,0,0,0,0,0,1,0,1,1,0,1,0,3,-1,-2
1099,Udumbara — Root,Ficus racemosa,Bitter,Warm,Bitter,All,Vata,Assam,Anti-inflammatory,Female reproductive health,Diarrhea,Ghrita (ghee),Bitter,"Stable,Smooth",Hot,Sweet,Demulcent,1,1,1,1,1,1,1,1,0,1,1,0,0,0,0,0,0,1,0,1,0,0,-2,-3
1100,Udumbara — Leaf,Ficus racemosa,Bitter,Warm,Sour,Vata,Pitta,India,Galactagogue,Skin diseases,Pitta excess,Avaleha (jam),Bitter,"Dense,Bland",Hot,Pungent,Nervine tonic,1,1,0,0,0,0,0,1,0,1,0,0,0,0,0,1,0,0,0,0,0,0,-2,-1
1101,Udumbara — Stem,Ficus racemosa,Astringent,Hot,Sour,Pitta,Pitta,West Bengal,Diuretic,Skin diseases,Bleeding disorders,Avaleha (jam),Astringent,"Firm,Oily,Dense",Hot,Sweet,Rejuvenative,0,1,0,0,0,0,0,1,0,0,0,0,0,0,0,1,0,0,0,0,0,2,-2,0
1102,Udumbara — Bark,Ficus racemosa,Sour,Cool,Sweet,Vata,All,Nepal,Adaptogenic,Hair care,Bleeding disorders,Churna (powder),Sour,Rough,Cold,Sweet,Carminative,1,0,0,0,1,1,0,0,0,1,0,0,0,0,0,1,0,0,0,0,1,-1,1,2
1103,Udumbara — Seed,Ficus racemosa,Bitter,Cool,Astringent,Kapha,All,West Bengal,Galactagogue,Arthritis,Cold constitution,Taila (oil),Bitter,"Cold,Firm,Sticky",Cold,Astringent,Galactagogue,0,0,1,0,0,1,1,0,1,0,0,0,0,0,1,0,0,0,0,0,0,3,-2,-1
1104,Udumbara — Fruit,Ficus racemosa,Bitter,Cold,Sour,Vata,Kapha,Tamil Nadu,Antimicrobial,Respiratory support,Bleeding disorders,Taila (oil),Bitter,"Liquid,Rough",Cold,Astringent,Rejuvenating,1,0,1,1,0,1,1,0,0,0,0,0,0,0,0,1,0,0,0,0,1,0,-1,-2
1105,Udumbara — Flower,Ficus racemosa,Astringent,Cold,Sour,Kapha,Kapha,Sri Lanka,Adaptogenic,Liver disorders,Pitta excess,Ghrita (ghee),Astringent,"Cold,Stable",Cold,Pungent,Demulcent,0,0,1,0,0,0,1,1,0,0,0,0,0,1,0,1,1,0,0,1,0,3,-2,-2
1106,Udumbara — Resin,Ficus racemosa,Salty,Warm,Astringent,Pitta,All,Nepal,Analgesic,Digestion,Diarrhea,Vati (tablets),Salty,"Dry,Stable,Mobile",Cold,Astringent,Carminative,0,1,0,0,1,1,0,1,1,0,0,0,0,0,0,0,0,0,0,0,1,3,-2,2
1107,Udumbara — Latex,Ficus racemosa,Salty,Hot,Sour,All,Vata,Kerala,Galactagogue,Skin diseases,None,Kashaya (decoction),Salty,"Soft,Bland,Stable",Hot,Pungent,Aphrodisiac,1,1,1,0,1,0,0,0,0,0,0,0,0,0,0,1,0,0,0,0,0,-1,0,-2
1108,Udumbara — Wild,Ficus racemosa,Mixed,Cool,Sour,Vata,Vata,India,Anti-inflammatory,Hair care,None,Kwatha (decoction),Astringent,Dense,Cold,Pungent,Diaphoretic,1,0,0,1,0,0,0,0,0,0,1,0,0,0,0,0,0,0,0,1,0,0,-2,1
1109,Udumbara — Rural,Ficus racemosa,Sweet,Cool,Sour,Kapha,All,Karnataka,Rejuvenative,Digestion,Pregnancy,Kashaya (decoction),Sweet,Light,Cold,Astringent,Rejuvenative,0,0,1,1,0,1,0,0,1,1,1,0,0,1,0,1,1,1,0,0,0,0,-2,1
1110,Udumbara — Mountain,Ficus racemosa,Sweet,Cold,Bitter,Vata,Pitta,Kerala,Adaptogenic,Hair care,Diarrhea,Swarasa (juice),Sweet,"Hot,Liquid",Hot,Astringent,Detoxifying,1,1,0,0,0,0,0,0,0,1,1,0,0,0,0,0,1,0,1,1,0,-3,-1,1
1111,Udumbara — Coastal,Ficus racemosa,Pungent,Hot,Sour,Kapha,Pitta,Uttar Pradesh,Expectorant,"Stress, Anxiety",Pregnancy,Taila (oil),Pungent,Sticky,Hot,Astringent,Galactagogue,0,1,1,1,1,1,1,0,0,0,0,0,0,1,1,0,0,0,0,1,0,0,1,-3
1112,Udumbara — Indian,Ficus racemosa,Astringent,Neutral,Pungent,Vata,Pitta,Sri Lanka,Antimicrobial,Respiratory support,Pitta excess,Kashaya (decoction),Astringent,"Bland,Sharp",Cold,Pungent,Carminative,1,1,0,1,1,0,1,0,1,0,1,1,0,0,1,0,1,0,0,0,0,0,-3,0
1113,Udumbara — Himalayan,Ficus racemosa,Pungent,Neutral,Pungent,Pitta,Vata,Nepal,Hepatoprotective,Respiratory support,Bleeding disorders,Taila (oil),Pungent,"Cloudy,Oily,Soft",Cold,Pungent,Demulcent,1,1,0,1,1,1,0,0,1,1,0,0,0,1,1,1,0,0,0,0,0,-2,-1,0
1114,Udumbara — Malabar,Ficus racemosa,Sour,Cold,Sour,Kapha,Pitta,Sri Lanka,Anti-inflammatory,Hair care,Cold constitution,Taila (oil),Sour,"Stable,Light",Cold,Sweet,Rejuvenative,0,1,1,1,0,1,1,0,1,1,0,0,0,0,0,1,0,1,1,1,0,2,-2,0
1115,Udumbara — Kashmir,Ficus racemosa,Salty,Neutral,Bitter,Vata,All,Sri Lanka,Galactagogue,Hair care,Pregnancy,Swarasa (juice),Salty,"Stable,Cloudy",Hot,Astringent,Carminative,1,0,0,1,1,1,0,0,1,0,1,0,0,0,0,0,0,1,0,1,0,-1,2,0
1116,Udumbara — Kerala,Ficus racemosa,Astringent,Cool,Astringent,Vata,All,Assam,Analgesic,Heart health,Pregnancy,Ghrita (ghee),Astringent,Heavy,Cold,Astringent,Rejuvenating,1,0,0,1,1,0,0,1,1,0,0,0,0,1,0,1,0,0,0,0,0,0,-2,1
1117,Udumbara — Assam,Ficus racemosa,Bitter,Warm,Bitter,All,Kapha,Kerala,Antimicrobial,Arthritis,Pitta excess,Kwatha (decoction),Bitter,"Heavy,Sharp",Hot,Astringent,Nervine tonic,1,1,1,1,0,1,1,0,1,0,0,0,0,0,0,1,1,1,0,0,1,0,-1,-3
1118,Plaksha — Root,Ficus infectoria,Sour,Hot,Pungent,All,Vata,Uttar Pradesh,Digestive stimulant,Skin diseases,Pitta excess,Taila (oil),Sour,"Liquid,Cloudy,Sharp",Hot,Pungent,Demulcent,1,1,1,0,1,1,0,1,1,0,0,1,0,0,0,0,1,0,1,0,0,-1,1,-2
1119,Plaksha — Leaf,Ficus infectoria,Bitter,Hot,Sweet,All,All,Kerala,Cardiotonic,Hair care,Pitta excess,Taila (oil),Bitter,"Smooth,Mobile",Hot,Sweet,Aphrodisiac,1,1,1,0,1,1,0,0,0,0,0,0,0,0,0,0,0,1,1,1,0,1,-2,-3
1120,Plaksha — Stem,Ficus infectoria,Pungent,Hot,Bitter,Pitta,Kapha,Kerala,Analgesic,Heart health,Bleeding disorders,Kwatha (decoction),Pungent,"Smooth,Clear",Hot,Astringent,Detoxifying,0,1,1,1,1,0,0,0,0,1,0,1,0,0,1,0,1,0,0,1,0,0,1,-3
1121,Plaksha — Bark,Ficus infectoria,Mixed,Neutral,Sour,All,Vata,Sri Lanka,Expectorant,Weight management,Pregnancy,Kwatha (decoction),Sour,"Dry,Oily,Subtle",Hot,Sweet,Detoxifying,1,1,1,0,0,1,0,0,0,0,0,0,0,1,0,0,0,0,0,0,0,1,0,-1
1122,Plaksha — Seed,Ficus infectoria,Bitter,Hot,Bitter,Kapha,Vata,Karnataka,Anti-inflammatory,Liver disorders,Pregnancy,Taila (oil),Bitter,Light,Hot,Pungent,Aphrodisiac,1,0,1,1,1,0,1,0,0,0,0,1,0,0,1,0,0,0,0,1,1,1,0,-3
1123,Plaksha — Fruit,Ficus infectoria,Sour,Cool,Sweet,Vata,Vata,India,Anti-inflammatory,Immunity,None,Avaleha (jam),Sour,Dense,Cold,Sweet,Aphrodisiac,1,0,0,1,0,0,0,0,1,0,0,0,0,0,0,0,1,1,0,0,0,-1,0,3
1124,Plaksha — Flower,Ficus infectoria,Bitter,Neutral,Bitter,Pitta,Vata,Assam,Antimicrobial,Liver disorders,None,Kwatha (decoction),Bitter,"Cloudy,Rough",Hot,Astringent,Carminative,1,1,0,1,0,0,1,0,0,1,0,1,0,0,1,1,0,1,0,0,0,0,-1,-2
1125,Plaksha — Resin,Ficus infectoria,Sweet,Hot,Bitter,Kapha,Pitta,Tamil Nadu,Immunomodulatory,Digestion,Cold constitution,Kwatha (decoction),Sweet,Bland,Hot,Pungent,Demulcent,0,1,1,0,0,1,0,0,1,0,0,1,0,1,0,0,0,0,1,0,1,-1,-2,-1
1126,Plaksha — Latex,Ficus infectoria,Sour,Cold,Sour,Pitta,Kapha,West Bengal,Antimicrobial,Liver disorders,Diarrhea,Kashaya (decoction),Sour,"Dense,Dry,Liquid",Hot,Astringent,Analgesic,0,1,1,1,1,0,1,0,1,1,0,0,0,0,0,0,0,1,1,1,0,2,0,-1
1127,Plaksha — Wild,Ficus infectoria,Pungent,Cold,Pungent,Vata,Vata,Karnataka,Adaptogenic,Weight management,None,Swarasa (juice),Pungent,"Soft,Stable",Hot,Pungent,Aphrodisiac,1,0,0,1,0,0,1,1,1,0,0,0,0,0,0,0,0,0,1,0,0,-2,3,-3
1128,Plaksha — Rural,Ficus infectoria,Sweet,Neutral,Sour,Pitta,Pitta,Assam,Adaptogenic,Weight management,Pitta excess,Taila (oil),Sweet,"Liquid,Dry",Cold,Astringent,Galactagogue,0,1,0,0,1,1,1,0,0,1,1,1,1,0,0,1,0,0,0,0,1,0,-3,3
1129,Plaksha — Mountain,Ficus infectoria,Sweet,Hot,Sour,Pitta,Vata,Uttar Pradesh,Diuretic,Heart health,Pregnancy,Avaleha (jam),Sweet,Clear,Hot,Pungent,Analgesic,1,1,0,1,1,0,0,0,0,1,0,1,0,1,0,0,0,0,0,1,1,-3,-2,1
1130,Plaksha — Coastal,Ficus infectoria,Sweet,Cold,Pungent,Pitta,Vata,West Bengal,Digestive stimulant,Hair care,None,Kashaya (decoction),Sweet,Dry,Cold,Pungent,Nervine tonic,1,1,0,0,0,1,1,0,0,1,1,1,0,1,0,0,0,0,0,1,1,-2,-3,3
1131,Plaksha — Indian,Ficus infectoria,Sour,Warm,Sour,Kapha,Kapha,Himachal Pradesh,Analgesic,Skin diseases,Pregnancy,Kashaya (decoction),Sour,"Light,Liquid",Cold,Pungent,Carminative,0,0,1,0,1,0,0,1,0,0,0,0,0,1,0,0,0,0,0,0,0,2,0,0
1132,Plaksha — Himalayan,Ficus infectoria,Mixed,Hot,Bitter,Pitta,Vata,Sri Lanka,Digestive stimulant,Arthritis,None,Ghrita (ghee),Salty,Subtle,Hot,Pungent,Rejuvenating,1,1,0,0,0,0,0,0,1,0,1,0,1,1,0,0,0,0,1,0,0,0,0,0
1133,Plaksha — Malabar,Ficus infectoria,Pungent,Cool,Astringent,All,Pitta,Himachal Pradesh,Hepatoprotective,Digestion,Pitta excess,Churna (powder),Pungent,Smooth,Cold,Astringent,Rejuvenative,1,1,1,1,1,1,0,0,1,0,0,0,0,1,0,1,1,0,0,1,0,-2,-1,-3
1134,Plaksha — Kashmir,Ficus infectoria,Bitter,Warm,Sweet,Vata,Pitta,Rajasthan,Expectorant,Arthritis,Diarrhea,Swarasa (juice),Bitter,"Stable,Heavy",Cold,Sweet,Aphrodisiac,1,1,0,0,0,0,0,0,0,1,0,0,0,1,0,0,1,0,1,0,1,0,-3,1
1135,Plaksha — Kerala,Ficus infectoria,Bitter,Hot,Pungent,Pitta,Kapha,Karnataka,Digestive stimulant,Immunity,Diarrhea,Vati (tablets),Bitter,"Cold,Liquid,Sharp",Hot,Pungent,Carminative,0,1,1,0,1,0,0,0,0,1,0,0,0,0,0,0,0,0,0,1,0,3,-1,-3
1136,Plaksha — Assam,Ficus infectoria,Sweet,Neutral,Pungent,Pitta,Pitta,Kerala,Hepatoprotective,Immunity,Pregnancy,Churna (powder),Sweet,"Dense,Subtle,Liquid",Hot,Pungent,Nervine tonic,0,1,0,0,1,0,0,0,1,0,1,0,1,0,0,0,0,0,1,0,0,0,-2,2
1137,Khadira — Root,Acacia catechu,Mixed,Cold,Bitter,Vata,Kapha,Uttar Pradesh,Adaptogenic,Liver disorders,Bleeding disorders,Swarasa (juice),Sour,"Hot,Cold,Clear",Cold,Astringent,Diaphoretic,1,0,1,0,0,0,0,1,0,1,0,0,0,0,0,0,1,0,0,0,0,0,1,0
1138,Khadira — Leaf,Acacia catechu,Mixed,Warm,Pungent,All,Vata,Tamil Nadu,Hepatoprotective,Skin diseases,Bleeding disorders,Ghrita (ghee),Salty,"Soft,Liquid",Cold,Pungent,Diaphoretic,1,1,1,1,0,1,0,1,1,1,1,0,1,1,0,0,0,1,0,0,0,-1,-2,0
1139,Khadira — Stem,Acacia catechu,Sour,Cool,Astringent,Kapha,All,Sri Lanka,Digestive stimulant,Digestion,Cold constitution,Ghrita (ghee),Sour,"Stable,Sticky",Cold,Astringent,Galactagogue,0,0,1,1,0,0,0,0,0,0,0,0,0,0,0,0,0,0,0,0,1,1,0,1
1140,Khadira — Bark,Acacia catechu,Mixed,Neutral,Astringent,Pitta,Kapha,Uttar Pradesh,Anti-inflammatory,Hair care,Pitta excess,Vati (tablets),Salty,"Dense,Dry",Cold,Astringent,Demulcent,0,1,1,1,1,0,0,0,0,0,0,0,0,0,1,0,0,0,1,1,0,2,-2,1
1141,Khadira — Seed,Acacia catechu,Mixed,Neutral,Sour,All,Pitta,Tamil Nadu,Expectorant,Hair care,Cold constitution,Kwatha (decoction),Salty,"Smooth,Mobile,Stable",Hot,Astringent,Analgesic,1,1,1,0,0,0,0,0,1,1,0,0,0,0,0,0,0,1,1,0,0,0,0,-2
1142,Khadira — Fruit,Acacia catechu,Pungent,Neutral,Bitter,Kapha,All,India,Expectorant,Skin diseases,Pitta excess,Swarasa (juice),Pungent,"Smooth,Sharp",Hot,Pungent,Galactagogue,0,0,1,1,0,0,0,0,0,1,1,0,0,0,1,0,0,0,0,1,0,0,3,-3
1143,Khadira — Flower,Acacia catechu,Sour,Cool,Bitter,All,Kapha,Nepal,Antimicrobial,Hair care,Cold constitution,Churna (powder),Sour,Dry,Cold,Astringent,Carminative,1,1,1,1,0,1,1,0,1,0,0,1,0,0,0,0,0,0,0,0,0,0,-2,0
1144,Khadira — Resin,Acacia catechu,Pungent,Cold,Pungent,All,Pitta,Himachal Pradesh,Digestive stimulant,Immunity,None,Avaleha (jam),Pungent,"Smooth,Rough,Liquid",Cold,Pungent,Rejuvenative,1,1,1,0,0,1,0,1,1,1,0,1,1,0,0,0,1,0,0,0,0,-2,0,-3
1145,Khadira — Latex,Acacia catechu,Sour,Cold,Astringent,Kapha,Vata,Karnataka,Immunomodulatory,Immunity,None,Swarasa (juice),Sour,"Sticky,Dense,Rough",Cold,Astringent,Rejuvenating,1,0,1,0,0,0,0,0,1,0,1,0,0,0,1,1,1,0,0,0,0,-1,1,2
1146,Khadira — Wild,Acacia catechu,Pungent,Neutral,Sweet,All,Kapha,Himachal Pradesh,Expectorant,Liver disorders,None,Avaleha (jam),Pungent,"Stable,Rough",Cold,Sweet,Detoxifying,1,1,1,0,1,0,1,0,0,1,1,0,0,0,0,0,0,0,0,1,0,-2,0,-3
1147,Khadira — Rural,Acacia catechu,Sweet,Cool,Astringent,Kapha,All,Kerala,Hepatoprotective,Liver disorders,Bleeding disorders,Taila (oil),Sweet,"Rough,Clear",Cold,Astringent,Aphrodisiac,0,0,1,0,0,1,1,0,1,0,0,1,0,0,0,0,0,0,1,0,0,-1,-1,1
1148,Khadira — Mountain,Acacia catechu,Salty,Hot,Astringent,Vata,Kapha,India,Diuretic,Heart health,Diarrhea,Kwatha (decoction),Salty,Subtle,Hot,Astringent,Diaphoretic,1,0,1,0,0,0,1,0,0,0,0,0,0,1,1,0,0,1,1,0,0,0,2,-2
1149,Khadira — Coastal,Acacia catechu,Mixed,Warm,Pungent,Vata,Vata,Tamil Nadu,Analgesic,Digestion,Cold constitution,Ghrita (ghee),Sour,"Light,Heavy",Cold,Pungent,Rejuvenating,1,0,0,1,1,0,0,0,1,0,0,0,1,0,1,1,0,0,0,1,0,0,0,3
1150,Khadira — Indian,Acacia catechu,Sweet,Cold,Astringent,Kapha,Kapha,Sri Lanka,Adaptogenic,Arthritis,Diarrhea,Vati (tablets),Sweet,"Clear,Bland",Hot,Astringent,Rejuvenating,0,0,1,0,0,0,0,1,1,0,0,0,0,0,0,1,0,0,0,0,0,-1,0,-1
1151,Khadira — Himalayan,Acacia catechu,Mixed,Neutral,Astringent,Vata,Kapha,Rajasthan,Analgesic,Female reproductive health,None,Churna (powder),Salty,"Sharp,Soft",Hot,Astringent,Demulcent,1,0,1,0,1,0,1,0,0,0,0,0,0,0,1,0,0,1,0,1,1,-1,3,-2
1152,Khadira — Malabar,Acacia catechu,Astringent,Neutral,Pungent,All,Pitta,Uttar Pradesh,Rejuvenative,Arthritis,None,Ghrita (ghee),Astringent,"Cloudy,Soft,Heavy",Hot,Pungent,Galactagogue,1,1,1,0,0,1,1,0,0,0,0,1,0,0,1,0,0,0,1,1,0,0,-2,-3
1153,Khadira — Kashmir,Acacia catechu,Sour,Neutral,Sour,All,All,West Bengal,Immunomodulatory,"Stress, Anxiety",Bleeding disorders,Avaleha (jam),Sour,"Rough,Sharp",Cold,Astringent,Detoxifying,1,1,1,0,0,0,0,0,0,1,1,0,1,1,0,0,0,0,1,0,1,-1,0,0
1154,Khadira — Kerala,Acacia catechu,Mixed,Cool,Pungent,All,All,India,Anti-inflammatory,"Stress, Anxiety",Bleeding disorders,Vati (tablets),Salty,Subtle,Cold,Pungent,Rejuvenative,1,1,1,1,1,0,0,1,0,1,0,0,0,1,1,0,0,0,0,0,0,0,-2,0
1155,Khadira — Assam,Acacia catechu,Sweet,Hot,Bitter,Kapha,Kapha,Uttar Pradesh,Antimicrobial,Female reproductive health,Diarrhea,Avaleha (jam),Sweet,Sticky,Hot,Pungent,Rejuvenating,0,0,1,1,1,0,1,1,0,0,0,1,0,0,0,0,0,0,0,0,0,-1,0,0
1156,Arka — Root,Calotropis procera,Mixed,Neutral,Astringent,Kapha,Vata,Nepal,Anti-inflammatory,Skin diseases,Bleeding disorders,Swarasa (juice),Astringent,Sticky,Hot,Astringent,Rejuvenating,1,0,1,1,0,0,1,1,0,0,0,1,0,0,0,0,1,0,1,0,1,0,0,-3
1157,Arka — Leaf,Calotropis procera,Sour,Neutral,Sour,All,All,Uttar Pradesh,Antimicrobial,Respiratory support,Cold constitution,Avaleha (jam),Sour,Cold,Hot,Sweet,Rejuvenative,1,1,1,1,0,1,1,0,0,1,1,0,0,0,0,0,0,0,1,0,0,0,0,-2
1158,Arka — Stem,Calotropis procera,Pungent,Cool,Sweet,Kapha,All,Sri Lanka,Adaptogenic,Respiratory support,Bleeding disorders,Kwatha (decoction),Pungent,Cold,Cold,Sweet,Rejuvenating,0,0,1,1,1,0,0,1,1,1,1,0,0,1,0,0,0,0,0,0,1,1,1,-3
1159,Arka — Bark,Calotropis procera,Salty,Neutral,Pungent,Vata,All,Kerala,Hepatoprotective,Arthritis,Pregnancy,Avaleha (jam),Salty,Liquid,Hot,Pungent,Rejuvenating,1,0,0,0,1,0,0,0,1,0,0,0,0,0,0,0,0,1,1,0,0,-1,2,0
1160,Arka — Seed,Calotropis procera,Sweet,Cold,Pungent,Kapha,Vata,Assam,Anti-inflammatory,"Stress, Anxiety",Cold constitution,Churna (powder),Sweet,"Smooth,Subtle,Dense",Hot,Pungent,Diaphoretic,1,0,1,1,0,1,1,1,1,0,1,0,0,0,1,0,0,0,0,0,0,-2,0,0
1161,Arka — Fruit,Calotropis procera,Pungent,Warm,Bitter,All,Pitta,Tamil Nadu,Hepatoprotective,Heart health,None,Kashaya (decoction),Pungent,"Cold,Rough",Cold,Pungent,Galactagogue,1,1,1,1,0,1,1,0,1,0,0,0,0,1,0,0,1,1,0,0,1,-1,0,-3
1162,Arka — Flower,Calotropis procera,Salty,Hot,Bitter,Pitta,Pitta,Uttar Pradesh,Adaptogenic,Female reproductive health,Diarrhea,Kashaya (decoction),Salty,"Smooth,Subtle,Clear",Hot,Pungent,Rejuvenative,0,1,0,0,1,0,0,0,0,0,0,0,1,1,0,0,0,0,1,0,1,2,0,0
1163,Arka — Resin,Calotropis procera,Pungent,Neutral,Sour,Kapha,Pitta,India,Rejuvenative,Hair care,None,Taila (oil),Pungent,"Heavy,Bland,Firm",Cold,Sweet,Diaphoretic,0,1,1,0,0,0,1,0,0,1,1,0,1,0,1,0,1,1,0,0,0,0,-1,-2
1164,Arka — Latex,Calotropis procera,Pungent,Hot,Pungent,All,Vata,Himachal Pradesh,Cardiotonic,Arthritis,Cold constitution,Swarasa (juice),Pungent,Dense,Hot,Pungent,Rejuvenative,1,1,1,1,0,0,0,0,0,0,0,0,0,1,0,1,0,0,0,1,1,-2,1,-3
1165,Arka — Wild,Calotropis procera,Sour,Cool,Bitter,All,Vata,Tamil Nadu,Adaptogenic,Hair care,None,Swarasa (juice),Sour,"Oily,Rough,Sharp",Cold,Sweet,Demulcent,1,1,1,0,0,0,0,1,0,1,1,0,1,0,0,0,0,0,0,0,0,-1,0,1
1166,Arka — Rural,Calotropis procera,Salty,Warm,Bitter,Pitta,All,Uttar Pradesh,Hepatoprotective,Weight management,Diarrhea,Avaleha (jam),Salty,Oily,Cold,Pungent,Aphrodisiac,0,1,0,0,0,1,1,0,1,1,1,0,0,1,1,0,0,0,1,0,0,1,-2,3
1167,Arka — Mountain,Calotropis procera,Astringent,Cool,Pungent,Vata,All,Kerala,Digestive stimulant,Skin diseases,Pitta excess,Taila (oil),Astringent,"Cloudy,Dense",Cold,Pungent,Galactagogue,1,0,0,0,0,0,1,1,1,1,0,0,0,0,0,0,0,0,1,1,0,0,-2,1
1168,Arka — Coastal,Calotropis procera,Salty,Hot,Pungent,All,All,India,Immunomodulatory,"Stress, Anxiety",Pregnancy,Kwatha (decoction),Salty,"Dense,Liquid,Bland",Hot,Pungent,Diaphoretic,1,1,1,1,0,1,1,0,0,0,0,0,1,0,0,0,0,1,0,0,0,-1,0,-1
1169,Arka — Indian,Calotropis procera,Sour,Warm,Bitter,All,Pitta,Rajasthan,Digestive stimulant,Heart health,Pregnancy,Kashaya (decoction),Sour,"Stable,Dry",Hot,Astringent,Diaphoretic,1,1,1,1,0,0,0,1,0,1,0,0,0,0,0,0,0,1,0,0,0,0,0,-2
1170,Arka — Himalayan,Calotropis procera,Bitter,Hot,Bitter,All,Kapha,Himachal Pradesh,Digestive stimulant,Female reproductive health,Pregnancy,Churna (powder),Bitter,"Oily,Sharp",Hot,Sweet,Rejuvenating,1,1,1,0,0,1,0,1,0,0,0,1,0,0,0,0,0,1,1,1,0,0,-1,-3
1171,Arka — Malabar,Calotropis procera,Sweet,Hot,Pungent,Kapha,All,Assam,Expectorant,Respiratory support,Pregnancy,Ghrita (ghee),Sweet,"Dense,Mobile",Hot,Pungent,Galactagogue,0,0,1,0,0,1,1,1,0,0,0,0,0,0,1,0,0,1,0,0,0,0,0,0
1172,Arka — Kashmir,Calotropis procera,Salty,Cool,Pungent,All,Kapha,Karnataka,Hepatoprotective,Digestion,Cold constitution,Kwatha (decoction),Salty,"Soft,Dense,Clear",Cold,Pungent,Rejuvenating,1,1,1,0,1,0,0,1,1,1,0,0,0,0,0,0,0,1,0,0,0,-1,-2,1
1173,Arka — Kerala,Calotropis procera,Pungent,Warm,Sweet,All,Pitta,Tamil Nadu,Galactagogue,Digestion,Diarrhea,Taila (oil),Pungent,"Dense,Subtle,Liquid",Hot,Sweet,Diaphoretic,1,1,1,0,0,0,1,0,0,0,0,0,0,1,0,0,0,0,0,0,0,-1,1,-3
1174,Arka — Assam,Calotropis procera,Pungent,Cool,Astringent,Pitta,Pitta,Kerala,Galactagogue,Heart health,Bleeding disorders,Kashaya (decoction),Pungent,Hot,Cold,Astringent,Rejuvenative,0,1,0,0,1,1,1,1,1,0,0,1,0,0,0,0,0,0,0,0,0,0,0,-1
1175,Apamarga — Root,Achyranthes aspera,Salty,Hot,Sour,Vata,All,Rajasthan,Expectorant,Digestion,Cold constitution,Churna (powder),Salty,"Clear,Cold,Mobile",Hot,Astringent,Carminative,1,0,0,0,1,0,1,0,1,0,0,0,0,0,1,0,0,1,0,0,1,1,2,0
1176,Apamarga — Leaf,Achyranthes aspera,Bitter,Cool,Pungent,Pitta,Kapha,Uttar Pradesh,Digestive stimulant,Respiratory support,Pregnancy,Avaleha (jam),Bitter,Heavy,Cold,Pungent,Rejuvenating,0,1,1,0,1,0,1,0,0,1,1,1,0,0,0,0,0,0,0,0,0,2,-3,-1
1177,Apamarga — Stem,Achyranthes aspera,Bitter,Hot,Astringent,Pitta,Vata,Uttar Pradesh,Immunomodulatory,Hair care,Bleeding disorders,Vati (tablets),Bitter,"Mobile,Subtle",Hot,Astringent,Demulcent,1,1,0,1,0,0,0,1,0,0,0,0,0,1,0,1,0,0,0,0,0,2,-2,-2
1178,Apamarga — Bark,Achyranthes aspera,Bitter,Cool,Sour,Vata,Kapha,West Bengal,Diuretic,Hair care,Bleeding disorders,Ghrita (ghee),Bitter,"Firm,Sticky,Subtle",Cold,Astringent,Nervine tonic,1,0,1,1,1,1,1,0,0,1,1,1,0,0,0,0,1,0,1,0,1,1,-2,-1
1179,Apamarga — Seed,Achyranthes aspera,Sour,Cool,Bitter,Vata,Pitta,Uttar Pradesh,Immunomodulatory,"Stress, Anxiety",Pitta excess,Vati (tablets),Sour,Smooth,Cold,Pungent,Aphrodisiac,1,1,0,1,0,0,1,0,0,0,0,1,0,1,0,0,0,0,0,0,0,-1,-2,2
1180,Apamarga — Fruit,Achyranthes aspera,Bitter,Cool,Astringent,Vata,All,Uttar Pradesh,Expectorant,Arthritis,Pregnancy,Taila (oil),Bitter,Rough,Cold,Astringent,Rejuvenating,1,0,0,0,0,0,1,0,0,0,1,0,0,1,0,0,1,0,0,0,0,0,-1,0
1181,Apamarga — Flower,Achyranthes aspera,Salty,Neutral,Astringent,Vata,Vata,Uttar Pradesh,Antimicrobial,Immunity,Cold constitution,Kashaya (decoction),Salty,Clear,Hot,Astringent,Carminative,1,0,0,1,0,0,1,0,0,1,1,0,0,0,0,0,1,0,0,0,0,-1,2,0
1182,Apamarga — Resin,Achyranthes aspera,Bitter,Neutral,Sour,Pitta,Kapha,Tamil Nadu,Cardiotonic,"Stress, Anxiety",Diarrhea,Avaleha (jam),Bitter,"Sticky,Liquid",Cold,Astringent,Demulcent,0,1,1,1,0,0,0,1,0,0,1,0,0,1,0,1,1,1,0,0,0,2,-3,-1
1183,Apamarga — Latex,Achyranthes aspera,Salty,Cold,Astringent,Pitta,Kapha,Sri Lanka,Expectorant,Respiratory support,Pitta excess,Churna (powder),Salty,"Cloudy,Stable",Hot,Astringent,Diaphoretic,0,1,1,0,1,0,0,0,1,0,0,1,0,1,1,0,0,0,0,0,0,1,0,-2
1184,Apamarga — Wild,Achyranthes aspera,Sour,Neutral,Bitter,All,Pitta,India,Cardiotonic,Digestion,Bleeding disorders,Churna (powder),Sour,Sticky,Cold,Pungent,Nervine tonic,1,1,1,0,0,0,1,0,0,0,0,0,0,0,1,0,1,0,0,0,1,-1,-2,1
1185,Apamarga — Rural,Achyranthes aspera,Sour,Hot,Astringent,Pitta,All,Uttar Pradesh,Cardiotonic,Respiratory support,Pregnancy,Vati (tablets),Sour,Clear,Hot,Astringent,Aphrodisiac,0,1,0,0,0,0,0,0,1,0,1,0,0,0,0,1,0,1,0,1,0,1,0,0
1186,Apamarga — Mountain,Achyranthes aspera,Sweet,Cool,Astringent,Pitta,Pitta,Himachal Pradesh,Digestive stimulant,Hair care,Pregnancy,Ghrita (ghee),Sweet,Clear,Cold,Astringent,Analgesic,0,1,0,0,0,0,0,0,1,1,1,0,0,0,0,0,1,0,1,1,0,-1,-3,3
1187,Apamarga — Coastal,Achyranthes aspera,Salty,Neutral,Bitter,Kapha,Pitta,Rajasthan,Analgesic,Hair care,Pregnancy,Avaleha (jam),Salty,"Dense,Sticky",Cold,Astringent,Nervine tonic,0,1,1,0,1,0,0,0,0,0,0,0,0,0,0,1,0,1,0,1,1,1,-2,2
1188,Apamarga — Indian,Achyranthes aspera,Salty,Warm,Sweet,Pitta,Kapha,West Bengal,Digestive stimulant,Arthritis,Cold constitution,Churna (powder),Salty,Cloudy,Hot,Sweet,Aphrodisiac,0,1,1,0,0,0,0,0,0,0,0,0,1,1,0,0,1,0,0,1,0,1,0,-2
1189,Apamarga — Himalayan,Achyranthes aspera,Salty,Cold,Pungent,All,Kapha,Karnataka,Expectorant,Hair care,Pregnancy,Kwatha (decoction),Salty,Firm,Hot,Pungent,Aphrodisiac,1,1,1,0,1,0,0,1,0,0,0,1,0,0,1,0,0,1,0,0,1,-1,0,-2
1190,Apamarga — Malabar,Achyranthes aspera,Mixed,Cool,Sweet,Pitta,Vata,Sri Lanka,Hepatoprotective,Arthritis,Bleeding disorders,Kwatha (decoction),Sweet,Firm,Cold,Sweet,Rejuvenative,1,1,0,0,0,0,0,0,1,0,1,0,0,0,0,0,0,1,0,0,1,-3,-3,3
1191,Apamarga — Kashmir,Achyranthes aspera,Pungent,Neutral,Sour,Pitta,Pitta,India,Immunomodulatory,Female reproductive health,Diarrhea,Kashaya (decoction),Pungent,"Bland,Oily,Cold",Cold,Pungent,Analgesic,0,1,0,0,1,1,0,0,0,0,0,0,0,1,0,0,0,1,1,0,0,1,-1,0
1192,Apamarga — Kerala,Achyranthes aspera,Sweet,Cold,Pungent,Pitta,All,Karnataka,Cardiotonic,Arthritis,Pitta excess,Taila (oil),Sweet,Rough,Hot,Pungent,Rejuvenative,0,1,0,1,1,0,0,0,0,0,0,1,1,0,0,0,0,0,0,0,0,-1,-1,1
1193,Apamarga — Assam,Achyranthes aspera,Sour,Cool,Pungent,Kapha,All,Tamil Nadu,Analgesic,Female reproductive health,None,Vati (tablets),Sour,"Bland,Mobile",Cold,Pungent,Rejuvenative,0,0,1,0,1,0,0,0,0,0,1,0,1,0,1,1,0,0,0,0,1,2,0,0
1194,Bilva — Root,Aegle marmelos,Astringent,Cool,Bitter,All,Pitta,Assam,Anti-inflammatory,Female reproductive health,None,Kwatha (decoction),Astringent,"Rough,Oily,Mobile",Cold,Pungent,Nervine tonic,1,1,1,1,0,0,0,1,0,0,0,1,0,0,1,0,1,0,1,0,0,1,-3,-1
1195,Bilva — Leaf,Aegle marmelos,Mixed,Warm,Sour,Pitta,Pitta,Rajasthan,Antimicrobial,Liver disorders,Pitta excess,Kashaya (decoction),Salty,"Hot,Bland,Heavy",Cold,Astringent,Nervine tonic,0,1,0,1,0,0,1,0,0,0,0,0,0,0,0,0,0,0,0,0,1,1,-1,3
1196,Bilva — Stem,Aegle marmelos,Sweet,Cool,Sour,All,Vata,West Bengal,Hepatoprotective,Liver disorders,Bleeding disorders,Vati (tablets),Sweet,"Dry,Cold,Soft",Cold,Astringent,Nervine tonic,1,1,1,0,0,1,1,0,1,0,0,1,1,0,1,1,0,0,0,0,0,-1,-3,1
1197,Bilva — Bark,Aegle marmelos,Pungent,Hot,Sweet,Kapha,All,Himachal Pradesh,Antimicrobial,Female reproductive health,Diarrhea,Swarasa (juice),Pungent,"Smooth,Oily,Sharp",Hot,Sweet,Rejuvenating,0,0,1,1,0,0,1,0,1,1,0,0,0,0,0,1,0,0,1,1,0,0,3,-3
1198,Bilva — Seed,Aegle marmelos,Astringent,Cool,Astringent,Vata,All,Kerala,Immunomodulatory,Female reproductive health,Cold constitution,Vati (tablets),Astringent,Firm,Cold,Astringent,Analgesic,1,0,0,0,0,1,0,1,1,0,0,0,0,1,0,0,0,0,0,0,0,0,-2,0
1199,Bilva — Fruit,Aegle marmelos,Pungent,Cool,Astringent,Kapha,All,Sri Lanka,Rejuvenative,"Stress, Anxiety",Diarrhea,Churna (powder),Pungent,"Heavy,Liquid,Smooth",Cold,Astringent,Detoxifying,0,0,1,1,0,0,1,0,1,0,1,0,0,0,0,0,1,0,1,0,0,0,1,-2
1200,Bilva — Flower,Aegle marmelos,Salty,Cool,Bitter,Pitta,Pitta,Assam,Anti-inflammatory,"Stress, Anxiety",Diarrhea,Churna (powder),Salty,Clear,Cold,Sweet,Diaphoretic,0,1,0,1,0,1,0,0,0,1,0,1,0,0,0,0,0,0,0,1,0,1,-2,2
1201,Bilva — Resin,Aegle marmelos,Salty,Cold,Astringent,All,Pitta,Rajasthan,Digestive stimulant,Weight management,Cold constitution,Vati (tablets),Salty,Oily,Cold,Astringent,Demulcent,1,1,1,0,0,0,1,0,0,0,0,0,0,1,0,1,1,0,0,0,1,-1,-2,1
1202,Bilva — Latex,Aegle marmelos,Bitter,Hot,Sweet,All,All,Nepal,Immunomodulatory,Heart health,Bleeding disorders,Avaleha (jam),Bitter,"Cloudy,Dry,Bland",Hot,Sweet,Galactagogue,1,1,1,0,1,0,0,0,0,0,0,0,0,0,0,0,0,0,0,0,1,1,-2,-3
1203,Bilva — Wild,Aegle marmelos,Pungent,Cool,Astringent,Kapha,All,Nepal,Adaptogenic,Female reproductive health,Diarrhea,Kwatha (decoction),Pungent,"Mobile,Firm,Stable",Cold,Astringent,Nervine tonic,0,0,1,1,1,1,1,0,1,0,1,1,0,0,0,0,1,0,0,0,0,1,1,-3
1204,Bilva — Rural,Aegle marmelos,Bitter,Neutral,Astringent,Pitta,Kapha,Uttar Pradesh,Rejuvenative,Female reproductive health,Diarrhea,Taila (oil),Bitter,"Firm,Clear,Rough",Hot,Astringent,Rejuvenating,0,1,1,1,0,1,0,1,0,0,0,0,0,0,0,0,1,1,0,1,0,2,-1,-3
1205,Bilva — Mountain,Aegle marmelos,Bitter,Cold,Bitter,Vata,Vata,Tamil Nadu,Rejuvenative,Female reproductive health,Cold constitution,Avaleha (jam),Bitter,"Liquid,Cloudy",Cold,Astringent,Galactagogue,1,0,0,0,0,1,0,0,0,0,1,1,0,0,0,0,0,0,0,0,0,0,-2,0
1206,Bilva — Coastal,Aegle marmelos,Salty,Warm,Bitter,Pitta,Pitta,West Bengal,Hepatoprotective,Skin diseases,Bleeding disorders,Kashaya (decoction),Salty,"Firm,Smooth",Cold,Astringent,Nervine tonic,0,1,0,0,0,1,0,1,1,1,0,0,0,0,0,0,1,1,1,0,0,1,-2,2
1207,Bilva — Indian,Aegle marmelos,Pungent,Neutral,Sweet,All,Pitta,Karnataka,Digestive stimulant,Digestion,Diarrhea,Vati (tablets),Pungent,"Cloudy,Mobile,Rough",Cold,Sweet,Nervine tonic,1,1,1,0,0,0,0,1,1,0,0,0,1,0,0,0,0,0,0,0,0,-1,0,-3
1208,Bilva — Himalayan,Aegle marmelos,Mixed,Cold,Astringent,All,All,Sri Lanka,Cardiotonic,Respiratory support,Diarrhea,Vati (tablets),Pungent,"Smooth,Light,Cold",Hot,Astringent,Analgesic,1,1,1,1,1,1,1,1,0,1,1,0,1,1,0,0,1,0,0,1,0,0,1,-3
1209,Bilva — Malabar,Aegle marmelos,Bitter,Warm,Sweet,All,Vata,Rajasthan,Immunomodulatory,"Stress, Anxiety",Pregnancy,Ghrita (ghee),Bitter,"Rough,Dry",Hot,Sweet,Rejuvenating,1,1,1,1,1,0,0,1,1,0,1,0,0,0,0,0,1,1,0,0,0,1,-1,-3
1210,Bilva — Kashmir,Aegle marmelos,Astringent,Cool,Sweet,Vata,Vata,Rajasthan,Anti-inflammatory,Hair care,Cold constitution,Churna (powder),Astringent,"Firm,Heavy",Cold,Sweet,Analgesic,1,0,0,1,0,0,0,0,0,0,0,0,0,1,0,0,0,0,0,0,0,0,-2,1
1211,Bilva — Kerala,Aegle marmelos,Bitter,Cold,Sour,Vata,All,Nepal,Diuretic,Immunity,None,Kashaya (decoction),Bitter,"Rough,Cloudy,Stable",Hot,Astringent,Rejuvenative,1,0,0,0,0,0,0,0,0,0,0,0,0,1,0,0,0,0,0,0,0,0,1,-2
1212,Bilva — Assam,Aegle marmelos,Mixed,Warm,Sour,All,Kapha,West Bengal,Galactagogue,"Stress, Anxiety",Pitta excess,Ghrita (ghee),Bitter,"Sticky,Mobile,Rough",Hot,Astringent,Analgesic,1,1,1,0,0,0,0,0,0,0,0,0,0,0,1,1,1,0,0,0,0,1,-1,-3
1213,Draksha — Root,Vitis vinifera,Sweet,Cool,Bitter,Vata,Kapha,West Bengal,Immunomodulatory,Digestion,None,Avaleha (jam),Sweet,"Stable,Dense",Cold,Pungent,Aphrodisiac,1,0,1,0,0,0,1,0,0,0,1,1,0,1,1,1,0,0,0,0,0,-3,-2,2
1214,Draksha — Leaf,Vitis vinifera,Salty,Cold,Sweet,Vata,Kapha,Uttar Pradesh,Analgesic,Liver disorders,Cold constitution,Kashaya (decoction),Salty,Rough,Cold,Sweet,Demulcent,1,0,1,1,1,0,1,0,1,1,1,1,1,0,1,0,0,1,0,0,0,-1,1,0
1215,Draksha — Stem,Vitis vinifera,Sour,Cool,Pungent,Vata,Kapha,Kerala,Galactagogue,"Stress, Anxiety",Pregnancy,Swarasa (juice),Sour,Hot,Cold,Pungent,Galactagogue,1,0,1,1,1,0,1,0,1,1,0,0,1,0,0,1,0,0,0,0,1,-1,1,0
1216,Draksha — Bark,Vitis vinifera,Salty,Cool,Pungent,All,All,Nepal,Immunomodulatory,"Stress, Anxiety",None,Kashaya (decoction),Salty,Smooth,Cold,Pungent,Rejuvenative,1,1,1,0,1,0,0,0,1,0,0,1,0,0,0,0,0,0,0,1,1,-1,-2,0
1217,Draksha — Seed,Vitis vinifera,Salty,Hot,Bitter,Kapha,Pitta,Karnataka,Diuretic,Weight management,Diarrhea,Churna (powder),Salty,Sharp,Hot,Sweet,Carminative,0,1,1,0,0,0,1,0,1,1,0,0,0,1,0,0,0,1,0,1,0,1,1,-2
1218,Draksha — Fruit,Vitis vinifera,Pungent,Cool,Sweet,Kapha,All,Karnataka,Expectorant,Respiratory support,None,Ghrita (ghee),Pungent,"Cloudy,Oily,Heavy",Cold,Sweet,Aphrodisiac,0,0,1,0,0,0,0,0,0,0,0,0,0,0,1,0,0,0,0,0,0,0,1,-1
1219,Draksha — Flower,Vitis vinifera,Pungent,Cold,Pungent,Vata,Vata,Himachal Pradesh,Rejuvenative,Digestion,Bleeding disorders,Swarasa (juice),Pungent,Cold,Hot,Pungent,Diaphoretic,1,0,0,1,0,0,1,0,1,1,1,0,0,1,0,0,0,0,0,0,1,-1,3,-3
1220,Draksha — Resin,Vitis vinifera,Astringent,Warm,Pungent,Kapha,All,Sri Lanka,Immunomodulatory,Hair care,Bleeding disorders,Kashaya (decoction),Astringent,"Dense,Smooth",Hot,Pungent,Demulcent,0,0,1,0,1,1,0,0,1,0,0,0,0,0,0,0,0,0,0,0,1,2,0,-3
1221,Draksha — Latex,Vitis vinifera,Bitter,Warm,Pungent,Vata,Kapha,Himachal Pradesh,Rejuvenative,Female reproductive health,Diarrhea,Avaleha (jam),Bitter,Rough,Cold,Pungent,Diaphoretic,1,0,1,0,1,0,0,0,0,0,0,0,0,0,1,1,0,0,0,0,0,0,-1,-2
1222,Draksha — Wild,Vitis vinifera,Mixed,Cold,Pungent,Kapha,Vata,Rajasthan,Immunomodulatory,Respiratory support,Pregnancy,Swarasa (juice),Salty,"Stable,Sharp,Oily",Cold,Pungent,Demulcent,1,0,1,1,1,0,0,0,1,1,0,0,0,0,0,1,0,1,0,0,0,-1,1,1
1223,Draksha — Rural,Vitis vinifera,Salty,Neutral,Pungent,Vata,Kapha,Karnataka,Analgesic,Female reproductive health,Cold constitution,Churna (powder),Salty,"Bland,Sticky,Cold",Hot,Pungent,Demulcent,1,0,1,1,1,0,0,0,0,0,0,0,0,0,0,0,0,0,0,0,1,0,2,-1
1224,Draksha — Mountain,Vitis vinifera,Sweet,Hot,Sour,Pitta,All,Himachal Pradesh,Analgesic,"Stress, Anxiety",Diarrhea,Vati (tablets),Sweet,"Oily,Sharp",Hot,Astringent,Carminative,0,1,0,1,1,0,1,1,0,0,0,0,0,1,0,0,0,1,1,0,0,-1,-1,2
1225,Draksha — Coastal,Vitis vinifera,Sour,Neutral,Sour,Pitta,Vata,Himachal Pradesh,Anti-inflammatory,Heart health,None,Swarasa (juice),Sour,"Cloudy,Sticky",Hot,Pungent,Detoxifying,1,1,0,1,1,0,0,1,0,0,1,0,0,0,0,1,1,0,1,0,0,-1,0,1
1226,Draksha — Indian,Vitis vinifera,Pungent,Warm,Pungent,All,All,Karnataka,Cardiotonic,Immunity,Bleeding disorders,Churna (powder),Pungent,"Stable,Bland",Hot,Pungent,Carminative,1,1,1,1,0,1,0,0,1,0,1,0,0,0,1,0,0,0,1,0,0,-2,1,-3
1227,Draksha — Himalayan,Vitis vinifera,Sour,Warm,Astringent,Vata,Kapha,Nepal,Expectorant,Hair care,Bleeding disorders,Kashaya (decoction),Sour,Dense,Hot,Astringent,Aphrodisiac,1,0,1,0,0,0,0,1,1,0,0,1,1,0,1,0,0,0,1,0,0,-1,2,-1
1228,Draksha — Malabar,Vitis vinifera,Sweet,Cool,Sweet,Kapha,Pitta,Uttar Pradesh,Rejuvenative,Arthritis,Diarrhea,Churna (powder),Sweet,"Liquid,Sticky",Cold,Sweet,Rejuvenative,0,1,1,0,0,0,1,0,0,1,0,0,0,0,0,0,0,0,1,0,0,-1,-3,2
1229,Draksha — Kashmir,Vitis vinifera,Mixed,Cold,Bitter,All,Kapha,Sri Lanka,Hepatoprotective,Digestion,Cold constitution,Avaleha (jam),Sour,"Sharp,Hot,Clear",Cold,Astringent,Rejuvenative,1,1,1,1,0,1,0,0,1,1,1,0,1,1,0,0,1,0,0,0,0,-1,0,0
1230,Draksha — Kerala,Vitis vinifera,Sweet,Cool,Bitter,Kapha,All,Himachal Pradesh,Immunomodulatory,Heart health,Diarrhea,Taila (oil),Sweet,"Firm,Sharp",Cold,Astringent,Diaphoretic,0,0,1,0,1,1,0,0,0,1,1,0,0,0,0,0,0,0,1,0,0,-1,-1,1
1231,Draksha — Assam,Vitis vinifera,Sweet,Cold,Sour,All,Vata,Karnataka,Analgesic,Weight management,Pregnancy,Taila (oil),Sweet,Smooth,Cold,Sweet,Detoxifying,1,1,1,1,1,0,0,0,0,1,1,0,1,0,1,0,0,0,0,1,1,-3,-3,1
1232,Priyangu — Root,Calamus macrocephalus,Astringent,Cold,Sour,Pitta,All,Assam,Adaptogenic,Skin diseases,Bleeding disorders,Ghrita (ghee),Astringent,Bland,Cold,Pungent,Galactagogue,0,1,0,0,0,0,1,0,0,0,0,0,1,0,0,1,0,0,0,1,1,2,-3,0
1233,Priyangu — Leaf,Calamus macrocephalus,Mixed,Cold,Sweet,Kapha,Vata,Sri Lanka,Hepatoprotective,Female reproductive health,None,Vati (tablets),Salty,"Heavy,Sticky,Dry",Hot,Sweet,Aphrodisiac,1,0,1,0,1,1,0,1,1,0,0,0,0,0,1,1,1,1,0,0,0,0,2,0
1234,Priyangu — Stem,Calamus macrocephalus,Bitter,Hot,Astringent,All,Pitta,Kerala,Immunomodulatory,Heart health,Diarrhea,Swarasa (juice),Bitter,"Firm,Light,Smooth",Hot,Astringent,Analgesic,1,1,1,0,0,0,0,0,1,1,0,0,0,1,0,0,0,0,1,0,0,1,-2,-3
1235,Priyangu — Bark,Calamus macrocephalus,Sour,Cool,Pungent,All,Pitta,Kerala,Immunomodulatory,Arthritis,None,Kashaya (decoction),Sour,"Soft,Subtle",Cold,Pungent,Aphrodisiac,1,1,1,0,1,1,0,0,1,0,0,0,1,0,0,0,0,0,0,0,0,0,-2,0
1236,Priyangu — Seed,Calamus macrocephalus,Sweet,Neutral,Pungent,All,Vata,Assam,Galactagogue,Female reproductive health,Pitta excess,Kashaya (decoction),Sweet,Cold,Hot,Pungent,Analgesic,1,1,1,0,0,1,0,0,1,0,0,0,0,0,0,0,1,0,0,0,0,-2,-2,-1
1237,Priyangu — Fruit,Calamus macrocephalus,Sweet,Hot,Sweet,Vata,Vata,Tamil Nadu,Expectorant,Hair care,Diarrhea,Ghrita (ghee),Sweet,Bland,Hot,Sweet,Diaphoretic,1,0,0,0,0,0,0,0,0,1,0,0,1,1,0,0,1,0,0,1,0,-3,0,1
1238,Priyangu — Flower,Calamus macrocephalus,Bitter,Neutral,Sour,All,Kapha,Tamil Nadu,Cardiotonic,Skin diseases,None,Kashaya (decoction),Bitter,Oily,Cold,Sweet,Diaphoretic,1,1,1,0,0,0,0,0,1,0,0,0,0,1,1,0,1,0,0,1,0,0,-3,-1
1239,Priyangu — Resin,Calamus macrocephalus,Salty,Cool,Astringent,Pitta,Vata,West Bengal,Immunomodulatory,Heart health,Bleeding disorders,Avaleha (jam),Salty,Dense,Cold,Astringent,Rejuvenative,1,1,0,1,0,0,1,0,0,0,0,0,0,0,1,0,0,0,0,0,0,-1,-2,3
1240,Priyangu — Latex,Calamus macrocephalus,Mixed,Hot,Bitter,All,Vata,India,Cardiotonic,Heart health,Diarrhea,Kwatha (decoction),Pungent,"Rough,Sticky",Hot,Sweet,Diaphoretic,1,1,1,0,0,1,1,0,0,0,1,0,0,1,0,1,0,0,1,0,0,-2,2,-3
1241,Priyangu — Wild,Calamus macrocephalus,Mixed,Cold,Sweet,Pitta,Pitta,Kerala,Diuretic,Liver disorders,Pitta excess,Kwatha (decoction),Bitter,"Hot,Light",Cold,Sweet,Rejuvenating,0,1,0,0,0,0,0,1,0,1,0,1,0,1,0,0,0,1,0,0,0,3,-3,0
1242,Priyangu — Rural,Calamus macrocephalus,Bitter,Cold,Sour,Pitta,Pitta,Tamil Nadu,Diuretic,Immunity,Pregnancy,Kwatha (decoction),Bitter,"Light,Sticky,Rough",Cold,Pungent,Analgesic,0,1,0,1,1,0,0,0,0,1,0,0,1,0,0,1,0,0,0,0,1,3,-3,1
1243,Priyangu — Mountain,Calamus macrocephalus,Bitter,Neutral,Astringent,Kapha,Pitta,Himachal Pradesh,Galactagogue,Digestion,Bleeding disorders,Taila (oil),Bitter,Rough,Cold,Astringent,Nervine tonic,0,1,1,1,0,0,0,0,1,1,0,0,0,0,1,1,0,0,0,1,0,2,-3,-2
1244,Priyangu — Coastal,Calamus macrocephalus,Bitter,Neutral,Astringent,All,Pitta,Nepal,Expectorant,"Stress, Anxiety",Cold constitution,Swarasa (juice),Bitter,Cold,Cold,Astringent,Nervine tonic,1,1,1,0,0,1,1,0,0,1,1,0,0,1,1,1,1,0,0,0,0,1,-3,-2
1245,Priyangu — Indian,Calamus macrocephalus,Sour,Neutral,Sour,Pitta,Vata,Sri Lanka,Anti-inflammatory,Arthritis,Pregnancy,Ghrita (ghee),Sour,"Mobile,Rough",Cold,Astringent,Nervine tonic,1,1,0,1,0,0,1,0,1,0,0,0,0,0,1,0,1,0,1,1,0,0,-1,2
1246,Priyangu — Himalayan,Calamus macrocephalus,Pungent,Warm,Pungent,Pitta,Pitta,Nepal,Analgesic,Immunity,Bleeding disorders,Avaleha (jam),Pungent,Oily,Hot,Pungent,Aphrodisiac,0,1,0,0,1,0,0,0,0,0,1,0,0,0,0,0,0,0,0,1,0,0,1,-2
1247,Priyangu — Malabar,Calamus macrocephalus,Bitter,Neutral,Astringent,Kapha,All,Sri Lanka,Hepatoprotective,Female reproductive health,None,Kwatha (decoction),Bitter,"Mobile,Hot",Hot,Astringent,Galactagogue,0,0,1,1,0,0,0,0,1,1,0,0,0,0,0,1,0,1,0,0,1,3,1,-3
1248,Priyangu — Kashmir,Calamus macrocephalus,Sweet,Cool,Pungent,Pitta,Vata,Sri Lanka,Rejuvenative,Immunity,Diarrhea,Ghrita (ghee),Sweet,Hot,Cold,Pungent,Analgesic,1,1,0,1,0,0,0,0,0,0,1,1,0,0,0,1,0,0,0,0,0,-3,-3,3
1249,Priyangu — Kerala,Calamus macrocephalus,Salty,Warm,Sour,Pitta,All,Karnataka,Analgesic,Female reproductive health,None,Churna (powder),Salty,"Light,Bland",Hot,Astringent,Analgesic,0,1,0,1,1,0,1,0,0,0,0,0,0,0,1,0,1,0,0,0,0,2,0,0
1250,Priyangu — Assam,Calamus macrocephalus,Sour,Cold,Sweet,Kapha,Vata,India,Immunomodulatory,Hair care,Cold constitution,Avaleha (jam),Sour,"Dense,Mobile",Hot,Sweet,Galactagogue,1,0,1,0,0,0,0,0,1,0,0,1,0,1,0,0,0,0,0,1,1,0,2,-1
1251,Jeevanti — Root,Leptadenia reticulata,Bitter,Warm,Sweet,Kapha,Kapha,Rajasthan,Hepatoprotective,Arthritis,Pitta excess,Churna (powder),Bitter,Smooth,Cold,Sweet,Demulcent,0,0,1,1,1,0,1,0,1,1,1,1,1,0,0,0,1,0,0,1,0,2,-2,-2
1252,Jeevanti — Leaf,Leptadenia reticulata,Bitter,Cool,Pungent,All,Vata,Tamil Nadu,Hepatoprotective,Heart health,Diarrhea,Taila (oil),Bitter,Dense,Cold,Pungent,Rejuvenating,1,1,1,0,0,1,1,0,1,1,0,0,1,0,0,0,1,1,0,1,0,0,-3,-1
1253,Jeevanti — Stem,Leptadenia reticulata,Sour,Cool,Sweet,Kapha,Kapha,India,Adaptogenic,Weight management,Pregnancy,Churna (powder),Sour,"Firm,Stable",Cold,Sweet,Galactagogue,0,0,1,1,0,1,0,0,1,1,1,1,0,0,0,0,0,1,0,1,1,1,0,0
1254,Jeevanti — Bark,Leptadenia reticulata,Pungent,Warm,Bitter,Pitta,Kapha,Sri Lanka,Diuretic,Heart health,Cold constitution,Avaleha (jam),Pungent,"Stable,Clear,Liquid",Cold,Astringent,Nervine tonic,0,1,1,0,0,0,1,0,0,0,1,0,0,1,1,0,0,0,0,0,0,0,-1,-3
1255,Jeevanti — Seed,Leptadenia reticulata,Astringent,Neutral,Pungent,Kapha,Vata,Sri Lanka,Diuretic,Skin diseases,Diarrhea,Vati (tablets),Astringent,"Stable,Bland,Soft",Cold,Pungent,Demulcent,1,0,1,1,0,1,0,0,1,1,1,0,0,0,1,0,1,0,0,0,0,0,-2,-2
1256,Jeevanti — Fruit,Leptadenia reticulata,Pungent,Cool,Sour,Kapha,Vata,Sri Lanka,Analgesic,Arthritis,Diarrhea,Avaleha (jam),Pungent,"Subtle,Cloudy",Cold,Pungent,Detoxifying,1,0,1,0,1,0,0,0,0,1,0,0,0,0,0,1,0,0,0,0,0,-1,1,-3
1257,Jeevanti — Flower,Leptadenia reticulata,Salty,Cool,Pungent,All,Kapha,Assam,Diuretic,Immunity,Pitta excess,Avaleha (jam),Salty,"Sticky,Soft,Dense",Cold,Pungent,Aphrodisiac,1,1,1,0,1,0,0,0,0,0,0,0,0,1,0,0,1,0,1,1,0,-1,-2,2
1258,Jeevanti — Resin,Leptadenia reticulata,Sour,Cold,Astringent,Vata,Kapha,Himachal Pradesh,Analgesic,Respiratory support,Diarrhea,Kwatha (decoction),Sour,Subtle,Cold,Astringent,Aphrodisiac,1,0,1,0,1,0,0,0,1,0,0,0,1,0,0,1,0,0,0,0,0,0,0,0
1259,Jeevanti — Latex,Leptadenia reticulata,Bitter,Cold,Sweet,Pitta,Vata,Tamil Nadu,Rejuvenative,Immunity,Cold constitution,Kashaya (decoction),Bitter,"Bland,Smooth",Cold,Sweet,Nervine tonic,1,1,0,0,0,1,0,0,0,0,1,1,1,0,1,0,0,0,0,0,0,0,-3,0
1260,Jeevanti — Wild,Leptadenia reticulata,Mixed,Hot,Bitter,Pitta,All,Assam,Diuretic,Hair care,Diarrhea,Kwatha (decoction),Sweet,Firm,Hot,Astringent,Detoxifying,0,1,0,0,1,0,1,0,0,0,0,0,0,1,0,1,0,0,1,0,0,-1,-2,1
1261,Jeevanti — Rural,Leptadenia reticulata,Astringent,Hot,Sour,Pitta,Vata,Himachal Pradesh,Rejuvenative,Heart health,Diarrhea,Swarasa (juice),Astringent,"Subtle,Sticky,Cloudy",Hot,Pungent,Rejuvenating,1,1,0,1,1,1,0,1,0,1,0,0,0,0,1,0,0,0,0,1,0,1,-2,-1
1262,Jeevanti — Mountain,Leptadenia reticulata,Pungent,Neutral,Sour,Vata,All,Karnataka,Galactagogue,Heart health,Bleeding disorders,Vati (tablets),Pungent,"Stable,Oily",Hot,Sweet,Demulcent,1,0,0,0,1,0,0,0,0,0,0,0,0,0,0,1,1,0,1,0,0,-2,3,-2
1263,Jeevanti — Coastal,Leptadenia reticulata,Bitter,Warm,Pungent,Kapha,Vata,Himachal Pradesh,Expectorant,Female reproductive health,Bleeding disorders,Swarasa (juice),Bitter,Cold,Cold,Pungent,Demulcent,1,0,1,1,1,1,0,1,1,0,1,0,1,0,0,0,0,0,0,1,1,1,-2,-2
1264,Jeevanti — Indian,Leptadenia reticulata,Bitter,Warm,Pungent,Vata,Kapha,Rajasthan,Expectorant,Immunity,Pitta excess,Ghrita (ghee),Bitter,"Sharp,Liquid,Dense",Cold,Pungent,Demulcent,1,0,1,1,0,0,1,0,1,0,0,0,0,0,0,0,1,0,0,0,0,0,-1,-1
1265,Jeevanti — Himalayan,Leptadenia reticulata,Bitter,Neutral,Bitter,Pitta,Kapha,Sri Lanka,Diuretic,Digestion,None,Kashaya (decoction),Bitter,"Rough,Heavy",Hot,Pungent,Galactagogue,0,1,1,0,0,0,0,0,0,0,0,0,0,0,0,0,0,1,1,1,0,2,-1,-3
1266,Jeevanti — Malabar,Leptadenia reticulata,Bitter,Warm,Sweet,All,Kapha,Rajasthan,Analgesic,Respiratory support,Pregnancy,Swarasa (juice),Bitter,"Rough,Soft,Heavy",Hot,Sweet,Analgesic,1,1,1,0,1,0,1,0,0,0,0,0,1,0,0,0,0,1,1,0,1,0,-1,-3
1267,Jeevanti — Kashmir,Leptadenia reticulata,Salty,Cold,Bitter,Kapha,Vata,Tamil Nadu,Antimicrobial,Liver disorders,Bleeding disorders,Kwatha (decoction),Salty,Cloudy,Hot,Pungent,Rejuvenative,1,0,1,1,0,0,1,0,0,1,1,0,0,1,0,0,0,0,1,0,0,-1,2,-2
1268,Jeevanti — Kerala,Leptadenia reticulata,Sour,Neutral,Pungent,All,Vata,Assam,Anti-inflammatory,Skin diseases,Diarrhea,Taila (oil),Sour,Dense,Cold,Pungent,Detoxifying,1,1,1,1,0,0,0,0,0,0,0,0,0,0,0,0,0,0,0,1,0,-1,-2,1
1269,Jeevanti — Assam,Leptadenia reticulata,Pungent,Cool,Bitter,Kapha,Kapha,West Bengal,Antimicrobial,Skin diseases,Cold constitution,Taila (oil),Pungent,"Sticky,Rough",Cold,Sweet,Aphrodisiac,0,0,1,1,0,1,1,1,1,0,0,0,0,1,0,0,0,1,0,1,1,0,2,-2
1270,Rishabhaka — Root,Operculina turpethum,Bitter,Cool,Bitter,Pitta,Pitta,West Bengal,Rejuvenative,Female reproductive health,Pregnancy,Swarasa (juice),Bitter,"Light,Firm",Cold,Pungent,Detoxifying,0,1,0,0,0,0,1,1,0,0,0,0,0,0,0,0,0,0,1,0,0,3,-3,0
1271,Rishabhaka — Leaf,Operculina turpethum,Mixed,Cold,Sweet,Pitta,Kapha,Kerala,Hepatoprotective,Female reproductive health,None,Swarasa (juice),Sweet,"Soft,Stable",Cold,Sweet,Demulcent,0,1,1,0,0,0,0,1,1,1,0,0,1,0,0,0,1,1,0,0,1,-1,-3,1
1272,Rishabhaka — Stem,Operculina turpethum,Bitter,Cold,Pungent,All,Kapha,Tamil Nadu,Antimicrobial,Liver disorders,Cold constitution,Kashaya (decoction),Bitter,"Light,Hot",Cold,Pungent,Nervine tonic,1,1,1,1,1,0,1,0,0,1,0,0,0,0,1,0,0,0,1,0,0,1,-3,-2
1273,Rishabhaka — Bark,Operculina turpethum,Mixed,Cold,Astringent,All,All,Karnataka,Immunomodulatory,Respiratory support,Pregnancy,Vati (tablets),Salty,"Liquid,Dense,Cold",Cold,Astringent,Aphrodisiac,1,1,1,1,0,1,0,0,0,0,0,1,0,0,0,1,0,0,1,1,0,0,-2,1
1274,Rishabhaka — Seed,Operculina turpethum,Pungent,Warm,Sour,Vata,Pitta,Kerala,Galactagogue,"Stress, Anxiety",None,Churna (powder),Pungent,Dense,Hot,Sweet,Detoxifying,1,1,0,1,1,1,0,0,1,1,0,0,0,0,0,0,1,0,1,0,0,-2,1,-2
1275,Rishabhaka — Fruit,Operculina turpethum,Astringent,Cool,Astringent,Kapha,All,Tamil Nadu,Antimicrobial,Arthritis,Cold constitution,Vati (tablets),Astringent,Bland,Cold,Astringent,Rejuvenative,0,0,1,1,0,0,1,0,0,1,0,0,0,0,0,0,0,1,0,1,0,2,-2,-2
1276,Rishabhaka — Flower,Operculina turpethum,Salty,Neutral,Pungent,Pitta,Kapha,Tamil Nadu,Adaptogenic,Arthritis,Diarrhea,Avaleha (jam),Salty,"Cold,Oily,Dense",Cold,Pungent,Diaphoretic,0,1,1,0,1,1,0,0,0,0,0,0,0,1,1,0,1,0,0,0,0,2,-2,2
1277,Rishabhaka — Resin,Operculina turpethum,Pungent,Cool,Sweet,Pitta,Pitta,Nepal,Galactagogue,Hair care,Bleeding disorders,Ghrita (ghee),Pungent,"Sticky,Dry,Light",Cold,Sweet,Analgesic,0,1,0,0,0,0,0,0,1,0,0,0,0,0,0,0,0,0,0,0,1,2,-1,0
1278,Rishabhaka — Latex,Operculina turpethum,Bitter,Cold,Bitter,Vata,Kapha,Uttar Pradesh,Hepatoprotective,Female reproductive health,Pregnancy,Ghrita (ghee),Bitter,Soft,Hot,Pungent,Detoxifying,1,0,1,0,0,0,1,0,1,0,1,0,1,1,0,0,1,0,1,0,0,0,0,-3
1279,Rishabhaka — Wild,Operculina turpethum,Bitter,Hot,Bitter,All,Kapha,Sri Lanka,Digestive stimulant,Arthritis,Pitta excess,Avaleha (jam),Bitter,"Subtle,Cold",Hot,Sweet,Aphrodisiac,1,1,1,0,0,0,1,1,0,0,0,0,0,0,1,0,1,0,1,0,0,2,-2,-3
1280,Rishabhaka — Rural,Operculina turpethum,Astringent,Hot,Sour,All,Vata,Rajasthan,Immunomodulatory,Immunity,Pitta excess,Taila (oil),Astringent,"Subtle,Dry",Hot,Astringent,Demulcent,1,1,1,0,0,0,1,1,0,1,0,0,0,1,0,0,0,0,0,0,0,2,-2,-3
1281,Rishabhaka — Mountain,Operculina turpethum,Sweet,Cool,Pungent,Kapha,Vata,Karnataka,Anti-inflammatory,Digestion,Pregnancy,Swarasa (juice),Sweet,"Light,Liquid,Dry",Cold,Pungent,Diaphoretic,1,0,1,1,0,1,0,0,0,0,1,0,0,0,1,1,0,0,1,0,0,-1,-2,1
1282,Rishabhaka — Coastal,Operculina turpethum,Pungent,Warm,Bitter,Kapha,Vata,Himachal Pradesh,Hepatoprotective,Immunity,None,Swarasa (juice),Pungent,"Soft,Smooth",Hot,Astringent,Demulcent,1,0,1,1,1,1,0,0,1,1,0,1,0,0,1,0,0,1,0,0,1,-2,3,-3
1283,Rishabhaka — Indian,Operculina turpethum,Sweet,Warm,Sweet,Vata,Vata,Sri Lanka,Diuretic,Skin diseases,Pitta excess,Swarasa (juice),Sweet,"Cold,Smooth,Oily",Cold,Sweet,Diaphoretic,1,0,0,0,0,0,1,0,0,0,1,0,1,0,1,0,0,0,0,0,0,-2,-2,3
1284,Rishabhaka — Himalayan,Operculina turpethum,Salty,Warm,Sour,Kapha,Pitta,Sri Lanka,Adaptogenic,Arthritis,Cold constitution,Avaleha (jam),Salty,"Cold,Soft,Dense",Hot,Pungent,Rejuvenating,0,1,1,1,1,0,0,0,0,0,0,0,0,1,0,0,1,0,0,0,1,2,0,-1
1285,Rishabhaka — Malabar,Operculina turpethum,Bitter,Hot,Pungent,Vata,Vata,Nepal,Galactagogue,Arthritis,Bleeding disorders,Kashaya (decoction),Bitter,Firm,Hot,Pungent,Demulcent,1,0,0,1,0,0,0,1,1,0,0,1,0,1,0,0,0,1,0,0,1,0,0,-2
1286,Rishabhaka — Kashmir,Operculina turpethum,Bitter,Hot,Sour,Kapha,Kapha,Assam,Digestive stimulant,Heart health,Diarrhea,Vati (tablets),Bitter,"Stable,Liquid,Soft",Hot,Pungent,Demulcent,0,0,1,0,0,0,0,0,1,0,1,1,1,0,0,1,1,0,0,0,0,2,0,-3
1287,Rishabhaka — Kerala,Operculina turpethum,Bitter,Cold,Pungent,All,Kapha,India,Analgesic,"Stress, Anxiety",None,Kwatha (decoction),Bitter,Cloudy,Hot,Pungent,Galactagogue,1,1,1,0,1,0,0,0,0,1,0,0,1,1,0,0,0,0,0,0,0,0,-2,-3
1288,Rishabhaka — Assam,Operculina turpethum,Astringent,Hot,Bitter,All,Vata,Karnataka,Cardiotonic,Immunity,Diarrhea,Vati (tablets),Astringent,"Bland,Dry",Hot,Astringent,Detoxifying,1,1,1,1,0,1,1,0,1,0,0,0,0,1,1,1,1,0,0,0,0,1,-2,-3
1289,Vacha — Root,Acorus calamus,Sweet,Hot,Sour,Vata,Pitta,Himachal Pradesh,Expectorant,Hair care,Cold constitution,Kwatha (decoction),Sweet,"Rough,Soft",Hot,Sweet,Galactagogue,1,1,0,0,0,1,0,0,0,1,0,0,0,0,0,0,1,0,0,0,0,-3,-1,1
1290,Vacha — Leaf,Acorus calamus,Pungent,Cool,Sour,All,All,Himachal Pradesh,Cardiotonic,Immunity,Bleeding disorders,Vati (tablets),Pungent,"Subtle,Bland",Cold,Astringent,Aphrodisiac,1,1,1,0,0,0,0,1,0,1,1,0,0,1,0,1,0,1,0,1,0,-1,-1,-3
1291,Vacha — Stem,Acorus calamus,Bitter,Cold,Sour,Pitta,Vata,India,Expectorant,Heart health,Diarrhea,Taila (oil),Bitter,Mobile,Cold,Sweet,Carminative,1,1,0,0,1,0,0,1,0,0,0,0,1,0,0,0,0,1,0,0,0,1,-3,0
1292,Vacha — Bark,Acorus calamus,Sweet,Cold,Astringent,Kapha,Vata,Karnataka,Digestive stimulant,Digestion,Cold constitution,Ghrita (ghee),Sweet,Clear,Cold,Astringent,Analgesic,1,0,1,0,0,0,0,1,1,0,0,0,0,0,0,1,1,1,0,0,1,-3,-2,1
1293,Vacha — Seed,Acorus calamus,Sweet,Hot,Pungent,Kapha,Pitta,Rajasthan,Anti-inflammatory,Hair care,Bleeding disorders,Ghrita (ghee),Sweet,Sharp,Hot,Pungent,Rejuvenating,0,1,1,1,0,0,0,0,1,0,1,1,1,0,0,0,1,0,1,0,0,-1,-1,-1
1294,Vacha — Fruit,Acorus calamus,Sour,Hot,Sweet,Kapha,Kapha,West Bengal,Immunomodulatory,Heart health,Pitta excess,Vati (tablets),Sour,"Soft,Sticky",Hot,Sweet,Aphrodisiac,0,0,1,0,0,1,0,0,0,1,0,0,0,0,0,1,0,0,0,0,0,1,2,-1
1295,Vacha — Flower,Acorus calamus,Astringent,Neutral,Astringent,Kapha,Vata,Sri Lanka,Anti-inflammatory,"Stress, Anxiety",Bleeding disorders,Taila (oil),Astringent,Rough,Hot,Astringent,Galactagogue,1,0,1,1,0,0,1,0,1,0,1,1,0,1,0,1,0,0,0,0,0,0,1,-3
1296,Vacha — Resin,Acorus calamus,Pungent,Warm,Sweet,Vata,All,Sri Lanka,Adaptogenic,Hair care,Diarrhea,Ghrita (ghee),Pungent,"Heavy,Firm,Dry",Hot,Sweet,Aphrodisiac,1,0,0,0,0,1,0,0,0,1,1,0,1,0,0,0,0,0,1,0,0,-1,3,-2
1297,Vacha — Latex,Acorus calamus,Mixed,Cool,Pungent,Kapha,Kapha,Uttar Pradesh,Cardiotonic,Hair care,None,Vati (tablets),Pungent,"Light,Dry,Stable",Cold,Pungent,Carminative,0,0,1,0,0,0,1,0,0,1,0,0,0,0,0,0,0,0,0,0,1,2,1,-3
1298,Vacha — Wild,Acorus calamus,Astringent,Cold,Bitter,Kapha,Pitta,Assam,Immunomodulatory,Liver disorders,Bleeding disorders,Kashaya (decoction),Astringent,"Stable,Dry",Cold,Astringent,Diaphoretic,0,1,1,1,1,1,0,1,1,1,0,1,0,0,0,0,0,0,1,0,1,3,-3,-2
1299,Vacha — Rural,Acorus calamus,Pungent,Cold,Pungent,All,Pitta,Sri Lanka,Adaptogenic,Digestion,Pitta excess,Vati (tablets),Pungent,Soft,Hot,Pungent,Rejuvenative,1,1,1,1,0,0,0,0,1,0,0,0,0,1,0,0,0,0,0,0,0,-2,1,-3
1300,Vacha — Mountain,Acorus calamus,Pungent,Cool,Sour,Pitta,Vata,Karnataka,Immunomodulatory,Female reproductive health,Bleeding disorders,Kashaya (decoction),Pungent,"Sharp,Soft",Cold,Pungent,Demulcent,1,1,0,0,0,0,0,0,1,0,0,0,1,1,1,0,0,0,1,0,0,-2,0,-1
1301,Madhuyasti — Himalayan var. A,Madhuyasti alata,Astringent,Neutral,Pungent,Vata,All,Himachal Pradesh,Immunomodulatory,Digestion,Pregnancy,Ghrita (ghee),Astringent,"Subtle,Sharp",Cold,Pungent,Galactagogue,1,0,0,0,0,1,0,1,0,1,0,0,0,0,1,0,0,0,0,0,0,1,-1,0
1302,Asana Assam,Asana ins.,Sour,Neutral,Sweet,Pitta,Pitta,Kerala,Rejuvenative,Arthritis,Diarrhea,Avaleha (jam),Sour,"Sharp,Cold",Cold,Sweet,Demulcent,0,1,0,0,0,0,0,1,0,1,1,0,0,0,0,0,0,0,0,0,1,2,-1,2
1303,Kukku Root,Kukku officinalis,Sour,Cold,Pungent,Vata,Pitta,Nepal,Anti-inflammatory,Respiratory support,Bleeding disorders,Swarasa (juice),Sour,"Soft,Dense,Rough",Cold,Pungent,Diaphoretic,1,1,0,1,0,0,1,1,1,0,0,0,0,0,0,1,0,1,0,0,0,-1,-1,3
1304,Bilva — Latex Latex,Bilva roots,Mixed,Neutral,Pungent,Kapha,All,India,Expectorant,Female reproductive health,Diarrhea,Kwatha (decoction),Astringent,"Clear,Cold,Heavy",Hot,Pungent,Analgesic,0,0,1,1,0,0,0,0,0,1,0,0,0,0,0,1,0,0,0,0,0,3,0,-3
1305,Shalaparni-var Kashmir,Shalaparni-var ins.,Mixed,Warm,Sour,Pitta,Kapha,Uttar Pradesh,Diuretic,Heart health,Cold constitution,Taila (oil),Bitter,"Rough,Subtle,Cloudy",Hot,Pungent,Detoxifying,0,1,1,0,0,0,1,0,0,0,1,1,0,0,0,1,0,0,1,0,0,3,-1,-3
1306,Manjistha — Latex var. C,Manjistha alata,Bitter,Neutral,Pungent,Kapha,Kapha,Nepal,Galactagogue,Skin diseases,Pregnancy,Swarasa (juice),Bitter,"Light,Sticky",Cold,Pungent,Nervine tonic,0,0,1,0,0,1,0,1,0,0,1,0,0,0,0,0,1,0,0,1,0,3,-2,-1
1307,Sigru Kashmir,Sigru indica,Sour,Cool,Astringent,Pitta,Kapha,Nepal,Anti-inflammatory,Heart health,Cold constitution,Avaleha (jam),Sour,Oily,Cold,Astringent,Galactagogue,0,1,1,1,1,0,0,1,0,0,1,0,0,0,0,0,0,0,0,1,0,1,-2,1
1308,Chirata Flower,Chirata indica,Salty,Cool,Sour,Pitta,Kapha,India,Anti-inflammatory,Respiratory support,Cold constitution,Avaleha (jam),Salty,Hot,Cold,Astringent,Demulcent,0,1,1,1,0,1,0,0,0,1,0,1,1,0,0,0,0,1,0,0,1,1,-1,0
1309,Neem — Mountain var. B,Neem alata,Sweet,Cold,Astringent,Kapha,Pitta,Himachal Pradesh,Digestive stimulant,Weight management,None,Vati (tablets),Sweet,Sticky,Hot,Astringent,Rejuvenative,0,1,1,1,0,1,0,0,1,1,0,0,1,0,1,0,1,0,0,1,0,-1,-2,0
1310,Kantakari — Seed Mountain,Kantakari alata,Mixed,Neutral,Sour,Pitta,Vata,West Bengal,Rejuvenative,Heart health,Pitta excess,Swarasa (juice),Salty,"Heavy,Firm",Hot,Pungent,Demulcent,1,1,0,0,0,1,0,1,0,0,0,1,0,0,0,1,0,0,0,0,0,-1,0,1
1311,Mustak — Resin Stem,Mustak indica,Sweet,Neutral,Bitter,All,All,West Bengal,Analgesic,Respiratory support,Diarrhea,Ghrita (ghee),Sweet,"Dense,Cold,Heavy",Cold,Pungent,Aphrodisiac,1,1,1,1,1,0,1,0,0,0,0,0,0,0,0,0,1,1,0,0,0,-2,-3,3
1312,Shirisha Bark,Shirisha alata,Pungent,Cold,Bitter,Pitta,Vata,Tamil Nadu,Hepatoprotective,Immunity,Pitta excess,Churna (powder),Pungent,"Dense,Cloudy",Cold,Pungent,Aphrodisiac,1,1,0,0,0,0,0,1,1,1,1,1,1,0,0,1,0,0,0,0,0,-2,-1,0
1313,Adulsa,Adulsa officinalis,Mixed,Neutral,Sour,Kapha,Kapha,Uttar Pradesh,Galactagogue,Immunity,Cold constitution,Taila (oil),Astringent,Heavy,Hot,Astringent,Diaphoretic,0,0,1,1,0,0,0,0,1,1,0,0,0,0,0,0,0,0,0,0,1,2,0,-3
1314,Arjuna Malabar,Arjuna folia,Salty,Warm,Sour,Kapha,Kapha,Uttar Pradesh,Adaptogenic,Liver disorders,Diarrhea,Churna (powder),Salty,"Sharp,Cloudy,Hot",Cold,Sweet,Aphrodisiac,0,0,1,0,1,1,0,0,0,0,1,0,0,0,0,0,0,0,1,1,0,1,2,0
1315,Parushaka — Rural Kashmir,Parushaka roots,Sour,Cold,Sweet,All,All,West Bengal,Antimicrobial,Digestion,Pregnancy,Taila (oil),Sour,"Hot,Rough",Hot,Sweet,Galactagogue,1,1,1,1,1,0,1,1,1,1,0,1,0,0,0,0,0,0,1,0,0,-1,2,-2
1316,Rhodiola var. D,Rhodiola roots,Sour,Warm,Sweet,Kapha,Vata,West Bengal,Rejuvenative,"Stress, Anxiety",Cold constitution,Churna (powder),Sour,Firm,Hot,Sweet,Demulcent,1,0,1,1,0,0,1,0,0,0,0,0,1,1,0,0,0,0,1,0,0,-1,2,-2
1317,Atish Coastal,Atish aria,Bitter,Warm,Astringent,Kapha,Vata,Sri Lanka,Expectorant,Digestion,Diarrhea,Swarasa (juice),Bitter,Hot,Cold,Astringent,Aphrodisiac,1,0,1,0,0,0,1,0,0,0,1,0,0,0,0,0,0,1,0,1,1,0,-1,-2
1318,Shankhapushpi — Malabar Root,Shankhapushpi aria,Sweet,Cool,Sweet,Pitta,Kapha,India,Analgesic,Weight management,Pitta excess,Vati (tablets),Sweet,Clear,Cold,Sweet,Galactagogue,0,1,1,0,1,0,0,0,0,0,1,0,0,0,1,0,0,1,0,1,0,-1,-3,1
1319,Bala-varga Resin,Bala-varga aria,Bitter,Cool,Bitter,All,Pitta,Uttar Pradesh,Digestive stimulant,Weight management,Pregnancy,Avaleha (jam),Bitter,"Heavy,Sticky",Cold,Astringent,Aphrodisiac,1,1,1,1,0,0,1,0,1,0,0,1,0,0,0,0,1,0,0,0,0,0,-3,0
1320,Harsingar Latex,Harsingar aria,Pungent,Hot,Bitter,Pitta,All,Sri Lanka,Galactagogue,Arthritis,Bleeding disorders,Churna (powder),Pungent,Mobile,Hot,Pungent,Nervine tonic,0,1,0,0,1,0,1,0,0,1,0,0,1,0,0,0,1,1,1,0,0,1,1,-3
1321,Triphala — Wild Kerala,Triphala aria,Astringent,Hot,Sweet,Kapha,Pitta,Kerala,Digestive stimulant,"Stress, Anxiety",Bleeding disorders,Taila (oil),Astringent,Mobile,Hot,Sweet,Demulcent,0,1,1,0,0,0,1,0,1,0,0,1,0,0,0,1,0,1,0,1,0,3,-2,-3
1322,Vacha — Flower Stem,Vacha indica,Salty,Hot,Pungent,Pitta,Pitta,Assam,Cardiotonic,Weight management,Bleeding disorders,Kwatha (decoction),Salty,"Mobile,Dry,Subtle",Hot,Pungent,Carminative,0,1,0,1,0,0,0,0,0,1,0,0,1,0,1,0,0,0,0,1,1,3,0,0
1323,Haritaki — Bark Malabar,Haritaki indica,Salty,Hot,Sweet,Kapha,Pitta,Sri Lanka,Analgesic,Skin diseases,Pitta excess,Avaleha (jam),Salty,"Mobile,Dry",Hot,Sweet,Rejuvenative,0,1,1,0,1,0,0,0,1,0,0,0,1,0,0,0,0,0,1,0,0,3,0,-2
1324,Shatavari — Fruit Malabar,Shatavari vernacularis,Sour,Cold,Astringent,Pitta,Kapha,West Bengal,Galactagogue,Skin diseases,Cold constitution,Kashaya (decoction),Sour,"Oily,Cold,Dry",Cold,Astringent,Nervine tonic,0,1,1,1,1,0,0,0,0,0,0,0,0,0,0,0,0,1,0,1,0,3,-2,1
1325,Nerundu Fruit,Nerundu indica,Bitter,Cold,Sweet,Kapha,Kapha,Sri Lanka,Hepatoprotective,Weight management,Diarrhea,Ghrita (ghee),Bitter,"Subtle,Dense,Firm",Hot,Sweet,Diaphoretic,0,0,1,0,1,1,1,1,1,0,0,0,1,0,0,0,0,0,0,0,0,3,0,-3
1326,Medhya herbs — Kashmir Assam,Medhya officinalis,Astringent,Warm,Bitter,Pitta,Vata,West Bengal,Hepatoprotective,Respiratory support,Diarrhea,Swarasa (juice),Astringent,"Subtle,Firm",Hot,Astringent,Carminative,1,1,0,1,0,0,0,0,1,0,0,0,1,0,1,0,0,0,0,0,0,1,-2,-2
1327,Bhallataka Latex,Bhallataka officinalis,Mixed,Warm,Astringent,Kapha,Pitta,Kerala,Expectorant,Heart health,Pregnancy,Ghrita (ghee),Salty,"Firm,Liquid,Rough",Hot,Astringent,Rejuvenative,0,1,1,0,0,0,0,0,0,0,0,0,1,0,1,0,0,0,0,0,0,1,1,-2
1328,Haridra — Himalayan Malabar,Haridra alata,Salty,Warm,Sour,Kapha,Pitta,Nepal,Rejuvenative,Respiratory support,Pregnancy,Kashaya (decoction),Salty,"Cold,Oily,Light",Hot,Pungent,Detoxifying,0,1,1,0,0,0,1,0,0,0,0,0,1,0,1,0,0,0,0,0,0,3,0,-1
1329,Shatavari-var,Shatavari-var aria,Mixed,Hot,Pungent,Pitta,Kapha,Karnataka,Rejuvenative,Heart health,None,Vati (tablets),Pungent,"Bland,Firm,Cloudy",Hot,Pungent,Carminative,0,1,1,1,1,0,0,0,1,0,0,0,0,0,0,0,0,0,0,1,0,0,1,-3
1330,Triphala — Fruit Flower,Triphala indica,Pungent,Neutral,Sweet,All,Vata,Karnataka,Galactagogue,Immunity,Bleeding disorders,Kwatha (decoction),Pungent,"Liquid,Hot,Soft",Cold,Sweet,Rejuvenative,1,1,1,1,1,0,0,0,1,1,0,0,1,0,0,0,0,0,0,0,0,-2,0,-3
1331,Bala — Coastal Kerala,Bala indica,Mixed,Warm,Astringent,Pitta,Kapha,Rajasthan,Anti-inflammatory,Hair care,Cold constitution,Kwatha (decoction),Astringent,"Subtle,Dry",Hot,Astringent,Diaphoretic,0,1,1,1,0,0,1,0,0,0,0,1,0,0,0,0,0,0,0,0,0,3,-2,-3
1332,Chitrak — Flower Coastal,Chitrak aria,Sour,Cold,Pungent,All,Pitta,Sri Lanka,Digestive stimulant,Hair care,Bleeding disorders,Taila (oil),Sour,"Mobile,Hot",Hot,Pungent,Carminative,1,1,1,0,0,0,1,0,0,1,0,0,1,1,0,1,0,0,0,1,0,0,1,-2
1333,Bhringraj — Resin var. A,Bhringraj vernacularis,Sweet,Cool,Pungent,Vata,Kapha,Tamil Nadu,Adaptogenic,Immunity,Diarrhea,Swarasa (juice),Sweet,"Soft,Clear",Cold,Pungent,Detoxifying,1,0,1,0,0,1,1,0,0,0,0,1,0,0,1,0,0,0,1,0,1,-3,-2,1
1334,Turmeric — Leaf Kerala,Turmeric indica,Astringent,Warm,Bitter,Vata,Pitta,Himachal Pradesh,Galactagogue,"Stress, Anxiety",Cold constitution,Kwatha (decoction),Astringent,"Sharp,Stable",Hot,Sweet,Nervine tonic,1,1,0,0,0,0,0,0,0,0,0,0,1,0,1,1,0,0,0,0,0,0,-1,-2
1335,Mogra Wild,Mogra indica,Sweet,Cool,Pungent,Kapha,Vata,India,Antimicrobial,Respiratory support,None,Vati (tablets),Sweet,"Mobile,Stable",Cold,Pungent,Rejuvenative,1,0,1,1,1,0,1,1,0,0,0,0,0,0,1,0,0,0,0,0,0,-2,-2,1
1336,Mandoor Assam,Mandoor folia,Salty,Cool,Sour,All,All,India,Digestive stimulant,Digestion,Cold constitution,Taila (oil),Salty,"Sticky,Subtle",Cold,Pungent,Nervine tonic,1,1,1,0,0,0,0,0,0,0,0,0,1,0,0,0,0,0,0,0,0,0,-2,1
1337,Shankhapushpi var. D,Shankhapushpi ins.,Bitter,Cold,Sweet,Kapha,Kapha,Assam,Expectorant,Digestion,Pitta excess,Kashaya (decoction),Bitter,"Rough,Oily",Cold,Sweet,Demulcent,0,0,1,0,1,0,0,0,1,0,1,0,0,0,1,1,0,0,0,0,0,2,-1,-1
1338,Atish Seed,Atish folia,Sweet,Cold,Bitter,All,Vata,Himachal Pradesh,Rejuvenative,Heart health,Bleeding disorders,Swarasa (juice),Sweet,"Rough,Sharp,Smooth",Cold,Pungent,Galactagogue,1,1,1,0,0,0,0,0,0,1,0,1,0,0,1,0,0,1,0,0,0,-3,-2,1
1339,Rasna — Wild Himalayan,Rasna vernacularis,Mixed,Neutral,Sour,Pitta,All,Rajasthan,Antimicrobial,Arthritis,None,Kashaya (decoction),Sweet,"Firm,Smooth",Cold,Pungent,Galactagogue,0,1,0,1,0,0,1,1,0,1,0,0,0,0,0,0,1,0,1,0,1,-1,-3,3
1340,Rama Cultivated,Rama indica,Bitter,Cool,Pungent,All,All,Kerala,Hepatoprotective,Digestion,Cold constitution,Kwatha (decoction),Bitter,"Sharp,Smooth,Clear",Cold,Pungent,Galactagogue,1,1,1,0,0,0,0,1,1,0,0,1,0,1,1,0,0,0,0,0,1,0,-3,-2
1341,Chitrak — Assam Kashmir,Chitrak aria,Salty,Neutral,Pungent,Kapha,Kapha,Assam,Adaptogenic,Weight management,Pitta excess,Kwatha (decoction),Salty,Cloudy,Cold,Pungent,Carminative,0,0,1,0,0,0,0,0,1,0,0,0,0,1,1,1,0,0,0,1,0,1,0,0
1342,Kalonji — Kashmir Plains,Kalonji alata,Sour,Warm,Pungent,All,Pitta,Himachal Pradesh,Adaptogenic,Arthritis,None,Swarasa (juice),Sour,"Bland,Clear",Hot,Pungent,Diaphoretic,1,1,1,0,1,1,0,1,1,0,1,1,0,0,0,1,1,1,0,0,0,-1,0,-2
1343,Pippali var. A,Pippali roots,Mixed,Warm,Pungent,Pitta,Kapha,Nepal,Immunomodulatory,Arthritis,Diarrhea,Avaleha (jam),Sour,Dense,Hot,Pungent,Diaphoretic,0,1,1,1,1,0,1,1,1,1,0,0,0,1,1,0,0,0,0,0,0,1,0,-1
1344,Rohitak,Rohitak indica,Sour,Hot,Sweet,Vata,Kapha,Kerala,Immunomodulatory,Digestion,Cold constitution,Vati (tablets),Sour,"Dry,Rough",Hot,Sweet,Demulcent,1,0,1,1,1,0,1,0,0,1,0,1,0,0,0,0,0,0,0,0,0,0,3,-2
1345,Haritaki — Kerala Coastal,Haritaki indica,Astringent,Cold,Sweet,All,Pitta,India,Expectorant,"Stress, Anxiety",Pitta excess,Churna (powder),Astringent,Heavy,Hot,Sweet,Nervine tonic,1,1,1,0,0,0,1,0,0,0,1,0,0,0,1,0,1,0,0,1,0,0,-2,-3
1346,Mulethi — Assam var. B,Mulethi ins.,Astringent,Hot,Astringent,Pitta,Kapha,West Bengal,Diuretic,Liver disorders,Cold constitution,Taila (oil),Astringent,"Sticky,Rough",Hot,Astringent,Diaphoretic,0,1,1,1,0,0,1,0,0,0,0,0,0,0,0,1,0,0,0,1,0,2,-1,-3
1347,Shankhapushpi — Kerala var. D,Shankhapushpi aria,Astringent,Cold,Sour,Vata,Vata,Karnataka,Diuretic,Liver disorders,None,Swarasa (juice),Astringent,"Dense,Sticky,Sharp",Hot,Pungent,Nervine tonic,1,0,0,0,0,0,0,0,1,1,1,0,1,0,0,1,1,0,0,0,1,0,1,0
1348,Apamarga — Fruit Malabar,Apamarga folia,Bitter,Cool,Sour,Vata,All,India,Diuretic,Weight management,Pregnancy,Vati (tablets),Bitter,"Mobile,Bland,Stable",Cold,Sweet,Aphrodisiac,1,0,0,1,0,0,1,1,1,1,0,1,0,1,0,0,0,0,0,0,0,1,-2,0
1349,Guggulu — Coastal Latex,Guggulu folia,Sweet,Hot,Pungent,Pitta,Pitta,West Bengal,Expectorant,Respiratory support,Diarrhea,Kashaya (decoction),Sweet,"Cloudy,Dry,Hot",Hot,Pungent,Rejuvenative,0,1,0,0,0,0,1,1,0,1,0,0,0,0,0,0,0,1,0,0,0,0,-1,1
1350,Nerundu Plains,Nerundu officinalis,Bitter,Cold,Sweet,All,Vata,Uttar Pradesh,Anti-inflammatory,"Stress, Anxiety",None,Taila (oil),Bitter,Smooth,Hot,Sweet,Demulcent,1,1,1,1,0,1,1,0,0,0,0,1,0,0,0,0,0,1,0,0,1,0,-2,-3
1351,Adulsa var. A,Adulsa roots,Sour,Hot,Bitter,Vata,All,Tamil Nadu,Cardiotonic,Hair care,Bleeding disorders,Churna (powder),Sour,Oily,Hot,Sweet,Aphrodisiac,1,0,0,0,1,0,0,0,0,0,0,0,1,0,1,0,0,0,0,0,0,-1,2,1
1352,Devadaru — Wild Kerala,Devadaru indica,Astringent,Hot,Sweet,Pitta,Vata,Rajasthan,Digestive stimulant,Female reproductive health,Bleeding disorders,Avaleha (jam),Astringent,"Cloudy,Smooth",Hot,Sweet,Detoxifying,1,1,0,0,0,0,1,0,0,1,1,0,0,1,0,0,1,0,0,0,1,0,-2,-2
1353,Adulsa Cultivated,Adulsa ins.,Sweet,Neutral,Sour,Pitta,Pitta,Tamil Nadu,Antimicrobial,Respiratory support,Pitta excess,Kwatha (decoction),Sweet,Stable,Hot,Pungent,Rejuvenative,0,1,0,1,0,0,1,1,0,1,0,1,1,0,0,1,0,0,0,1,0,-1,-2,1
1354,Draksha — Rural Cultivated,Draksha alata,Pungent,Neutral,Astringent,Kapha,Vata,Kerala,Digestive stimulant,Immunity,Bleeding disorders,Vati (tablets),Pungent,"Stable,Subtle",Hot,Astringent,Aphrodisiac,1,0,1,0,0,0,0,0,1,0,1,0,0,0,0,1,0,0,0,1,0,-1,3,-3
1355,Pavul Gum,Pavul indica,Sweet,Cold,Bitter,Kapha,All,Tamil Nadu,Adaptogenic,Respiratory support,Pitta excess,Kwatha (decoction),Sweet,Clear,Hot,Pungent,Detoxifying,0,0,1,1,1,0,0,0,1,0,1,1,0,0,0,1,1,0,0,0,0,-1,0,-1
1356,Yashtimadhu — Wild var. B,Yashtimadhu alata,Bitter,Neutral,Pungent,All,All,Karnataka,Expectorant,"Stress, Anxiety",Bleeding disorders,Ghrita (ghee),Bitter,"Sharp,Dry,Hot",Cold,Pungent,Diaphoretic,1,1,1,0,0,0,0,1,0,0,0,0,0,0,0,0,1,0,0,0,0,1,-2,-2
1357,Jivanti-root Fruit,Jivanti-root ins.,Bitter,Cold,Sour,Kapha,Pitta,Himachal Pradesh,Rejuvenative,Skin diseases,Pregnancy,Churna (powder),Bitter,Smooth,Hot,Astringent,Analgesic,0,1,1,0,0,0,1,0,0,1,0,0,1,0,0,0,0,0,0,0,1,2,-2,-3
1358,Shalaparni-var Resin,Shalaparni-var aria,Sour,Hot,Pungent,Vata,Pitta,Karnataka,Expectorant,Liver disorders,Bleeding disorders,Vati (tablets),Sour,"Heavy,Subtle,Sticky",Hot,Pungent,Diaphoretic,1,1,0,0,0,0,1,1,1,0,1,1,0,0,0,0,1,1,0,0,1,0,0,2
1359,Eranda — Root Kerala,Eranda alata,Pungent,Cold,Sweet,Kapha,All,Uttar Pradesh,Galactagogue,Digestion,Pitta excess,Taila (oil),Pungent,"Soft,Cloudy,Cold",Hot,Sweet,Analgesic,0,0,1,0,0,0,0,0,0,0,0,0,0,1,0,1,0,0,0,0,0,1,3,-3
1360,Khadira-bark,Khadira-bark folia,Bitter,Warm,Sour,Kapha,Vata,Uttar Pradesh,Antimicrobial,Heart health,Cold constitution,Swarasa (juice),Bitter,"Bland,Sticky,Clear",Cold,Sweet,Rejuvenative,1,0,1,1,0,0,1,0,1,0,0,0,1,0,0,0,0,0,0,0,0,0,-2,-1
1361,Ginger — Malabar Wild,Ginger indica,Astringent,Cold,Astringent,Kapha,Kapha,Kerala,Digestive stimulant,Immunity,Bleeding disorders,Vati (tablets),Astringent,"Oily,Rough,Stable",Cold,Astringent,Diaphoretic,0,0,1,0,0,0,0,1,0,0,0,1,0,0,0,0,1,0,1,1,0,2,-1,-1
1362,Shilajit — Latex Bark,Shilajit alata,Salty,Hot,Bitter,Pitta,Pitta,Assam,Galactagogue,Weight management,Pitta excess,Vati (tablets),Salty,Heavy,Hot,Sweet,Galactagogue,0,1,0,0,0,0,0,0,0,1,1,0,1,1,0,0,0,0,0,0,1,1,0,1
1363,Daru haridra Stem,Daru ins.,Mixed,Cold,Pungent,Kapha,Vata,Himachal Pradesh,Cardiotonic,Skin diseases,Pregnancy,Kashaya (decoction),Sour,"Hot,Cloudy,Dense",Cold,Pungent,Carminative,1,0,1,0,1,0,0,0,0,0,1,0,1,0,0,0,1,0,0,0,0,-1,1,1
1364,Brahmi — Bark Assam,Brahmi ins.,Mixed,Neutral,Astringent,Vata,Vata,Rajasthan,Diuretic,Female reproductive health,None,Swarasa (juice),Sweet,"Hot,Clear",Cold,Astringent,Demulcent,1,0,0,0,0,0,0,0,0,0,0,0,1,0,1,0,0,1,0,1,0,-3,-1,3
1365,Karavellaka var. C,Karavellaka folia,Salty,Neutral,Sour,Pitta,Vata,Kerala,Rejuvenative,Digestion,Pitta excess,Vati (tablets),Salty,Firm,Cold,Sweet,Carminative,1,1,0,1,0,0,0,0,0,1,1,0,0,0,0,0,0,1,0,0,0,-1,-2,2
1366,Arjuna — Stem Himalayan,Arjuna aria,Sweet,Cool,Bitter,All,Kapha,Assam,Cardiotonic,Immunity,Cold constitution,Kashaya (decoction),Sweet,"Liquid,Smooth,Soft",Cold,Sweet,Aphrodisiac,1,1,1,0,1,0,0,1,1,0,0,0,0,0,0,0,1,0,0,1,0,-3,-3,1
1367,Triphala — Leaf var. B,Triphala indica,Sweet,Neutral,Pungent,Kapha,Kapha,Tamil Nadu,Anti-inflammatory,Digestion,Cold constitution,Kwatha (decoction),Sweet,Stable,Cold,Pungent,Galactagogue,0,0,1,1,1,0,0,0,0,0,1,0,0,0,0,0,0,1,0,0,0,-1,-2,1
1368,Bhallataka var. B,Bhallataka aria,Salty,Neutral,Bitter,Kapha,Kapha,Kerala,Anti-inflammatory,Liver disorders,Bleeding disorders,Avaleha (jam),Salty,"Liquid,Heavy",Cold,Sweet,Analgesic,0,0,1,1,0,0,0,1,0,0,0,1,1,0,0,0,1,0,0,0,0,1,0,1
1369,Plaksha — Stem Mountain,Plaksha aria,Sour,Hot,Astringent,Pitta,Kapha,Rajasthan,Rejuvenative,Weight management,Pregnancy,Churna (powder),Sour,Clear,Hot,Astringent,Carminative,0,1,1,0,1,0,1,0,1,0,0,1,1,0,1,1,0,0,0,0,0,1,0,-2
1370,Sigru Bark,Sigru vernacularis,Pungent,Neutral,Astringent,All,Pitta,Assam,Adaptogenic,Digestion,Pregnancy,Kashaya (decoction),Pungent,Heavy,Hot,Astringent,Rejuvenative,1,1,1,0,1,1,1,0,0,1,0,0,1,0,1,0,0,0,1,0,0,-2,1,-3
1371,Atish Himalayan,Atish aria,Sour,Warm,Sour,All,All,West Bengal,Diuretic,Immunity,Bleeding disorders,Ghrita (ghee),Sour,"Rough,Sharp",Hot,Pungent,Rejuvenating,1,1,1,0,0,0,0,0,1,0,0,1,0,1,0,0,0,1,0,0,0,-1,2,-2
1372,Ajwain Kashmir,Ajwain vernacularis,Astringent,Warm,Astringent,All,Vata,India,Diuretic,Liver disorders,Diarrhea,Churna (powder),Astringent,"Smooth,Cloudy",Hot,Astringent,Rejuvenating,1,1,1,1,0,0,0,0,0,1,0,0,1,0,0,0,0,0,0,0,0,0,-2,-3
1373,Mulethi — Bark Latex,Mulethi officinalis,Pungent,Cold,Sour,Kapha,Vata,Himachal Pradesh,Cardiotonic,Immunity,Pitta excess,Swarasa (juice),Pungent,"Bland,Rough,Heavy",Cold,Astringent,Galactagogue,1,0,1,1,0,0,0,0,0,0,0,0,0,0,1,0,1,1,0,1,0,-2,2,-2
1374,Chopchini Latex,Chopchini roots,Bitter,Neutral,Astringent,Pitta,Vata,Rajasthan,Hepatoprotective,Weight management,Pregnancy,Kwatha (decoction),Bitter,Sharp,Cold,Astringent,Galactagogue,1,1,0,0,0,0,1,1,1,0,0,1,1,0,0,0,0,1,0,0,1,0,-3,0
1375,Safed musli — Flower var. D,Safed alata,Bitter,Cool,Astringent,Vata,Vata,India,Cardiotonic,Liver disorders,Cold constitution,Swarasa (juice),Bitter,Rough,Cold,Astringent,Aphrodisiac,1,0,0,0,0,0,0,0,0,0,1,0,0,0,0,1,0,0,0,0,0,0,-1,0
1376,Rakta-chandan Himalayan,Rakta-chandan alata,Astringent,Cool,Sour,All,Pitta,Sri Lanka,Galactagogue,Weight management,Pregnancy,Churna (powder),Astringent,"Rough,Cloudy,Clear",Cold,Astringent,Detoxifying,1,1,1,0,1,1,0,0,1,0,0,0,1,0,0,0,1,1,0,0,1,0,-3,-2
1377,Shilajit — Bark Mountain,Shilajit ins.,Sour,Hot,Bitter,All,Pitta,Sri Lanka,Anti-inflammatory,Respiratory support,Diarrhea,Kwatha (decoction),Sour,"Dense,Mobile,Sharp",Hot,Astringent,Carminative,1,1,1,1,1,0,1,0,0,0,0,0,0,0,0,0,1,0,0,1,1,0,1,-1
1378,Manjistha Resin,Manjistha indica,Pungent,Warm,Astringent,Pitta,Kapha,Assam,Anti-inflammatory,Weight management,Pitta excess,Swarasa (juice),Pungent,"Sticky,Heavy,Sharp",Hot,Astringent,Rejuvenative,0,1,1,1,0,0,1,0,1,0,0,0,1,0,0,0,0,0,1,0,0,0,2,-3
1379,Turmeric — Wild var. B,Turmeric folia,Sour,Hot,Astringent,All,Pitta,Rajasthan,Cardiotonic,Arthritis,Cold constitution,Swarasa (juice),Sour,"Sticky,Subtle,Stable",Hot,Astringent,Diaphoretic,1,1,1,1,0,0,0,0,0,0,0,1,0,0,1,0,0,0,0,0,0,0,0,-1
1380,Eranda — Rural Bark,Eranda aria,Sweet,Neutral,Astringent,All,Vata,Himachal Pradesh,Expectorant,Respiratory support,Pitta excess,Taila (oil),Sweet,"Cold,Mobile",Cold,Astringent,Galactagogue,1,1,1,1,0,1,0,0,0,0,0,0,0,0,0,0,1,1,0,0,0,-1,-3,1
1381,Amla — Wild Stem,Amla alata,Sweet,Hot,Pungent,Kapha,Vata,Assam,Immunomodulatory,Hair care,Bleeding disorders,Swarasa (juice),Sweet,"Rough,Smooth,Oily",Hot,Pungent,Detoxifying,1,0,1,0,0,1,1,0,1,0,1,0,0,1,1,0,0,1,0,0,0,-3,1,0
1382,Punarnava — Fruit Leaf,Punarnava roots,Sour,Cool,Astringent,All,All,West Bengal,Rejuvenative,"Stress, Anxiety",None,Avaleha (jam),Sour,"Smooth,Soft",Cold,Astringent,Rejuvenating,1,1,1,0,0,0,1,0,1,0,1,1,0,1,1,0,0,0,0,1,0,-1,-2,0
1383,Turmeric — Rural Wild,Turmeric aria,Pungent,Neutral,Bitter,All,Vata,Uttar Pradesh,Anti-inflammatory,Weight management,Pitta excess,Taila (oil),Pungent,"Cloudy,Sticky,Smooth",Hot,Pungent,Detoxifying,1,1,1,1,1,1,0,0,0,1,0,0,0,0,0,0,0,0,1,0,0,-2,1,-3
1384,Gokshura — Kashmir Flower,Gokshura folia,Mixed,Hot,Sour,All,All,Sri Lanka,Rejuvenative,Heart health,None,Avaleha (jam),Astringent,Rough,Hot,Sweet,Diaphoretic,1,1,1,1,0,0,0,0,0,0,0,1,0,0,0,0,0,0,0,0,0,0,-1,-3
1385,Rama Tuber,Rama vernacularis,Salty,Hot,Pungent,All,All,Himachal Pradesh,Cardiotonic,Female reproductive health,Diarrhea,Avaleha (jam),Salty,Light,Hot,Pungent,Detoxifying,1,1,1,1,1,0,0,1,0,0,0,0,0,0,0,0,1,0,1,1,0,0,0,-2
1386,Pushkaramoola Bark,Pushkaramoola folia,Sour,Cool,Astringent,All,Pitta,Rajasthan,Hepatoprotective,Heart health,Diarrhea,Taila (oil),Sour,"Rough,Mobile,Hot",Cold,Astringent,Rejuvenating,1,1,1,0,1,0,0,0,1,0,1,0,0,0,1,0,1,0,0,1,1,0,0,0
1387,Madhuyasti — Leaf Wild,Madhuyasti indica,Astringent,Cold,Astringent,Pitta,Pitta,Assam,Cardiotonic,Immunity,Cold constitution,Avaleha (jam),Astringent,"Firm,Subtle",Cold,Astringent,Galactagogue,0,1,0,0,1,0,0,0,0,0,1,1,0,0,0,0,1,1,0,0,1,3,-3,0
1388,Tamalaki,Tamalaki ins.,Astringent,Cool,Bitter,Vata,All,Uttar Pradesh,Hepatoprotective,Digestion,Diarrhea,Swarasa (juice),Astringent,Cloudy,Cold,Pungent,Galactagogue,1,0,0,1,0,0,0,0,1,0,0,0,0,1,1,0,0,0,0,0,0,0,-2,0
1389,Danti,Danti alata,Sour,Warm,Astringent,Kapha,All,Uttar Pradesh,Cardiotonic,Liver disorders,Cold constitution,Swarasa (juice),Sour,Cloudy,Cold,Astringent,Demulcent,0,0,1,0,0,0,0,1,1,1,1,0,0,1,0,0,0,0,0,0,1,1,0,0
1390,Neem — Root Tuber,Neem vernacularis,Salty,Hot,Bitter,Vata,Kapha,India,Digestive stimulant,Skin diseases,Pitta excess,Kwatha (decoction),Salty,"Hot,Clear,Stable",Hot,Pungent,Nervine tonic,1,0,1,0,0,0,1,1,0,0,0,0,0,0,0,0,1,0,0,0,0,-1,3,-2
1391,Kashmarya — Fruit Fruit,Kashmarya roots,Sour,Warm,Pungent,All,All,Karnataka,Digestive stimulant,Skin diseases,Pregnancy,Kashaya (decoction),Sour,"Oily,Smooth",Hot,Pungent,Galactagogue,1,1,1,0,1,0,0,0,0,0,0,0,0,0,0,1,0,0,0,1,1,-1,0,-1
1392,Devadaru — Indian var. A,Devadaru folia,Sour,Cool,Pungent,All,Kapha,Tamil Nadu,Rejuvenative,Immunity,Bleeding disorders,Ghrita (ghee),Sour,"Rough,Clear,Bland",Cold,Pungent,Demulcent,1,1,1,1,0,0,0,0,0,0,0,0,0,0,0,1,0,0,0,0,0,-1,-1,0
1393,Haritaki — Wild var. D,Haritaki alata,Bitter,Warm,Bitter,All,Pitta,Kerala,Galactagogue,"Stress, Anxiety",None,Vati (tablets),Bitter,"Subtle,Dry,Mobile",Hot,Sweet,Rejuvenating,1,1,1,1,0,0,0,1,0,0,1,0,0,0,0,0,0,0,0,0,1,3,-2,-3
1394,Yashtimadhu — Flower var. A,Yashtimadhu folia,Bitter,Cold,Bitter,Pitta,All,Nepal,Hepatoprotective,Respiratory support,Pregnancy,Kwatha (decoction),Bitter,"Light,Rough",Cold,Astringent,Rejuvenating,0,1,0,1,1,0,0,0,1,1,1,1,0,1,0,0,0,0,0,1,0,3,-3,0
1395,Medhya herbs — Kashmir var. A,Medhya vernacularis,Mixed,Cool,Bitter,All,All,Himachal Pradesh,Diuretic,Hair care,Cold constitution,Taila (oil),Pungent,"Soft,Sharp",Cold,Pungent,Rejuvenative,1,1,1,0,0,1,1,0,0,0,1,0,0,1,0,0,0,0,0,0,0,-2,0,-3
1396,Priyangu — Root Tuber,Priyangu aria,Bitter,Cool,Sour,Pitta,Pitta,Assam,Cardiotonic,Arthritis,None,Taila (oil),Bitter,"Soft,Hot",Cold,Astringent,Galactagogue,0,1,0,1,0,1,1,1,0,1,0,0,1,0,0,0,0,0,1,0,0,2,-3,0
1397,Akarkara Assam,Akarkara vernacularis,Bitter,Warm,Bitter,All,Kapha,Karnataka,Diuretic,Weight management,Pregnancy,Kashaya (decoction),Bitter,"Cold,Heavy",Cold,Astringent,Diaphoretic,1,1,1,0,1,1,0,0,0,1,1,1,0,0,0,0,0,0,0,0,0,1,-3,-1
1398,Madhuyasti — Bark Kashmir,Madhuyasti ins.,Salty,Cold,Sweet,All,Kapha,Himachal Pradesh,Hepatoprotective,Female reproductive health,None,Avaleha (jam),Salty,Clear,Hot,Sweet,Carminative,1,1,1,1,0,1,0,0,1,1,1,0,0,0,0,0,1,0,0,1,0,-1,0,-2
1399,Bala — Malabar Root,Bala roots,Mixed,Hot,Bitter,Pitta,All,Himachal Pradesh,Rejuvenative,Respiratory support,Pitta excess,Churna (powder),Pungent,"Rough,Hot",Hot,Sweet,Aphrodisiac,0,1,0,0,0,0,0,0,1,1,0,1,0,0,0,0,0,0,0,0,0,0,3,-3
1400,Shalaparni-var Coastal,Shalaparni-var folia,Salty,Neutral,Sweet,Kapha,Pitta,Kerala,Expectorant,Immunity,Bleeding disorders,Avaleha (jam),Salty,"Subtle,Rough",Hot,Sweet,Diaphoretic,0,1,1,0,1,0,1,1,0,1,1,0,0,0,0,0,0,0,0,0,1,2,1,-2
1401,Karanj Cultivated,Karanj ins.,Sweet,Cool,Sour,Pitta,All,Uttar Pradesh,Analgesic,"Stress, Anxiety",Diarrhea,Ghrita (ghee),Sweet,Oily,Cold,Pungent,Rejuvenating,0,1,0,0,1,0,0,0,0,1,0,1,1,0,1,1,0,0,0,0,0,-1,-3,3
1402,Bibhitaki — Leaf Wild,Bibhitaki roots,Salty,Warm,Pungent,All,Kapha,Rajasthan,Adaptogenic,Immunity,Diarrhea,Taila (oil),Salty,Light,Hot,Pungent,Carminative,1,1,1,0,0,0,1,1,0,1,0,0,0,0,0,0,0,0,1,0,0,0,0,-2
1403,Kukku Fruit,Kukku aria,Bitter,Cold,Sour,Kapha,All,India,Rejuvenative,Respiratory support,Pitta excess,Kwatha (decoction),Bitter,Sharp,Hot,Sweet,Carminative,0,0,1,0,1,0,0,0,0,0,1,0,0,0,0,0,0,0,1,0,0,2,1,-3
1404,Tagara Bark,Tagara alata,Sour,Neutral,Bitter,All,Vata,Himachal Pradesh,Antimicrobial,Respiratory support,None,Kwatha (decoction),Sour,"Light,Sharp",Cold,Pungent,Analgesic,1,1,1,1,1,1,1,0,0,0,1,0,1,1,1,0,0,1,0,0,0,0,-1,0
1405,Bhringaraja Resin,Bhringaraja vernacularis,Pungent,Warm,Sweet,Kapha,Pitta,Karnataka,Analgesic,Arthritis,None,Kwatha (decoction),Pungent,"Firm,Liquid,Cloudy",Hot,Sweet,Demulcent,0,1,1,0,1,1,1,1,1,0,0,0,1,0,0,1,0,1,0,0,0,0,1,-3
1406,Apamarga — Rural Leaf,Apamarga ins.,Mixed,Cold,Sweet,Pitta,Pitta,Rajasthan,Antimicrobial,Digestion,Cold constitution,Ghrita (ghee),Sour,Bland,Hot,Sweet,Diaphoretic,0,1,0,1,0,1,1,0,0,1,0,1,1,0,0,0,0,0,0,0,1,1,0,0
1407,Atibala — Indian Root,Atibala vernacularis,Astringent,Neutral,Bitter,Kapha,All,Assam,Antimicrobial,Weight management,Pregnancy,Vati (tablets),Astringent,"Sharp,Smooth,Cloudy",Cold,Pungent,Nervine tonic,0,0,1,1,0,1,1,1,0,0,1,0,0,0,0,0,1,0,0,0,0,2,-1,-2
1408,Udumbara — Seed Tuber,Udumbara aria,Sweet,Cool,Bitter,Vata,Kapha,Rajasthan,Digestive stimulant,Arthritis,Cold constitution,Vati (tablets),Sweet,"Cold,Cloudy,Bland",Cold,Pungent,Rejuvenating,1,0,1,0,0,0,1,0,0,1,1,0,1,0,1,1,0,0,0,0,0,-2,-2,1
1409,Shatavari Fruit,Shatavari roots,Salty,Neutral,Pungent,Vata,Kapha,Himachal Pradesh,Hepatoprotective,Immunity,Cold constitution,Kwatha (decoction),Salty,"Smooth,Dense,Cold",Hot,Pungent,Rejuvenating,1,0,1,1,1,1,1,0,1,1,0,0,1,1,1,0,1,0,0,0,0,0,2,-1
1410,Bhallataka — Bark var. B,Bhallataka officinalis,Pungent,Hot,Astringent,Pitta,Vata,Assam,Hepatoprotective,Weight management,Pitta excess,Swarasa (juice),Pungent,"Sharp,Bland",Hot,Astringent,Galactagogue,1,1,0,0,1,0,0,0,1,1,1,0,0,0,0,0,0,1,0,0,0,-2,2,-3
1411,Bibhitaki — Latex Flower,Bibhitaki folia,Sweet,Neutral,Bitter,All,Pitta,India,Hepatoprotective,Digestion,Diarrhea,Vati (tablets),Sweet,"Smooth,Sharp,Subtle",Hot,Pungent,Analgesic,1,1,1,0,1,0,1,1,1,0,0,0,1,0,0,0,1,0,0,0,0,-2,-1,-1
1412,Palasha Latex,Palasha folia,Sour,Cold,Sour,Vata,Vata,Kerala,Diuretic,Skin diseases,Pregnancy,Avaleha (jam),Sour,Firm,Hot,Pungent,Aphrodisiac,1,0,0,0,0,0,0,1,0,0,0,0,0,1,0,0,0,0,1,0,0,-1,2,0
1413,Mustak — Kashmir Coastal,Mustak vernacularis,Pungent,Neutral,Sour,Kapha,Pitta,Tamil Nadu,Rejuvenative,Weight management,Diarrhea,Vati (tablets),Pungent,Rough,Cold,Astringent,Carminative,0,1,1,1,1,0,0,1,0,0,0,0,0,0,0,0,0,1,0,0,0,0,0,-3
1414,Ambadi Stem,Ambadi roots,Salty,Cool,Pungent,Vata,Kapha,India,Digestive stimulant,Heart health,Pregnancy,Ghrita (ghee),Salty,"Sharp,Subtle,Stable",Cold,Pungent,Rejuvenating,1,0,1,0,0,0,1,0,0,0,1,0,1,0,1,0,0,0,1,0,1,0,1,0
1415,Bala-varga Leaf,Bala-varga folia,Sweet,Cool,Astringent,Kapha,Pitta,Sri Lanka,Immunomodulatory,Weight management,Pitta excess,Avaleha (jam),Sweet,"Heavy,Subtle",Cold,Astringent,Galactagogue,0,1,1,0,0,0,0,0,0,0,0,0,1,0,0,1,0,1,0,0,0,0,-3,2
1416,Manjistha — Kashmir Coastal,Manjistha vernacularis,Salty,Neutral,Bitter,All,All,Assam,Hepatoprotective,Skin diseases,Bleeding disorders,Kashaya (decoction),Salty,Dry,Hot,Pungent,Nervine tonic,1,1,1,0,0,0,1,1,1,0,0,0,1,0,0,0,0,0,0,0,0,0,0,-2
1417,Triphala — Rural var. D,Triphala folia,Pungent,Cool,Sweet,Pitta,All,Himachal Pradesh,Rejuvenative,Female reproductive health,Pregnancy,Kashaya (decoction),Pungent,"Firm,Heavy,Subtle",Cold,Sweet,Rejuvenating,0,1,0,0,1,0,0,0,0,0,0,1,0,1,1,1,0,0,0,0,0,1,-1,0
1418,Kutaja Leaf,Kutaja alata,Astringent,Neutral,Pungent,Kapha,All,Himachal Pradesh,Adaptogenic,Heart health,Pitta excess,Ghrita (ghee),Astringent,Cloudy,Cold,Pungent,Galactagogue,0,0,1,0,0,0,0,0,0,0,1,0,0,1,1,0,0,0,1,0,0,2,-2,-2
1419,Kashmarya — Himalayan var. C,Kashmarya folia,Sweet,Warm,Bitter,Pitta,Pitta,Uttar Pradesh,Expectorant,Liver disorders,Cold constitution,Kashaya (decoction),Sweet,Light,Cold,Sweet,Demulcent,0,1,0,1,1,1,0,0,1,0,0,0,1,1,1,1,0,0,0,0,0,0,-3,3
1420,Jeevanti — Bark Wild,Jeevanti indica,Bitter,Cold,Pungent,Kapha,Kapha,Uttar Pradesh,Rejuvenative,"Stress, Anxiety",Pregnancy,Swarasa (juice),Bitter,"Mobile,Subtle,Dry",Cold,Pungent,Demulcent,0,0,1,0,0,1,1,0,0,1,0,0,0,0,0,1,0,0,1,0,0,3,-2,-2
1421,Nerundu Cultivated,Nerundu folia,Salty,Neutral,Sweet,All,Vata,Himachal Pradesh,Expectorant,Arthritis,Pregnancy,Taila (oil),Salty,"Sticky,Liquid,Mobile",Hot,Sweet,Demulcent,1,1,1,0,1,0,0,0,0,0,0,1,0,0,1,0,1,0,0,0,0,0,0,-1
1422,Harsingar Leaf,Harsingar indica,Sweet,Hot,Pungent,Vata,All,Sri Lanka,Expectorant,Digestion,Pregnancy,Kashaya (decoction),Sweet,"Cold,Light,Firm",Hot,Pungent,Aphrodisiac,1,0,0,0,1,0,0,0,1,0,1,0,1,0,0,1,1,0,0,0,1,-1,0,1
1423,Yashtimadhu — Mountain Root,Yashtimadhu alata,Bitter,Cool,Sour,Kapha,Kapha,Nepal,Cardiotonic,Female reproductive health,Pregnancy,Kwatha (decoction),Bitter,"Subtle,Light,Dry",Cold,Pungent,Nervine tonic,0,0,1,1,1,0,0,0,0,0,0,0,0,0,1,0,0,0,0,0,0,3,-2,-2
1424,Shilajit — Fruit Gum,Shilajit roots,Mixed,Warm,Sour,Kapha,All,West Bengal,Adaptogenic,Immunity,None,Avaleha (jam),Pungent,"Mobile,Clear",Cold,Astringent,Rejuvenative,0,0,1,1,0,1,1,0,1,0,0,0,0,0,0,0,0,1,0,0,1,1,1,-3
1425,Kutki — Bark Mountain,Kutki ins.,Astringent,Neutral,Pungent,Pitta,All,Kerala,Digestive stimulant,Arthritis,Pitta excess,Ghrita (ghee),Astringent,Bland,Cold,Pungent,Rejuvenative,0,1,0,0,0,1,0,0,1,0,0,1,0,0,0,0,1,1,1,0,0,2,-3,0
1426,Lodhra Fruit,Lodhra vernacularis,Pungent,Cool,Sweet,Vata,Kapha,Uttar Pradesh,Analgesic,Weight management,Pregnancy,Churna (powder),Pungent,"Soft,Hot,Dense",Cold,Sweet,Carminative,1,0,1,0,1,0,1,1,0,1,0,0,0,0,0,0,1,0,0,0,1,-2,2,-2
1427,Bilva — Stem Stem,Bilva ins.,Sour,Warm,Pungent,All,All,West Bengal,Expectorant,Arthritis,None,Kwatha (decoction),Sour,"Firm,Dense,Cloudy",Hot,Pungent,Nervine tonic,1,1,1,0,0,0,1,1,1,0,0,0,0,0,0,0,0,0,1,0,0,-1,0,-1
1428,Jatamansi — Kashmir Resin,Jatamansi folia,Sweet,Cold,Pungent,Vata,Kapha,Karnataka,Galactagogue,Weight management,Bleeding disorders,Avaleha (jam),Sweet,Bland,Hot,Pungent,Rejuvenative,1,0,1,0,0,1,1,0,0,1,0,1,0,0,0,0,1,1,0,0,0,-3,0,-1
1429,Asthisrinkhala — Flower Kerala,Asthisrinkhala folia,Salty,Neutral,Pungent,Pitta,Kapha,India,Antimicrobial,Skin diseases,Bleeding disorders,Kwatha (decoction),Salty,Cloudy,Hot,Pungent,Rejuvenative,0,1,1,1,1,1,1,1,0,1,1,0,0,0,1,0,0,0,1,0,0,1,0,-2
1430,Jeevanti — Fruit Cultivated,Jeevanti indica,Pungent,Neutral,Sweet,Vata,Kapha,Tamil Nadu,Expectorant,Weight management,Diarrhea,Kwatha (decoction),Pungent,"Clear,Cloudy,Dense",Cold,Sweet,Demulcent,1,0,1,0,1,1,0,0,0,0,0,0,1,0,0,0,0,0,0,0,0,-2,1,-2
1431,Danti Wild,Danti ins.,Pungent,Hot,Sweet,Pitta,All,Karnataka,Galactagogue,Digestion,Bleeding disorders,Vati (tablets),Pungent,Oily,Hot,Sweet,Galactagogue,0,1,0,1,0,1,0,0,0,0,0,0,0,1,1,0,0,0,1,0,0,0,1,-2
1432,Khadira-bark Tuber,Khadira-bark aria,Salty,Hot,Sour,All,Kapha,Sri Lanka,Diuretic,Liver disorders,None,Ghrita (ghee),Salty,Hot,Hot,Sweet,Detoxifying,1,1,1,0,0,0,0,0,0,1,0,0,0,0,1,0,1,0,1,0,1,-1,1,-2
1433,Parushaka — Kashmir Wild,Parushaka roots,Mixed,Cool,Sour,All,Kapha,Kerala,Diuretic,Weight management,Pitta excess,Swarasa (juice),Pungent,"Firm,Cloudy",Cold,Astringent,Galactagogue,1,1,1,0,0,1,0,0,0,1,1,1,0,0,0,0,0,1,0,0,1,-2,-1,-3
1434,Chirata,Chirata alata,Pungent,Cool,Bitter,Kapha,Vata,Assam,Galactagogue,Digestion,None,Avaleha (jam),Pungent,"Cold,Heavy",Cold,Sweet,Aphrodisiac,1,0,1,0,0,1,0,0,0,0,1,0,0,0,1,0,0,0,0,0,0,-1,1,-2
1435,Pingala,Pingala vernacularis,Pungent,Hot,Pungent,Vata,All,Himachal Pradesh,Immunomodulatory,Arthritis,None,Churna (powder),Pungent,"Hot,Soft",Hot,Pungent,Diaphoretic,1,0,0,0,1,0,0,0,0,0,1,0,0,0,0,0,0,0,0,1,0,-2,3,-3
1436,Kalonji — Kerala Resin,Kalonji roots,Bitter,Hot,Bitter,Vata,Kapha,Nepal,Antimicrobial,Skin diseases,Pregnancy,Kashaya (decoction),Bitter,"Dry,Heavy,Cloudy",Hot,Pungent,Galactagogue,1,0,1,1,0,0,1,0,1,1,1,0,1,0,0,1,0,1,0,0,1,1,0,-3
1437,Nerundu Leaf,Nerundu folia,Sour,Cool,Sweet,Kapha,Pitta,Sri Lanka,Digestive stimulant,Heart health,Diarrhea,Vati (tablets),Sour,"Sticky,Rough",Cold,Sweet,Galactagogue,0,1,1,0,1,1,0,0,0,0,0,0,0,0,0,0,0,0,0,1,0,1,-1,1
1438,Arjuna — Rural Tuber,Arjuna folia,Sweet,Hot,Sweet,All,Kapha,West Bengal,Expectorant,Digestion,Cold constitution,Swarasa (juice),Sweet,"Subtle,Oily",Hot,Sweet,Analgesic,1,1,1,0,1,0,1,0,1,1,1,0,0,0,1,0,0,0,0,1,1,-2,-2,0
1439,Bhrami-leaf Gum,Bhrami-leaf vernacularis,Salty,Warm,Astringent,Pitta,Kapha,Uttar Pradesh,Immunomodulatory,Liver disorders,Cold constitution,Avaleha (jam),Salty,Dense,Hot,Astringent,Aphrodisiac,0,1,1,1,1,1,0,1,1,0,0,0,1,0,0,0,0,0,1,0,0,1,0,-1
1440,Sigru,Sigru indica,Astringent,Hot,Pungent,All,Vata,Uttar Pradesh,Galactagogue,Weight management,Pitta excess,Churna (powder),Astringent,"Stable,Cloudy,Soft",Hot,Pungent,Demulcent,1,1,1,0,0,0,1,1,1,0,0,0,0,0,0,0,1,0,0,1,0,0,-2,-3
1441,Amla — Bark Plains,Amla roots,Pungent,Hot,Sour,Kapha,Vata,Sri Lanka,Hepatoprotective,Weight management,Cold constitution,Taila (oil),Pungent,"Stable,Dense,Dry",Hot,Astringent,Analgesic,1,0,1,0,0,1,0,0,1,0,0,0,0,0,0,0,1,0,0,0,0,-1,3,-3
1442,Bibhitaki — Malabar var. A,Bibhitaki officinalis,Sour,Hot,Bitter,Pitta,All,Himachal Pradesh,Anti-inflammatory,Liver disorders,Pregnancy,Taila (oil),Sour,"Light,Rough",Hot,Sweet,Analgesic,0,1,0,1,0,0,0,0,1,0,0,0,0,1,0,1,1,0,1,0,0,2,1,0
1443,Rishabhaka — Mountain Himalayan,Rishabhaka folia,Sweet,Warm,Sour,Vata,All,Rajasthan,Hepatoprotective,Hair care,Pregnancy,Kashaya (decoction),Sweet,"Oily,Dry",Cold,Astringent,Aphrodisiac,1,0,0,0,0,1,0,0,1,0,0,0,0,0,1,0,0,1,0,0,0,-2,-2,3
1444,Karanj Plains,Karanj roots,Salty,Cool,Pungent,Pitta,Kapha,India,Immunomodulatory,Liver disorders,Pregnancy,Taila (oil),Salty,"Light,Sharp,Smooth",Cold,Pungent,Diaphoretic,0,1,1,1,0,0,0,0,1,0,1,0,1,0,0,0,0,0,1,0,0,2,-1,0
1445,Punarnava — Kashmir Plains,Punarnava roots,Mixed,Hot,Astringent,Pitta,Vata,Uttar Pradesh,Antimicrobial,Hair care,None,Kashaya (decoction),Sweet,"Clear,Cloudy",Hot,Astringent,Detoxifying,1,1,0,1,1,0,1,1,0,1,0,1,0,0,0,0,1,1,0,1,0,-3,-2,1
1446,Asoka Bark,Asoka ins.,Sour,Neutral,Astringent,Vata,Pitta,Karnataka,Hepatoprotective,Female reproductive health,None,Avaleha (jam),Sour,"Rough,Smooth,Light",Hot,Astringent,Analgesic,1,1,0,0,0,1,0,0,1,0,1,1,0,0,0,0,0,0,0,0,0,0,1,0
1447,Mogra,Mogra vernacularis,Sour,Cool,Astringent,Pitta,Kapha,Karnataka,Analgesic,Female reproductive health,Cold constitution,Vati (tablets),Sour,Smooth,Cold,Astringent,Rejuvenating,0,1,1,1,1,0,0,0,1,0,1,0,0,0,0,0,0,0,0,1,1,1,-2,0
1448,Kukku Tuber,Kukku indica,Bitter,Cold,Sweet,Pitta,Kapha,Uttar Pradesh,Adaptogenic,Heart health,Cold constitution,Taila (oil),Bitter,"Smooth,Soft",Hot,Sweet,Nervine tonic,0,1,1,0,0,0,0,0,1,0,1,0,0,0,1,0,0,0,0,0,0,2,-2,-3
1449,Bibhitaki — Root Plains,Bibhitaki roots,Sweet,Cold,Sweet,Kapha,All,Himachal Pradesh,Immunomodulatory,Arthritis,Pregnancy,Ghrita (ghee),Sweet,"Cloudy,Heavy,Subtle",Cold,Sweet,Detoxifying,0,0,1,1,0,1,0,1,1,0,0,0,0,0,0,0,1,0,0,0,0,0,-2,2
1450,Bilva Assam,Bilva vernacularis,Bitter,Cool,Sweet,Vata,Kapha,West Bengal,Hepatoprotective,Immunity,Diarrhea,Kashaya (decoction),Bitter,"Clear,Liquid",Cold,Sweet,Demulcent,1,0,1,0,0,0,1,0,1,0,1,1,0,0,0,0,0,1,0,1,0,0,-2,-2
1451,Rasna — Kerala Seed,Rasna indica,Mixed,Cold,Sweet,Kapha,Kapha,West Bengal,Hepatoprotective,Female reproductive health,Cold constitution,Vati (tablets),Sweet,"Hot,Subtle",Cold,Sweet,Demulcent,0,0,1,1,1,0,0,1,1,1,0,0,0,0,1,1,0,1,0,1,0,0,-1,1
1452,Asana Malabar,Asana officinalis,Astringent,Warm,Bitter,Kapha,Pitta,West Bengal,Adaptogenic,Female reproductive health,Cold constitution,Vati (tablets),Astringent,Rough,Hot,Sweet,Rejuvenating,0,1,1,0,0,1,0,0,0,0,0,0,0,0,1,0,0,1,0,0,0,2,-1,-3
1453,Turmeric — Himalayan var. D,Turmeric roots,Sweet,Cool,Astringent,All,Kapha,Rajasthan,Adaptogenic,"Stress, Anxiety",None,Vati (tablets),Sweet,Sharp,Cold,Astringent,Nervine tonic,1,1,1,0,0,0,0,0,0,0,0,1,0,1,0,1,0,0,1,0,0,-3,-3,1
1454,Kumari Himalayan,Kumari officinalis,Pungent,Cool,Pungent,Vata,Pitta,Kerala,Anti-inflammatory,"Stress, Anxiety",Cold constitution,Vati (tablets),Pungent,"Hot,Dry",Cold,Pungent,Rejuvenating,1,1,0,1,0,1,0,1,0,1,1,0,0,0,0,0,0,0,0,0,1,-1,0,-1
1455,Pavul Kerala,Pavul folia,Mixed,Warm,Sour,Kapha,Pitta,Kerala,Immunomodulatory,Liver disorders,Pregnancy,Kwatha (decoction),Pungent,Mobile,Cold,Pungent,Detoxifying,0,1,1,1,0,0,0,0,1,1,0,0,0,1,0,0,0,0,1,0,1,1,-1,-3
1456,Bhrami-leaf Seed,Bhrami-leaf officinalis,Bitter,Cold,Astringent,All,All,Himachal Pradesh,Expectorant,"Stress, Anxiety",Pitta excess,Kashaya (decoction),Bitter,Dense,Hot,Astringent,Nervine tonic,1,1,1,1,0,0,1,0,0,0,1,0,0,0,0,1,0,0,0,0,0,0,-2,-3
1457,Udumbara — Malabar Latex,Udumbara folia,Astringent,Neutral,Sweet,Pitta,Kapha,West Bengal,Diuretic,Heart health,Cold constitution,Kwatha (decoction),Astringent,"Oily,Stable",Hot,Sweet,Aphrodisiac,0,1,1,0,1,1,0,1,0,1,0,0,0,0,0,0,0,1,0,0,0,2,-2,-3
1458,Safed musli — Stem var. B,Safed officinalis,Bitter,Cold,Sweet,Kapha,Kapha,India,Expectorant,Heart health,Bleeding disorders,Churna (powder),Bitter,"Soft,Smooth",Hot,Sweet,Aphrodisiac,0,0,1,0,1,1,1,0,0,1,0,0,1,0,0,0,0,1,1,0,1,2,0,-3
1459,Harsingar Malabar,Harsingar ins.,Salty,Cool,Sweet,Pitta,Pitta,Kerala,Hepatoprotective,Liver disorders,None,Churna (powder),Salty,"Clear,Mobile,Light",Cold,Sweet,Galactagogue,0,1,0,1,0,1,1,1,1,0,0,1,0,0,1,0,1,1,0,0,0,3,-2,2
1460,Draksha — Stem Assam,Draksha aria,Astringent,Cool,Bitter,Vata,Vata,Assam,Cardiotonic,"Stress, Anxiety",Pitta excess,Churna (powder),Astringent,"Clear,Oily",Cold,Pungent,Rejuvenating,1,0,0,0,0,0,0,1,0,1,0,0,0,0,0,1,1,0,0,0,0,0,-2,1
1461,Rakta-chandan Root,Rakta-chandan roots,Astringent,Neutral,Astringent,Pitta,Vata,Rajasthan,Digestive stimulant,Digestion,Diarrhea,Churna (powder),Astringent,Hot,Hot,Astringent,Nervine tonic,1,1,0,1,1,1,1,0,0,0,1,0,0,1,0,0,0,1,1,1,0,0,-1,-2
1462,Pingala Seed,Pingala vernacularis,Sweet,Cold,Pungent,Pitta,Pitta,Karnataka,Rejuvenative,Female reproductive health,Pregnancy,Vati (tablets),Sweet,"Bland,Smooth",Hot,Pungent,Detoxifying,0,1,0,0,0,0,0,0,0,1,0,1,0,0,0,0,1,0,0,0,0,-1,-2,1
1463,Khadira — Assam Bark,Khadira indica,Bitter,Cool,Pungent,Vata,Vata,Rajasthan,Expectorant,Weight management,None,Avaleha (jam),Bitter,"Hot,Liquid,Firm",Cold,Pungent,Carminative,1,0,0,0,0,0,0,1,0,0,1,0,0,0,0,0,0,0,0,1,0,0,-1,0
1464,Chopchini var. D,Chopchini indica,Pungent,Hot,Bitter,All,All,Kerala,Adaptogenic,Liver disorders,Pitta excess,Kashaya (decoction),Pungent,"Firm,Soft,Smooth",Hot,Sweet,Rejuvenative,1,1,1,0,0,0,0,0,0,0,0,0,0,0,0,0,0,1,0,0,0,-2,1,-3
1465,Kashmarya — Flower Cultivated,Kashmarya vernacularis,Pungent,Warm,Pungent,Pitta,Vata,Tamil Nadu,Cardiotonic,Female reproductive health,None,Ghrita (ghee),Pungent,"Stable,Mobile,Cloudy",Hot,Pungent,Carminative,1,1,0,1,1,0,1,0,0,1,1,0,0,1,0,1,0,0,0,0,0,-1,1,-3
1466,Haritaki — Mountain Tuber,Haritaki roots,Astringent,Warm,Astringent,Pitta,Pitta,Sri Lanka,Antimicrobial,Arthritis,Diarrhea,Swarasa (juice),Astringent,"Cold,Dense,Heavy",Hot,Astringent,Galactagogue,0,1,0,1,1,0,1,0,0,0,0,0,0,1,0,1,0,0,0,0,0,3,-2,0
1467,Ashwagandha — Himalayan Tuber,Ashwagandha vernacularis,Salty,Warm,Bitter,All,Vata,India,Digestive stimulant,Immunity,Cold constitution,Taila (oil),Salty,"Dense,Stable,Heavy",Hot,Astringent,Carminative,1,1,1,0,0,0,0,0,0,1,0,1,1,0,1,0,1,0,0,0,0,-1,0,0
1468,Bibhitaki — Kashmir Bark,Bibhitaki vernacularis,Sweet,Cool,Astringent,Pitta,Kapha,Kerala,Analgesic,Immunity,Pitta excess,Taila (oil),Sweet,Firm,Cold,Astringent,Rejuvenating,0,1,1,0,1,0,1,0,0,0,0,0,0,0,1,0,1,1,0,0,0,-1,-3,1
1469,Shatavari-var Kerala,Shatavari-var officinalis,Astringent,Warm,Pungent,Kapha,Kapha,India,Anti-inflammatory,Skin diseases,Bleeding disorders,Avaleha (jam),Astringent,Liquid,Hot,Pungent,Carminative,0,0,1,1,0,0,0,0,1,1,0,0,1,0,0,0,0,1,0,1,1,2,0,-3
1470,Plaksha — Seed Coastal,Plaksha folia,Pungent,Cold,Pungent,Pitta,Pitta,Rajasthan,Immunomodulatory,Immunity,None,Avaleha (jam),Pungent,"Dry,Sharp,Mobile",Hot,Pungent,Rejuvenating,0,1,0,1,1,0,1,0,1,0,0,1,0,0,0,0,0,0,0,0,0,2,2,-3
1471,Shankhapushpi — Indian Coastal,Shankhapushpi roots,Mixed,Cold,Astringent,All,Kapha,India,Adaptogenic,Immunity,Pitta excess,Churna (powder),Sour,"Rough,Liquid",Hot,Astringent,Carminative,1,1,1,0,0,0,0,0,1,0,0,0,0,0,0,0,0,1,0,1,0,-1,1,-2
1472,Atish Plains,Atish officinalis,Sweet,Cool,Sweet,Vata,All,Sri Lanka,Cardiotonic,Arthritis,Pitta excess,Taila (oil),Sweet,Light,Cold,Sweet,Aphrodisiac,1,0,0,1,1,0,0,1,0,0,1,0,0,0,0,1,1,0,0,1,0,-2,-2,3
1473,Daru haridra — Flower var. B,Daru alata,Pungent,Hot,Sour,Kapha,Pitta,India,Immunomodulatory,Arthritis,Pitta excess,Churna (powder),Pungent,"Hot,Cloudy,Cold",Hot,Pungent,Rejuvenating,0,1,1,0,0,1,1,0,0,0,0,0,0,0,0,0,0,1,0,0,0,1,2,-3
1474,Tagara Seed,Tagara alata,Astringent,Neutral,Bitter,Kapha,All,Rajasthan,Digestive stimulant,Immunity,Pregnancy,Churna (powder),Astringent,"Subtle,Liquid,Stable",Hot,Pungent,Analgesic,0,0,1,0,0,0,0,0,0,0,1,0,1,0,0,1,0,0,0,0,0,3,0,-3
1475,Phalsa,Phalsa folia,Sour,Cool,Astringent,All,Pitta,Rajasthan,Expectorant,Female reproductive health,Bleeding disorders,Kwatha (decoction),Sour,"Firm,Soft,Sticky",Cold,Astringent,Carminative,1,1,1,1,0,0,1,1,1,0,1,0,1,0,1,0,0,0,0,0,0,-1,-2,1
1476,Chirata Stem,Chirata ins.,Pungent,Cool,Astringent,Kapha,Kapha,Karnataka,Rejuvenative,Respiratory support,Pitta excess,Vati (tablets),Pungent,"Liquid,Sticky",Cold,Astringent,Carminative,0,0,1,0,0,0,0,0,0,1,0,0,1,1,1,0,0,1,0,0,0,0,1,-2
1477,Shweta jeeraka Cultivated,Shweta ins.,Pungent,Hot,Sweet,Vata,Vata,Kerala,Digestive stimulant,Digestion,Bleeding disorders,Avaleha (jam),Pungent,Cold,Hot,Sweet,Diaphoretic,1,0,0,0,0,0,0,0,0,1,0,0,0,0,0,0,1,0,0,0,0,-1,3,-3
1478,Asana Kashmir,Asana vernacularis,Mixed,Hot,Pungent,Pitta,Pitta,West Bengal,Antimicrobial,Hair care,None,Taila (oil),Astringent,"Soft,Firm,Dense",Hot,Pungent,Rejuvenating,0,1,0,1,0,1,1,0,0,1,0,1,1,0,1,0,0,1,0,0,0,2,-2,-1
1479,Ambadi Flower,Ambadi indica,Sour,Warm,Bitter,Vata,All,Uttar Pradesh,Diuretic,Respiratory support,Pregnancy,Swarasa (juice),Sour,"Rough,Stable",Cold,Astringent,Aphrodisiac,1,0,0,0,1,1,0,0,0,0,1,0,0,0,0,0,1,0,1,1,1,-1,1,2
1480,Tamalaki Kerala,Tamalaki roots,Sour,Cold,Sour,Pitta,All,Tamil Nadu,Immunomodulatory,Heart health,None,Kashaya (decoction),Sour,"Light,Rough,Dense",Cold,Astringent,Detoxifying,0,1,0,0,0,0,0,0,1,0,1,0,0,0,1,0,1,0,0,1,0,2,-1,3
1481,Kashmarya — Kashmir var. A,Kashmarya ins.,Sweet,Neutral,Sour,All,All,Nepal,Analgesic,Liver disorders,Bleeding disorders,Kwatha (decoction),Sweet,Dense,Cold,Sweet,Carminative,1,1,1,0,1,0,0,0,1,1,0,1,0,0,0,0,0,0,1,0,0,-3,-3,2
1482,Nerundu Coastal,Nerundu ins.,Sour,Hot,Astringent,All,All,Uttar Pradesh,Adaptogenic,Immunity,Cold constitution,Ghrita (ghee),Sour,Dense,Hot,Astringent,Rejuvenating,1,1,1,0,0,1,0,1,1,0,1,1,1,0,0,0,0,1,0,0,1,-1,0,-1
1483,Shilajit — Kashmir Coastal,Shilajit indica,Astringent,Neutral,Sweet,Pitta,Pitta,Himachal Pradesh,Hepatoprotective,Hair care,Pregnancy,Kashaya (decoction),Astringent,Soft,Cold,Sweet,Demulcent,0,1,0,0,0,0,0,0,1,1,0,0,0,0,1,0,0,0,0,1,0,2,-3,0
1484,Atish Gum,Atish roots,Sweet,Cool,Sour,All,Pitta,Kerala,Galactagogue,Arthritis,Pregnancy,Kwatha (decoction),Sweet,"Dry,Bland",Cold,Pungent,Rejuvenative,1,1,1,1,1,1,0,1,1,0,0,0,1,0,1,0,0,0,0,0,1,-2,-3,1
1485,Triphala — Latex Gum,Triphala folia,Sour,Cool,Sour,Kapha,All,West Bengal,Anti-inflammatory,Respiratory support,Diarrhea,Swarasa (juice),Sour,"Sticky,Smooth,Soft",Cold,Sweet,Carminative,0,0,1,1,0,0,0,0,1,1,0,1,1,0,0,0,0,0,0,0,0,1,0,1
1486,Khadira Coastal,Khadira ins.,Astringent,Neutral,Bitter,Pitta,Vata,India,Hepatoprotective,Digestion,Bleeding disorders,Churna (powder),Astringent,"Soft,Light",Cold,Pungent,Demulcent,1,1,0,0,0,0,0,1,1,0,1,1,0,0,0,0,1,0,0,1,0,1,-3,0
1487,Chirata Assam,Chirata officinalis,Sweet,Cold,Pungent,Vata,All,Kerala,Immunomodulatory,Immunity,Cold constitution,Churna (powder),Sweet,Sticky,Cold,Pungent,Galactagogue,1,0,0,0,1,0,0,0,0,0,1,0,0,0,0,0,0,1,0,0,1,-3,-2,3
1488,Pippali — Stem Kashmir,Pippali aria,Bitter,Cold,Sweet,Kapha,Kapha,West Bengal,Digestive stimulant,Respiratory support,Bleeding disorders,Ghrita (ghee),Bitter,"Sharp,Liquid",Cold,Sweet,Galactagogue,0,0,1,1,0,0,0,0,0,1,1,0,0,0,0,0,0,0,0,0,1,2,-1,-2
1489,Rohitak Stem,Rohitak folia,Sour,Hot,Sweet,All,Vata,Nepal,Rejuvenative,"Stress, Anxiety",Pregnancy,Avaleha (jam),Sour,Rough,Hot,Sweet,Aphrodisiac,1,1,1,0,0,1,0,0,1,0,1,0,0,0,0,1,0,0,0,0,0,-1,1,-2
1490,Haritaki — Root Kerala,Haritaki aria,Astringent,Neutral,Pungent,Pitta,Pitta,Sri Lanka,Hepatoprotective,Hair care,Pitta excess,Kwatha (decoction),Astringent,"Rough,Smooth,Firm",Cold,Pungent,Detoxifying,0,1,0,1,0,1,1,0,1,0,0,0,0,0,0,0,1,0,1,0,0,2,-3,0
1491,Devadaru — Stem Malabar,Devadaru officinalis,Astringent,Hot,Sour,Pitta,All,Tamil Nadu,Galactagogue,Arthritis,Cold constitution,Avaleha (jam),Astringent,Stable,Hot,Astringent,Detoxifying,0,1,0,0,1,0,0,0,0,0,0,0,0,0,1,0,0,1,0,0,0,2,-2,-2
1492,Haridra — Bark Himalayan,Haridra officinalis,Mixed,Cold,Bitter,All,Vata,Rajasthan,Digestive stimulant,Weight management,Diarrhea,Churna (powder),Sweet,Heavy,Cold,Pungent,Diaphoretic,1,1,1,0,0,1,1,1,0,0,0,0,0,1,0,0,0,1,0,1,0,-3,-3,2
1493,Punarnava — Bark Coastal,Punarnava folia,Pungent,Cool,Sweet,Vata,Vata,Nepal,Cardiotonic,Arthritis,Bleeding disorders,Taila (oil),Pungent,"Light,Hot",Cold,Sweet,Diaphoretic,1,0,0,0,1,1,1,0,1,0,0,0,0,1,0,1,1,0,1,0,0,-1,2,-1
1494,Sigru Resin,Sigru ins.,Astringent,Cold,Bitter,All,All,West Bengal,Cardiotonic,Liver disorders,None,Swarasa (juice),Astringent,"Heavy,Stable,Mobile",Cold,Sweet,Carminative,1,1,1,0,0,1,0,0,0,0,1,1,0,1,0,0,1,0,0,1,0,1,-3,-1
1495,Mogra var. B,Mogra roots,Astringent,Warm,Sweet,Vata,All,West Bengal,Antimicrobial,Immunity,Cold constitution,Taila (oil),Astringent,"Sharp,Sticky",Hot,Sweet,Diaphoretic,1,0,0,1,0,1,1,0,0,1,0,1,0,0,0,0,0,0,0,0,0,0,1,-1
1496,Shalaparni-var Kerala,Shalaparni-var alata,Sour,Cold,Astringent,Vata,All,Karnataka,Immunomodulatory,Immunity,Cold constitution,Kashaya (decoction),Sour,"Rough,Liquid",Hot,Astringent,Rejuvenating,1,0,0,0,0,0,1,0,0,0,1,0,1,0,0,0,1,0,1,0,0,-1,3,0
1497,Daru haridra — Resin Malabar,Daru indica,Salty,Cool,Sour,All,All,Assam,Cardiotonic,Female reproductive health,Cold constitution,Vati (tablets),Salty,"Firm,Subtle,Smooth",Cold,Pungent,Galactagogue,1,1,1,0,0,1,1,0,0,0,0,0,0,0,0,1,1,1,0,0,1,0,-2,0
1498,Saindhava Resin,Saindhava folia,Bitter,Hot,Pungent,Pitta,Vata,Karnataka,Rejuvenative,Hair care,Pitta excess,Vati (tablets),Bitter,"Stable,Dry,Clear",Hot,Pungent,Carminative,1,1,0,1,1,1,1,0,1,0,0,1,0,0,0,0,0,0,0,1,0,1,-2,-2
1499,Shankhapushpi — Kerala Stem,Shankhapushpi roots,Bitter,Cool,Bitter,Vata,Vata,Nepal,Galactagogue,Hair care,Cold constitution,Swarasa (juice),Bitter,Dry,Cold,Pungent,Rejuvenating,1,0,0,1,0,0,0,0,1,0,0,0,0,0,0,1,0,1,1,1,0,1,-2,0
1500,Jatamansi — Leaf Latex,Jatamansi aria,Bitter,Hot,Sour,All,Kapha,Kerala,Immunomodulatory,Arthritis,Diarrhea,Kashaya (decoction),Bitter,Liquid,Hot,Sweet,Analgesic,1,1,1,1,0,1,1,0,0,0,0,0,0,0,1,0,0,0,0,0,0,0,-2,-3
1501,Rohitak var. D,Rohitak ins.,Mixed,Cold,Bitter,Vata,Vata,Nepal,Expectorant,Hair care,Pregnancy,Avaleha (jam),Salty,"Rough,Soft",Cold,Sweet,Rejuvenating,1,0,0,0,0,0,0,0,1,0,0,0,0,0,1,0,0,0,0,0,0,-1,1,2
1502,Pippali — Himalayan Stem,Pippali ins.,Sweet,Warm,Pungent,Vata,Vata,Uttar Pradesh,Digestive stimulant,Female reproductive health,Pitta excess,Kashaya (decoction),Sweet,"Oily,Soft",Hot,Pungent,Analgesic,1,0,0,1,0,1,0,0,0,0,0,0,0,1,0,0,0,0,0,0,1,-3,0,2
1503,Talisa Resin,Talisa vernacularis,Mixed,Warm,Pungent,All,Vata,West Bengal,Cardiotonic,Liver disorders,Diarrhea,Avaleha (jam),Salty,"Bland,Liquid,Dense",Hot,Pungent,Diaphoretic,1,1,1,1,0,0,0,0,0,1,0,0,0,0,0,0,0,0,1,0,0,-1,0,-1
1504,Udumbara — Resin Resin,Udumbara folia,Sweet,Neutral,Pungent,Pitta,Vata,Sri Lanka,Cardiotonic,Immunity,None,Kwatha (decoction),Sweet,"Stable,Firm",Cold,Pungent,Rejuvenative,1,1,0,1,0,0,0,0,0,1,1,0,0,0,0,0,0,0,0,1,0,-3,-3,3
1505,Mogra var. A,Mogra aria,Salty,Warm,Bitter,Pitta,Kapha,Assam,Expectorant,Female reproductive health,None,Kashaya (decoction),Salty,Soft,Hot,Sweet,Diaphoretic,0,1,1,1,0,0,0,0,0,1,0,0,1,0,0,0,1,0,1,1,0,1,0,-2
1506,Bala-varga Flower,Bala-varga officinalis,Salty,Cool,Sour,Kapha,Vata,India,Analgesic,Female reproductive health,Cold constitution,Taila (oil),Salty,Rough,Cold,Pungent,Detoxifying,1,0,1,0,1,0,0,0,0,0,0,0,0,0,0,0,0,1,0,0,0,-1,1,0
1507,Manjistha — Malabar Wild,Manjistha folia,Mixed,Cool,Sweet,Pitta,Vata,Assam,Diuretic,Heart health,None,Taila (oil),Astringent,"Mobile,Stable,Dry",Cold,Sweet,Rejuvenative,1,1,0,1,0,1,1,1,0,0,0,1,0,0,0,0,0,0,0,0,0,2,-3,0
1508,Jatamansi — Seed Fruit,Jatamansi alata,Mixed,Cool,Sweet,Vata,Kapha,Uttar Pradesh,Diuretic,Digestion,Pregnancy,Churna (powder),Pungent,Bland,Cold,Sweet,Carminative,1,0,1,0,1,0,0,0,0,1,0,0,0,0,0,0,0,0,0,1,0,-2,1,-3
1509,Rakta-chandan Resin,Rakta-chandan roots,Astringent,Hot,Bitter,All,All,Assam,Expectorant,Liver disorders,Bleeding disorders,Taila (oil),Astringent,"Oily,Heavy",Hot,Pungent,Detoxifying,1,1,1,0,0,1,0,1,1,1,0,0,0,1,0,0,0,0,0,0,0,0,-2,-2
1510,Atish Assam,Atish alata,Sour,Cool,Sweet,Kapha,Pitta,Assam,Antimicrobial,Weight management,None,Kwatha (decoction),Sour,"Stable,Firm",Cold,Sweet,Rejuvenative,0,1,1,1,0,1,1,0,1,1,1,0,1,0,0,0,0,0,0,1,0,1,-2,0
1511,Medhya herbs var. A,Medhya officinalis,Pungent,Cold,Bitter,Kapha,Kapha,India,Antimicrobial,Liver disorders,Cold constitution,Avaleha (jam),Pungent,"Light,Mobile",Hot,Pungent,Diaphoretic,0,0,1,1,0,0,1,0,0,1,0,1,0,1,1,1,0,0,0,0,0,2,3,-3
1512,Haridra — Stem Mountain,Haridra ins.,Salty,Warm,Sour,Pitta,Vata,Rajasthan,Adaptogenic,Immunity,Bleeding disorders,Kwatha (decoction),Salty,"Sticky,Liquid",Hot,Sweet,Nervine tonic,1,1,0,1,1,1,0,0,0,0,0,0,0,0,0,1,0,0,0,0,0,-1,0,1
1513,Adulsa var. B,Adulsa indica,Bitter,Neutral,Sour,Vata,All,Sri Lanka,Antimicrobial,Skin diseases,Pregnancy,Taila (oil),Bitter,"Clear,Subtle",Hot,Pungent,Carminative,1,0,0,1,0,0,1,0,0,0,1,0,1,0,0,0,0,0,0,1,0,1,0,-2
1514,Shalaparni-var Mountain,Shalaparni-var vernacularis,Astringent,Cold,Bitter,Kapha,Pitta,Karnataka,Antimicrobial,Arthritis,Bleeding disorders,Kashaya (decoction),Astringent,Smooth,Hot,Sweet,Aphrodisiac,0,1,1,1,0,0,1,1,0,0,0,1,0,0,0,0,0,1,0,0,1,2,-2,-3
1515,Piyala Leaf,Piyala aria,Sweet,Cold,Astringent,Pitta,All,Uttar Pradesh,Anti-inflammatory,Respiratory support,Pregnancy,Kwatha (decoction),Sweet,"Smooth,Oily,Mobile",Cold,Astringent,Rejuvenative,0,1,0,1,0,0,0,0,0,1,0,0,1,0,0,0,0,0,0,1,0,0,-3,3
1516,Punarnava — Malabar Latex,Punarnava vernacularis,Astringent,Warm,Pungent,Kapha,Kapha,Himachal Pradesh,Rejuvenative,"Stress, Anxiety",Pregnancy,Kwatha (decoction),Astringent,Cloudy,Hot,Pungent,Analgesic,0,0,1,1,1,0,0,0,0,0,1,1,1,0,1,1,0,0,0,0,0,2,0,-3
1517,Vidarikanda — Indian var. D,Vidarikanda officinalis,Sour,Neutral,Astringent,Vata,Pitta,Kerala,Adaptogenic,"Stress, Anxiety",Bleeding disorders,Swarasa (juice),Sour,"Soft,Mobile,Subtle",Hot,Astringent,Galactagogue,1,1,0,0,1,0,0,0,0,0,0,1,0,0,0,0,0,0,0,1,0,1,0,0
1518,Tulsi — Seed Gum,Tulsi folia,Bitter,Cool,Astringent,Kapha,Kapha,West Bengal,Galactagogue,Respiratory support,Cold constitution,Churna (powder),Bitter,"Heavy,Cloudy",Cold,Astringent,Rejuvenative,0,0,1,0,0,0,0,1,1,1,1,1,0,0,1,0,1,1,0,0,0,2,-2,-1
1519,Dhataki Root,Dhataki folia,Astringent,Warm,Sour,Vata,All,India,Antimicrobial,Heart health,Bleeding disorders,Ghrita (ghee),Astringent,Oily,Cold,Pungent,Rejuvenating,1,0,0,1,0,0,1,0,1,1,0,0,1,0,0,0,0,0,0,0,0,0,-2,1
1520,Ashwagandha var. B,Ashwagandha officinalis,Sour,Neutral,Pungent,Pitta,Vata,Tamil Nadu,Expectorant,Arthritis,Bleeding disorders,Kwatha (decoction),Sour,"Firm,Stable",Cold,Pungent,Galactagogue,1,1,0,0,0,1,0,0,0,1,1,1,0,1,1,0,0,0,0,0,0,-1,-2,2
1521,Chopchini Fruit,Chopchini aria,Bitter,Cool,Sour,Pitta,Kapha,Tamil Nadu,Diuretic,"Stress, Anxiety",Pregnancy,Kwatha (decoction),Bitter,"Smooth,Clear,Subtle",Cold,Astringent,Nervine tonic,0,1,1,1,1,0,0,0,0,0,0,0,1,0,0,0,1,0,0,1,1,3,-3,-2
1522,Asthisrinkhala — Mountain Flower,Asthisrinkhala folia,Astringent,Warm,Sweet,Kapha,Kapha,Sri Lanka,Hepatoprotective,Skin diseases,Pitta excess,Churna (powder),Astringent,"Heavy,Clear,Mobile",Cold,Sweet,Detoxifying,0,0,1,0,0,0,0,0,1,0,0,0,0,0,0,0,0,1,0,0,0,3,-2,-1
1523,Musta Coastal,Musta roots,Salty,Neutral,Sour,All,Kapha,West Bengal,Cardiotonic,Immunity,Bleeding disorders,Taila (oil),Salty,Cloudy,Cold,Astringent,Demulcent,1,1,1,0,0,1,0,0,1,0,0,0,0,0,0,1,0,1,1,0,0,-1,-2,0
1524,Bala — Stem Cultivated,Bala indica,Bitter,Cool,Sour,Pitta,Vata,Assam,Diuretic,Female reproductive health,Pitta excess,Kwatha (decoction),Bitter,"Subtle,Oily,Dry",Cold,Sweet,Nervine tonic,1,1,0,0,0,0,0,1,1,0,0,1,1,0,1,0,0,0,0,1,0,2,-3,1
1525,Kashmarya — Assam Stem,Kashmarya folia,Pungent,Neutral,Sweet,All,Pitta,Assam,Anti-inflammatory,Weight management,None,Kashaya (decoction),Pungent,"Clear,Liquid,Oily",Cold,Sweet,Detoxifying,1,1,1,1,0,0,0,1,0,0,1,1,0,0,1,0,0,0,1,0,0,-2,-1,-2
1526,Shatavari-var var. A,Shatavari-var vernacularis,Astringent,Cool,Pungent,Vata,Kapha,Himachal Pradesh,Expectorant,Liver disorders,Cold constitution,Taila (oil),Astringent,Sharp,Cold,Pungent,Analgesic,1,0,1,0,0,0,0,0,0,0,0,1,0,0,0,0,0,0,0,0,1,0,-1,-2
1527,Karavellaka — Stem var. D,Karavellaka aria,Mixed,Hot,Sweet,Pitta,Kapha,West Bengal,Adaptogenic,Immunity,Bleeding disorders,Taila (oil),Astringent,"Firm,Subtle,Rough",Hot,Sweet,Nervine tonic,0,1,1,1,0,0,0,0,0,1,0,1,1,0,0,0,0,1,0,0,0,3,-1,-3
1528,Pavul,Pavul roots,Pungent,Warm,Sweet,All,Vata,Kerala,Hepatoprotective,Liver disorders,Cold constitution,Kashaya (decoction),Pungent,Dry,Hot,Sweet,Rejuvenative,1,1,1,1,0,0,0,1,1,1,0,0,0,0,1,1,0,0,0,0,0,-1,1,-3
1529,Bala — Bark Gum,Bala aria,Sweet,Neutral,Sweet,Vata,Pitta,Rajasthan,Expectorant,Skin diseases,Bleeding disorders,Churna (powder),Sweet,Soft,Hot,Sweet,Detoxifying,1,1,0,0,0,0,0,0,0,0,0,0,0,0,0,0,1,0,0,0,0,-3,-2,1
1530,Rohitak Kashmir,Rohitak ins.,Mixed,Hot,Sour,Vata,All,India,Analgesic,Female reproductive health,None,Taila (oil),Astringent,Firm,Hot,Sweet,Nervine tonic,1,0,0,0,1,0,0,1,0,0,1,0,0,0,0,0,0,0,0,0,1,0,0,-2
1531,Shirisha Assam,Shirisha ins.,Sour,Warm,Bitter,Pitta,Vata,Uttar Pradesh,Analgesic,Arthritis,Pitta excess,Vati (tablets),Sour,"Cold,Cloudy,Firm",Cold,Pungent,Demulcent,1,1,0,0,1,1,1,0,0,1,0,0,1,0,1,0,1,0,1,0,0,0,-2,2
1532,Devadaru — Assam var. C,Devadaru roots,Astringent,Hot,Bitter,Vata,Pitta,Rajasthan,Cardiotonic,Heart health,Bleeding disorders,Avaleha (jam),Astringent,Sharp,Hot,Astringent,Rejuvenative,1,1,0,0,0,1,1,0,0,0,0,0,0,1,0,0,0,1,0,0,1,0,-1,-2
1533,Puskara Latex,Puskara roots,Mixed,Warm,Pungent,Vata,All,Karnataka,Immunomodulatory,Arthritis,Cold constitution,Kwatha (decoction),Sour,Sharp,Hot,Pungent,Galactagogue,1,0,0,0,1,0,0,0,0,0,0,0,0,1,0,1,1,0,0,1,0,-1,3,0
1534,Eranda — Wild var. A,Eranda aria,Salty,Cold,Sour,Pitta,Vata,West Bengal,Galactagogue,Female reproductive health,Diarrhea,Swarasa (juice),Salty,Cold,Cold,Astringent,Diaphoretic,1,1,0,0,1,0,1,1,0,0,1,0,1,0,0,0,0,0,0,0,0,0,-2,2
1535,Asthisrinkhala — Stem Assam,Asthisrinkhala indica,Sweet,Neutral,Astringent,All,Kapha,Nepal,Anti-inflammatory,Heart health,Pregnancy,Churna (powder),Sweet,"Dry,Oily,Soft",Cold,Astringent,Galactagogue,1,1,1,1,0,1,0,1,0,0,0,0,0,0,0,0,1,0,1,0,0,-2,-3,2
1536,Asana Gum,Asana roots,Bitter,Cool,Bitter,Vata,Pitta,Karnataka,Expectorant,Skin diseases,Bleeding disorders,Taila (oil),Bitter,"Dense,Light",Cold,Pungent,Rejuvenating,1,1,0,1,1,0,0,1,1,1,0,0,0,0,0,1,1,0,1,0,1,1,-3,1
1537,Puskara Gum,Puskara indica,Salty,Neutral,Sweet,Pitta,Kapha,India,Analgesic,Weight management,Pitta excess,Taila (oil),Salty,"Smooth,Bland",Hot,Sweet,Rejuvenating,0,1,1,1,1,1,0,1,1,0,1,1,0,0,0,0,0,0,0,1,1,1,0,-2
1538,Jatamansi — Rural Resin,Jatamansi ins.,Bitter,Neutral,Astringent,Kapha,Kapha,Sri Lanka,Digestive stimulant,Digestion,None,Ghrita (ghee),Bitter,Soft,Cold,Astringent,Detoxifying,0,0,1,1,0,1,0,1,0,0,0,0,0,1,0,0,0,0,0,0,0,2,-2,-2
1539,Apamarga — Indian var. D,Apamarga roots,Mixed,Cool,Pungent,Kapha,Pitta,West Bengal,Expectorant,Arthritis,Pitta excess,Vati (tablets),Pungent,"Hot,Subtle,Bland",Cold,Pungent,Demulcent,0,1,1,0,0,0,0,0,0,0,0,0,0,1,1,0,1,1,0,0,0,1,0,-3
1540,Guduchi Fruit,Guduchi alata,Bitter,Hot,Sour,Kapha,Kapha,India,Anti-inflammatory,Skin diseases,Bleeding disorders,Taila (oil),Bitter,"Soft,Hot",Hot,Sweet,Detoxifying,0,0,1,1,0,1,0,0,0,0,1,0,1,0,1,0,0,0,0,1,0,2,1,-3
1541,Neem — Wild Leaf,Neem roots,Salty,Warm,Pungent,Vata,All,Himachal Pradesh,Expectorant,Heart health,Pregnancy,Swarasa (juice),Salty,"Mobile,Oily,Smooth",Hot,Pungent,Diaphoretic,1,0,0,0,0,0,1,0,1,0,0,1,0,0,1,0,1,1,0,0,0,0,2,1
1542,Rohitak Bark,Rohitak vernacularis,Mixed,Neutral,Sweet,Vata,Kapha,Tamil Nadu,Digestive stimulant,Immunity,Diarrhea,Kashaya (decoction),Bitter,"Mobile,Liquid,Stable",Cold,Sweet,Rejuvenating,1,0,1,0,0,0,0,1,0,0,0,1,0,1,0,0,0,0,1,0,0,1,-2,-2
1543,Kumari,Kumari alata,Bitter,Hot,Sour,Vata,Kapha,Himachal Pradesh,Galactagogue,Respiratory support,Bleeding disorders,Swarasa (juice),Bitter,"Sticky,Hot,Dry",Hot,Astringent,Analgesic,1,0,1,0,0,0,0,0,0,0,0,0,0,0,0,0,0,1,0,0,0,1,1,-3
1544,Draksha — Himalayan var. B,Draksha indica,Sour,Warm,Sour,All,Pitta,Assam,Adaptogenic,Immunity,Diarrhea,Kashaya (decoction),Sour,"Hot,Liquid,Firm",Hot,Sweet,Detoxifying,1,1,1,0,0,1,0,0,1,1,0,1,0,0,1,0,0,0,1,0,0,-1,1,-2
1545,Ananta Tuber,Ananta alata,Salty,Neutral,Sour,Kapha,Vata,Rajasthan,Anti-inflammatory,Weight management,Diarrhea,Swarasa (juice),Salty,"Stable,Sharp",Hot,Astringent,Rejuvenative,1,0,1,1,0,0,0,1,0,0,0,0,0,0,0,1,0,0,0,0,0,-1,3,-2
1546,Nirgundi — Bark Mountain,Nirgundi aria,Salty,Hot,Bitter,Pitta,Vata,Tamil Nadu,Anti-inflammatory,Respiratory support,Diarrhea,Swarasa (juice),Salty,"Dense,Firm,Light",Hot,Astringent,Detoxifying,1,1,0,1,0,0,0,0,1,0,1,0,0,1,0,0,0,1,0,1,0,0,0,1
1547,Neem — Malabar Mountain,Neem officinalis,Bitter,Neutral,Sweet,All,Vata,Tamil Nadu,Hepatoprotective,Hair care,Pitta excess,Kashaya (decoction),Bitter,Sharp,Hot,Sweet,Analgesic,1,1,1,0,0,0,0,0,1,1,0,0,0,0,0,0,0,1,1,0,1,0,-1,-3
1548,Ashwagandha — Coastal Mountain,Ashwagandha officinalis,Bitter,Cool,Pungent,Pitta,All,Rajasthan,Galactagogue,Digestion,Diarrhea,Kashaya (decoction),Bitter,Heavy,Cold,Pungent,Rejuvenative,0,1,0,0,0,0,0,0,0,0,0,0,0,0,0,0,1,0,1,0,0,2,-3,1
1549,Safed musli — Coastal var. B,Safed officinalis,Pungent,Hot,Bitter,All,Pitta,Assam,Hepatoprotective,Hair care,Bleeding disorders,Vati (tablets),Pungent,"Subtle,Hot,Mobile",Hot,Astringent,Carminative,1,1,1,0,0,0,0,1,1,0,1,1,0,1,0,0,0,0,0,1,0,0,2,-3
1550,Khadira-bark Wild,Khadira-bark officinalis,Salty,Warm,Sour,Pitta,Vata,Karnataka,Antimicrobial,Respiratory support,Cold constitution,Swarasa (juice),Salty,"Cold,Liquid",Cold,Sweet,Demulcent,1,1,0,1,0,0,1,0,1,0,0,0,1,0,0,0,0,1,0,1,1,0,-2,2
1551,Rasna — Seed var. A,Rasna indica,Bitter,Hot,Bitter,Kapha,Kapha,Assam,Rejuvenative,Female reproductive health,None,Vati (tablets),Bitter,"Oily,Mobile",Hot,Pungent,Rejuvenative,0,0,1,1,0,0,0,0,0,1,0,0,0,0,0,0,1,0,0,0,0,3,0,-3
1552,Chitrak Root,Chitrak ins.,Astringent,Warm,Bitter,Pitta,Vata,Sri Lanka,Analgesic,"Stress, Anxiety",Pregnancy,Swarasa (juice),Astringent,"Clear,Cold,Smooth",Cold,Pungent,Demulcent,1,1,0,1,1,0,0,0,1,1,0,1,0,0,0,0,0,1,0,0,1,1,-3,0
1553,Ginger — Mountain Kashmir,Ginger ins.,Sweet,Neutral,Bitter,Pitta,All,India,Cardiotonic,Liver disorders,Bleeding disorders,Ghrita (ghee),Sweet,"Subtle,Stable",Cold,Astringent,Analgesic,0,1,0,1,0,0,0,1,0,1,0,0,0,1,0,0,0,0,0,0,0,0,-3,3
1554,Mustak — Fruit Bark,Mustak aria,Bitter,Hot,Bitter,All,Pitta,Kerala,Digestive stimulant,Female reproductive health,None,Taila (oil),Bitter,Cold,Hot,Astringent,Aphrodisiac,1,1,1,0,1,1,1,0,0,1,0,0,0,1,0,0,1,0,0,1,0,1,-2,-3
1555,Priyangu — Root var. C,Priyangu folia,Salty,Warm,Astringent,Pitta,All,Rajasthan,Diuretic,"Stress, Anxiety",None,Churna (powder),Salty,"Stable,Clear,Oily",Hot,Astringent,Detoxifying,0,1,0,0,1,0,0,0,0,0,0,1,0,0,0,1,0,1,0,0,1,1,0,1
1556,Asthisrinkhala — Fruit Root,Asthisrinkhala folia,Sweet,Neutral,Pungent,All,Vata,India,Antimicrobial,Immunity,Cold constitution,Kashaya (decoction),Sweet,Smooth,Hot,Pungent,Carminative,1,1,1,1,0,0,1,1,0,1,0,0,0,0,1,0,1,0,1,1,0,-3,-2,-1
1557,Shirisha Seed,Shirisha alata,Salty,Cool,Sweet,Vata,All,Uttar Pradesh,Cardiotonic,Arthritis,Pregnancy,Kwatha (decoction),Salty,Stable,Cold,Sweet,Galactagogue,1,0,0,0,1,0,1,1,1,0,1,0,0,0,1,0,0,0,0,0,0,-1,0,2
1558,Guduchi — Leaf Gum,Guduchi officinalis,Sweet,Neutral,Pungent,Pitta,All,Kerala,Cardiotonic,Skin diseases,Diarrhea,Swarasa (juice),Sweet,"Cloudy,Heavy",Cold,Pungent,Rejuvenating,0,1,0,0,0,1,0,0,0,0,0,1,0,0,1,0,0,1,0,1,0,-1,-3,3
1559,Apamarga — Stem var. B,Apamarga roots,Pungent,Cold,Pungent,Kapha,All,India,Digestive stimulant,Arthritis,Pregnancy,Vati (tablets),Pungent,"Oily,Dry,Soft",Cold,Pungent,Nervine tonic,0,0,1,1,1,0,0,0,1,1,1,1,0,0,0,0,0,1,1,0,1,1,1,-2
1560,Rohitak var. B,Rohitak officinalis,Salty,Cold,Sour,Vata,Kapha,Karnataka,Expectorant,Heart health,Pregnancy,Ghrita (ghee),Salty,Dense,Hot,Sweet,Detoxifying,1,0,1,0,0,1,1,0,0,0,0,0,1,0,0,1,0,0,1,1,0,-1,2,-1
1561,Gokshura — Mountain Himalayan,Gokshura alata,Astringent,Neutral,Astringent,Kapha,All,India,Expectorant,Heart health,Diarrhea,Ghrita (ghee),Astringent,"Bland,Soft",Cold,Astringent,Nervine tonic,0,0,1,0,1,0,1,0,0,0,0,1,0,0,0,0,0,1,1,0,1,2,-2,-2
1562,Bala-varga Bark,Bala-varga aria,Bitter,Warm,Sweet,Pitta,Pitta,Karnataka,Anti-inflammatory,Skin diseases,Pitta excess,Kwatha (decoction),Bitter,"Heavy,Bland,Dry",Cold,Sweet,Diaphoretic,0,1,0,1,0,0,0,1,0,0,0,1,0,0,1,0,0,0,0,1,0,3,-3,1
1563,Kantakari — Stem Malabar,Kantakari ins.,Sweet,Neutral,Astringent,All,All,Uttar Pradesh,Anti-inflammatory,Respiratory support,Pitta excess,Kwatha (decoction),Sweet,"Sticky,Subtle,Mobile",Hot,Astringent,Demulcent,1,1,1,1,0,0,1,1,1,0,1,0,0,0,0,0,1,0,0,0,0,-1,-2,0
1564,Khadira-bark Resin,Khadira-bark aria,Pungent,Hot,Pungent,Pitta,All,Nepal,Anti-inflammatory,Hair care,Diarrhea,Churna (powder),Pungent,Rough,Hot,Pungent,Detoxifying,0,1,0,1,0,0,1,0,0,1,0,0,1,1,0,0,1,0,0,0,1,0,2,-3
1565,Tulsi — Bark Kerala,Tulsi aria,Astringent,Neutral,Sweet,Vata,Pitta,Sri Lanka,Antimicrobial,Respiratory support,Cold constitution,Churna (powder),Astringent,"Dry,Subtle,Heavy",Hot,Sweet,Galactagogue,1,1,0,1,0,0,1,0,1,0,0,1,1,0,0,0,0,0,0,1,1,2,-2,-1
1566,Apamarga — Fruit Mountain,Apamarga roots,Astringent,Cool,Sour,Pitta,Vata,Kerala,Digestive stimulant,Arthritis,Cold constitution,Swarasa (juice),Astringent,Firm,Cold,Pungent,Detoxifying,1,1,0,0,0,0,1,1,1,0,0,0,0,1,0,0,0,0,1,0,1,0,-3,0
1567,Guduchi — Resin Assam,Guduchi aria,Sour,Cool,Pungent,Vata,Vata,Rajasthan,Anti-inflammatory,Skin diseases,Diarrhea,Avaleha (jam),Sour,"Dense,Sharp",Cold,Pungent,Rejuvenating,1,0,0,1,0,0,1,0,1,0,1,0,0,0,0,0,0,1,0,1,1,-1,1,3
1568,Talisa Malabar,Talisa alata,Salty,Hot,Sweet,Pitta,All,West Bengal,Expectorant,Arthritis,Pregnancy,Kashaya (decoction),Salty,"Hot,Dry,Cold",Hot,Sweet,Demulcent,0,1,0,1,0,0,1,0,0,1,0,1,1,0,1,0,0,1,0,0,0,3,1,0
1569,Yashtimadhu Assam,Yashtimadhu officinalis,Astringent,Hot,Astringent,All,Vata,Himachal Pradesh,Expectorant,Skin diseases,Cold constitution,Avaleha (jam),Astringent,"Sticky,Cold,Stable",Hot,Astringent,Aphrodisiac,1,1,1,1,0,1,1,0,1,0,0,0,1,0,0,0,0,0,0,0,0,1,-2,-3
1570,Jatamansi — Bark Himalayan,Jatamansi roots,Pungent,Neutral,Sour,Vata,Pitta,Kerala,Anti-inflammatory,Respiratory support,Cold constitution,Taila (oil),Pungent,"Light,Sticky,Mobile",Hot,Sweet,Diaphoretic,1,1,0,1,0,0,1,0,1,0,1,0,1,1,0,0,0,0,0,0,0,0,1,-2
1571,Gokshura — Rural Coastal,Gokshura indica,Pungent,Neutral,Bitter,Kapha,Kapha,Sri Lanka,Rejuvenative,Heart health,Cold constitution,Ghrita (ghee),Pungent,Smooth,Cold,Astringent,Demulcent,0,0,1,1,0,1,0,0,0,0,0,0,0,0,0,0,0,1,0,0,0,0,1,-3
1572,Akarkara Latex,Akarkara alata,Mixed,Cold,Sweet,Pitta,Kapha,Karnataka,Adaptogenic,Liver disorders,Pitta excess,Kwatha (decoction),Sweet,"Sticky,Soft",Hot,Sweet,Diaphoretic,0,1,1,1,1,1,1,0,0,0,1,0,0,1,1,0,0,0,0,0,1,-1,-2,0
1573,Akarkara,Akarkara alata,Mixed,Cold,Astringent,Kapha,Pitta,Sri Lanka,Immunomodulatory,Weight management,Pitta excess,Churna (powder),Bitter,"Subtle,Stable,Rough",Hot,Astringent,Nervine tonic,0,1,1,1,0,0,0,0,1,0,0,0,0,0,1,0,0,1,0,1,1,3,-1,-3
1574,Brahmi — Wild Mountain,Brahmi ins.,Mixed,Cold,Astringent,Vata,Kapha,Nepal,Rejuvenative,"Stress, Anxiety",Pitta excess,Taila (oil),Astringent,Stable,Hot,Astringent,Diaphoretic,1,0,1,0,1,1,0,0,0,0,0,0,0,1,1,1,0,0,1,0,0,0,0,-3
1575,Karanj,Karanj alata,Sweet,Cold,Sour,Kapha,Vata,Nepal,Adaptogenic,Skin diseases,Pitta excess,Avaleha (jam),Sweet,Mobile,Hot,Pungent,Demulcent,1,0,1,1,0,0,0,0,1,0,0,0,0,1,0,0,0,1,0,0,0,-2,0,-1
1576,Kashmarya — Indian Assam,Kashmarya indica,Pungent,Warm,Bitter,Kapha,Vata,Tamil Nadu,Digestive stimulant,Female reproductive health,Cold constitution,Churna (powder),Pungent,"Cold,Heavy,Mobile",Hot,Astringent,Analgesic,1,0,1,0,1,1,1,0,0,0,1,0,1,0,0,1,1,0,0,1,0,0,3,-3
1577,Pingala Mountain,Pingala roots,Sour,Hot,Astringent,All,Kapha,Rajasthan,Adaptogenic,Skin diseases,Diarrhea,Avaleha (jam),Sour,"Mobile,Liquid",Hot,Astringent,Diaphoretic,1,1,1,0,0,1,0,0,0,0,0,1,0,0,0,1,1,0,0,0,0,0,0,-2
1578,Haridra — Root Himalayan,Haridra aria,Sweet,Hot,Pungent,Pitta,Pitta,Sri Lanka,Adaptogenic,Weight management,Diarrhea,Churna (powder),Sweet,"Oily,Soft,Smooth",Hot,Pungent,Galactagogue,0,1,0,0,0,0,0,1,0,0,0,0,0,1,0,0,1,1,0,1,0,-1,-2,2
1579,Chopchini,Chopchini folia,Bitter,Hot,Astringent,Vata,Kapha,Rajasthan,Rejuvenative,Respiratory support,Pitta excess,Ghrita (ghee),Bitter,"Bland,Rough,Sharp",Hot,Astringent,Demulcent,1,0,1,0,0,0,1,1,0,0,0,1,1,1,0,0,0,1,0,0,0,0,2,-3
1580,Rama Fruit,Rama roots,Bitter,Hot,Pungent,Vata,Vata,Nepal,Adaptogenic,Skin diseases,Diarrhea,Ghrita (ghee),Bitter,Dense,Hot,Pungent,Rejuvenating,1,0,0,0,0,1,1,0,0,0,0,0,0,0,1,0,0,0,0,0,0,0,0,-1
1581,Plaksha — Root Flower,Plaksha vernacularis,Astringent,Cool,Sour,Vata,Kapha,Uttar Pradesh,Hepatoprotective,Digestion,Pitta excess,Kwatha (decoction),Astringent,"Hot,Cold",Cold,Pungent,Aphrodisiac,1,0,1,1,1,0,0,0,1,0,0,1,0,0,0,0,0,0,0,0,0,1,-1,-2
1582,Mogra var. D,Mogra vernacularis,Sour,Neutral,Bitter,All,Kapha,Kerala,Antimicrobial,Immunity,Pregnancy,Ghrita (ghee),Sour,"Dense,Hot",Cold,Pungent,Galactagogue,1,1,1,1,0,0,1,1,1,0,0,1,0,1,0,0,0,0,0,1,0,-1,-1,1
1583,Vidarikanda Kashmir,Vidarikanda folia,Salty,Neutral,Sour,Vata,Vata,Sri Lanka,Digestive stimulant,Arthritis,Pregnancy,Avaleha (jam),Salty,"Bland,Clear,Firm",Hot,Sweet,Rejuvenative,1,0,0,1,1,0,0,1,0,0,0,0,1,0,0,0,0,0,0,1,1,-1,2,0
1584,Talisa Seed,Talisa folia,Sour,Cold,Astringent,All,Pitta,Karnataka,Adaptogenic,Heart health,Pregnancy,Churna (powder),Sour,Liquid,Hot,Astringent,Diaphoretic,1,1,1,1,0,1,0,0,0,1,0,1,0,1,0,0,0,0,0,0,1,-1,0,-2
1585,Mogra Resin,Mogra folia,Astringent,Warm,Sweet,Vata,Pitta,Kerala,Diuretic,Arthritis,Cold constitution,Kwatha (decoction),Astringent,"Firm,Heavy",Hot,Sweet,Carminative,1,1,0,0,0,0,1,1,0,0,1,1,0,0,0,1,0,1,0,0,0,0,-2,-1
1586,Asana Stem,Asana indica,Salty,Cool,Bitter,Kapha,Pitta,Kerala,Anti-inflammatory,Weight management,Pitta excess,Taila (oil),Salty,Cloudy,Cold,Pungent,Diaphoretic,0,1,1,1,0,0,0,0,0,0,0,1,0,1,0,0,1,0,0,1,0,1,-2,0
1587,Priyangu — Fruit Fruit,Priyangu ins.,Sour,Cool,Bitter,Vata,Pitta,Assam,Analgesic,Skin diseases,Pitta excess,Swarasa (juice),Sour,"Cold,Hot,Soft",Cold,Astringent,Carminative,1,1,0,0,1,0,0,1,1,0,0,0,0,0,0,0,1,1,0,1,0,0,-1,2
1588,Shatavari-var Latex,Shatavari-var vernacularis,Astringent,Warm,Pungent,Pitta,Kapha,Nepal,Adaptogenic,Weight management,Cold constitution,Avaleha (jam),Astringent,"Clear,Oily",Hot,Pungent,Rejuvenating,0,1,1,0,1,0,0,0,0,1,0,0,0,0,0,0,0,0,1,0,0,2,-2,-3
1589,Vidarikanda — Fruit Mountain,Vidarikanda vernacularis,Salty,Cool,Bitter,Vata,Kapha,India,Digestive stimulant,Liver disorders,None,Taila (oil),Salty,"Oily,Mobile,Liquid",Cold,Astringent,Rejuvenative,1,0,1,1,0,1,1,0,0,1,0,1,0,0,0,0,0,0,0,0,0,0,0,1
1590,Aralu Coastal,Aralu indica,Salty,Cold,Astringent,All,All,Nepal,Analgesic,Arthritis,Pregnancy,Kashaya (decoction),Salty,"Soft,Mobile,Smooth",Cold,Astringent,Demulcent,1,1,1,1,1,0,1,0,0,0,1,0,0,1,0,1,0,0,0,0,0,0,-2,0
1591,Jatamansi Wild,Jatamansi aria,Sour,Hot,Sour,Vata,Kapha,Karnataka,Hepatoprotective,Heart health,Pitta excess,Avaleha (jam),Sour,"Clear,Cold",Hot,Pungent,Rejuvenative,1,0,1,0,1,0,0,0,1,0,0,0,0,0,0,1,0,0,0,1,1,0,2,-2
1592,Vidarikanda — Indian var. A,Vidarikanda roots,Bitter,Hot,Sweet,Vata,Pitta,Sri Lanka,Diuretic,Arthritis,Pregnancy,Churna (powder),Bitter,"Dense,Bland,Subtle",Hot,Sweet,Nervine tonic,1,1,0,0,0,0,1,0,1,0,1,0,0,0,1,0,0,1,1,0,0,1,-2,-1
1593,Sunth — Assam Tuber,Sunth folia,Sweet,Cold,Pungent,Kapha,Pitta,Rajasthan,Cardiotonic,Hair care,None,Kashaya (decoction),Sweet,"Oily,Liquid",Hot,Pungent,Diaphoretic,0,1,1,0,0,0,0,0,0,0,1,0,0,1,1,0,0,0,0,0,0,-1,-2,0
1594,Plaksha — Assam Plains,Plaksha officinalis,Sour,Cool,Bitter,All,Pitta,Nepal,Rejuvenative,Digestion,Diarrhea,Avaleha (jam),Sour,"Oily,Bland,Hot",Cold,Sweet,Carminative,1,1,1,1,0,0,0,1,0,1,0,1,0,1,0,0,0,0,0,0,0,-1,-1,1
1595,Ananta Wild,Ananta ins.,Sour,Warm,Bitter,Kapha,All,West Bengal,Galactagogue,Skin diseases,None,Kashaya (decoction),Sour,"Bland,Liquid,Subtle",Cold,Pungent,Analgesic,0,0,1,0,1,0,1,0,0,0,0,1,0,0,0,0,0,0,0,0,0,2,0,0
1596,Shirisha Mountain,Shirisha indica,Astringent,Cold,Sweet,All,Pitta,Rajasthan,Hepatoprotective,Skin diseases,Pitta excess,Kwatha (decoction),Astringent,Cold,Hot,Sweet,Nervine tonic,1,1,1,1,0,0,0,0,1,0,0,0,0,0,0,0,0,0,0,1,0,1,-2,-3
1597,Ananta,Ananta aria,Salty,Hot,Sour,Pitta,Kapha,Himachal Pradesh,Diuretic,Hair care,Cold constitution,Kwatha (decoction),Salty,"Clear,Bland,Firm",Hot,Sweet,Rejuvenating,0,1,1,0,1,0,1,0,0,0,0,0,0,0,1,0,1,0,0,0,0,1,0,-2
1598,Sigru Flower,Sigru ins.,Sour,Warm,Bitter,Pitta,Kapha,India,Cardiotonic,Digestion,Cold constitution,Taila (oil),Sour,"Rough,Sharp,Stable",Cold,Astringent,Detoxifying,0,1,1,0,0,1,0,1,0,0,0,0,0,0,1,0,1,1,1,0,0,1,0,0
1599,Rasna — Fruit Stem,Rasna indica,Pungent,Warm,Bitter,All,Kapha,Rajasthan,Analgesic,Female reproductive health,Diarrhea,Vati (tablets),Pungent,"Bland,Hot,Stable",Cold,Sweet,Aphrodisiac,1,1,1,0,1,1,0,0,0,0,0,0,0,1,1,0,0,0,0,0,1,-2,0,-3
1600,Ambadi var. C,Ambadi folia,Sweet,Hot,Astringent,Pitta,Pitta,Assam,Analgesic,Female reproductive health,Bleeding disorders,Churna (powder),Sweet,"Rough,Oily",Hot,Astringent,Rejuvenative,0,1,0,0,1,0,1,0,0,1,0,0,0,0,0,0,0,1,1,0,1,-1,-1,2
1601,Draksha — Flower Kashmir,Draksha officinalis,Astringent,Cool,Sweet,All,Pitta,Kerala,Expectorant,Female reproductive health,Diarrhea,Ghrita (ghee),Astringent,"Smooth,Sticky",Cold,Sweet,Diaphoretic,1,1,1,1,0,0,0,0,1,0,0,1,0,0,1,1,0,1,0,0,0,0,-3,-1
1602,Udumbara — Malabar var. D,Udumbara vernacularis,Salty,Cold,Sweet,Vata,All,Rajasthan,Immunomodulatory,"Stress, Anxiety",Pitta excess,Kashaya (decoction),Salty,"Hot,Stable",Cold,Sweet,Diaphoretic,1,0,0,1,0,0,0,0,0,1,0,0,1,0,1,0,1,1,0,0,0,-1,1,2
1603,Adulsa Assam,Adulsa roots,Pungent,Hot,Astringent,Pitta,All,Nepal,Antimicrobial,Liver disorders,None,Ghrita (ghee),Pungent,Light,Hot,Astringent,Rejuvenative,0,1,0,1,0,0,1,0,1,0,0,0,0,0,0,0,1,1,0,0,0,1,1,-3
1604,Rama Kerala,Rama vernacularis,Salty,Cool,Sour,All,Kapha,India,Diuretic,Weight management,Cold constitution,Ghrita (ghee),Salty,"Firm,Cold,Smooth",Cold,Pungent,Aphrodisiac,1,1,1,1,0,0,0,0,0,0,0,0,1,1,0,1,0,0,0,0,1,0,-2,0
1605,Bimba Flower,Bimba officinalis,Sweet,Cool,Sweet,Pitta,Vata,Assam,Rejuvenative,Skin diseases,Cold constitution,Taila (oil),Sweet,"Subtle,Dense,Liquid",Cold,Sweet,Analgesic,1,1,0,0,0,0,1,0,1,1,0,0,0,0,0,0,1,0,1,1,0,-2,-3,3
1606,Shatavari-var Mountain,Shatavari-var alata,Sweet,Cool,Bitter,Kapha,All,Uttar Pradesh,Antimicrobial,Skin diseases,Pregnancy,Taila (oil),Sweet,"Rough,Sharp",Cold,Sweet,Galactagogue,0,0,1,1,0,0,1,1,1,0,1,0,0,0,1,1,0,1,0,0,0,-1,0,1
1607,Kalonji — Resin Fruit,Kalonji ins.,Sour,Cool,Bitter,All,Pitta,Tamil Nadu,Rejuvenative,Immunity,Pregnancy,Churna (powder),Sour,"Liquid,Clear",Cold,Sweet,Aphrodisiac,1,1,1,0,1,0,0,0,0,0,1,0,0,0,0,0,0,1,0,0,0,-1,-2,0
1608,Lashuna Resin,Lashuna roots,Sweet,Warm,Bitter,All,Kapha,West Bengal,Anti-inflammatory,Immunity,Diarrhea,Taila (oil),Sweet,"Liquid,Clear",Cold,Astringent,Detoxifying,1,1,1,1,0,0,0,1,0,0,1,0,0,0,0,1,0,0,0,0,0,-3,-3,1
1609,Yashtimadhu — Coastal Stem,Yashtimadhu roots,Bitter,Cold,Sour,All,Pitta,Assam,Analgesic,Immunity,Diarrhea,Vati (tablets),Bitter,"Clear,Light,Rough",Cold,Astringent,Analgesic,1,1,1,0,1,0,0,1,0,0,0,0,0,0,1,0,0,0,1,1,0,1,-3,-2
1610,Danti Resin,Danti aria,Sour,Hot,Bitter,All,All,Nepal,Expectorant,Arthritis,None,Vati (tablets),Sour,Liquid,Hot,Pungent,Analgesic,1,1,1,0,0,1,0,0,0,0,0,0,0,0,0,0,0,1,0,0,0,-1,0,-2
1611,Bhallataka — Coastal Tuber,Bhallataka officinalis,Bitter,Warm,Bitter,Vata,All,Himachal Pradesh,Anti-inflammatory,Respiratory support,Pregnancy,Churna (powder),Bitter,"Bland,Soft,Clear",Hot,Pungent,Detoxifying,1,0,0,1,1,1,1,0,0,1,1,0,0,0,0,1,0,0,1,0,1,0,0,-2
1612,Harsingar Resin,Harsingar ins.,Astringent,Hot,Pungent,Vata,All,Tamil Nadu,Anti-inflammatory,Immunity,Pitta excess,Taila (oil),Astringent,Smooth,Hot,Pungent,Aphrodisiac,1,0,0,1,0,0,0,0,0,0,0,0,0,0,0,0,0,0,1,0,0,0,0,-2
1613,Ambadi Himalayan,Ambadi indica,Pungent,Cold,Sweet,All,All,Assam,Immunomodulatory,Liver disorders,Diarrhea,Vati (tablets),Pungent,"Dry,Firm,Sticky",Hot,Sweet,Galactagogue,1,1,1,0,0,1,1,0,0,1,1,0,1,0,0,0,0,0,0,0,0,-1,1,-3
1614,Methi Latex,Methi folia,Pungent,Warm,Sour,Vata,Vata,Uttar Pradesh,Diuretic,Arthritis,Bleeding disorders,Churna (powder),Pungent,"Mobile,Heavy",Hot,Pungent,Detoxifying,1,0,0,0,0,0,0,0,0,0,1,0,0,0,0,0,1,0,0,0,0,-1,3,-2
1615,Rakta-chandan Stem,Rakta-chandan folia,Salty,Neutral,Sweet,Kapha,Vata,Sri Lanka,Anti-inflammatory,Heart health,Pitta excess,Vati (tablets),Salty,Sticky,Hot,Sweet,Rejuvenative,1,0,1,1,0,0,0,0,0,0,0,0,0,0,0,0,0,0,0,1,1,-1,2,-1
1616,Mulethi — Flower Fruit,Mulethi officinalis,Sweet,Warm,Bitter,Pitta,All,Uttar Pradesh,Adaptogenic,Weight management,Bleeding disorders,Vati (tablets),Sweet,Subtle,Cold,Astringent,Carminative,0,1,0,0,0,0,0,0,0,1,1,0,1,0,0,0,0,0,0,0,1,0,-3,3
1617,Bimba Himalayan,Bimba officinalis,Salty,Cool,Sweet,Kapha,Kapha,Tamil Nadu,Hepatoprotective,Liver disorders,Diarrhea,Vati (tablets),Salty,"Bland,Cold,Soft",Cold,Sweet,Detoxifying,0,0,1,0,0,0,0,0,1,0,0,0,0,1,1,0,0,0,0,0,0,2,0,0
1618,Asthisrinkhala — Indian Assam,Asthisrinkhala officinalis,Sweet,Cool,Sour,All,Kapha,Himachal Pradesh,Immunomodulatory,Hair care,Bleeding disorders,Avaleha (jam),Sweet,"Sharp,Oily",Cold,Pungent,Analgesic,1,1,1,0,0,1,0,0,0,0,0,1,0,0,0,0,1,1,0,0,0,-3,-3,2
1619,Safed musli — Assam Cultivated,Safed indica,Sour,Cool,Astringent,Vata,Kapha,Uttar Pradesh,Anti-inflammatory,Skin diseases,Bleeding disorders,Kashaya (decoction),Sour,"Dense,Rough",Cold,Astringent,Analgesic,1,0,1,1,0,1,0,0,1,0,0,0,0,1,0,1,1,0,0,0,1,-1,1,1
1620,Bibhitaki — Wild Leaf,Bibhitaki indica,Pungent,Hot,Pungent,All,Kapha,Himachal Pradesh,Anti-inflammatory,Digestion,Bleeding disorders,Vati (tablets),Pungent,"Dry,Liquid,Heavy",Hot,Pungent,Rejuvenative,1,1,1,1,0,0,1,0,1,0,1,0,0,1,0,1,0,1,1,0,0,-1,1,-3
1621,Shalaparni-var,Shalaparni-var alata,Sour,Hot,Pungent,Vata,All,Uttar Pradesh,Expectorant,Weight management,Pregnancy,Avaleha (jam),Sour,"Sticky,Soft,Light",Hot,Pungent,Diaphoretic,1,0,0,0,1,0,1,0,1,0,0,0,0,0,0,0,0,1,0,0,1,0,2,1
1622,Kalonji — Seed Flower,Kalonji roots,Sour,Neutral,Astringent,Kapha,All,Himachal Pradesh,Expectorant,Skin diseases,Pitta excess,Taila (oil),Sour,Smooth,Hot,Astringent,Aphrodisiac,0,0,1,1,1,0,1,1,1,0,1,1,1,0,0,1,0,1,0,0,0,1,2,-2
1623,Bhallataka — Seed Kashmir,Bhallataka ins.,Pungent,Neutral,Sweet,All,Kapha,Sri Lanka,Adaptogenic,Skin diseases,None,Vati (tablets),Pungent,"Smooth,Sharp",Hot,Sweet,Diaphoretic,1,1,1,0,0,0,0,0,1,1,1,0,0,0,0,1,0,0,0,1,0,-2,2,-3
1624,Karavellaka — Wild var. D,Karavellaka roots,Astringent,Cool,Bitter,Pitta,Vata,Sri Lanka,Expectorant,Digestion,Cold constitution,Kashaya (decoction),Astringent,"Sharp,Heavy,Dry",Cold,Astringent,Aphrodisiac,1,1,0,1,0,0,0,0,1,0,0,1,1,0,0,0,1,0,0,0,0,1,-3,1
1625,Neem — Bark Mountain,Neem officinalis,Pungent,Cool,Bitter,Kapha,Pitta,Kerala,Rejuvenative,Digestion,None,Ghrita (ghee),Pungent,"Hot,Light,Liquid",Cold,Astringent,Rejuvenative,0,1,1,0,0,0,0,1,0,0,1,0,1,0,0,0,0,1,0,0,0,1,0,-3
1626,Pingala Assam,Pingala alata,Sweet,Neutral,Sweet,All,Pitta,Uttar Pradesh,Adaptogenic,Heart health,None,Kashaya (decoction),Sweet,"Mobile,Firm",Cold,Sweet,Galactagogue,1,1,1,0,0,0,0,1,1,0,0,0,0,1,1,1,0,0,1,0,0,-2,-3,1
1627,Tulsi — Indian var. C,Tulsi roots,Sour,Hot,Sweet,Vata,All,West Bengal,Galactagogue,"Stress, Anxiety",Pitta excess,Avaleha (jam),Sour,"Dense,Cloudy",Hot,Sweet,Rejuvenative,1,0,0,1,1,0,1,1,0,1,0,0,0,0,0,0,0,0,0,1,0,-1,2,1
1628,Triphala — Resin var. C,Triphala roots,Sour,Warm,Sour,Kapha,All,Kerala,Hepatoprotective,Female reproductive health,None,Vati (tablets),Sour,"Mobile,Light,Cold",Hot,Pungent,Analgesic,0,0,1,0,0,1,0,1,1,0,0,0,0,0,0,0,1,0,0,0,1,3,2,-2
1629,Harsingar var. D,Harsingar vernacularis,Bitter,Cold,Sour,Vata,All,Uttar Pradesh,Rejuvenative,Liver disorders,None,Avaleha (jam),Bitter,"Bland,Liquid",Hot,Pungent,Nervine tonic,1,0,0,1,0,1,0,0,1,0,0,0,0,1,1,0,0,0,0,1,0,0,0,-2
1630,Puskara Mountain,Puskara roots,Astringent,Hot,Sour,Vata,All,Karnataka,Digestive stimulant,Digestion,Pitta excess,Vati (tablets),Astringent,"Cloudy,Smooth,Hot",Hot,Sweet,Demulcent,1,0,0,1,0,0,1,0,0,0,0,0,1,1,0,0,0,0,0,1,1,0,1,-2
1631,Sunth Flower,Sunth officinalis,Mixed,Neutral,Bitter,All,Vata,Nepal,Digestive stimulant,Heart health,Pregnancy,Vati (tablets),Astringent,Oily,Hot,Pungent,Galactagogue,1,1,1,1,1,0,0,0,0,0,0,1,0,0,1,0,0,0,0,0,0,0,-2,-3
1632,Talisa Coastal,Talisa roots,Mixed,Neutral,Sweet,Pitta,Vata,Assam,Anti-inflammatory,Digestion,Pitta excess,Ghrita (ghee),Astringent,"Smooth,Sticky",Hot,Sweet,Rejuvenating,1,1,0,1,1,0,0,1,0,1,0,0,0,0,0,0,1,1,1,1,0,0,-2,-1
1633,Jeevanti — Seed Root,Jeevanti aria,Salty,Cool,Pungent,Vata,Vata,West Bengal,Hepatoprotective,Heart health,Pregnancy,Kwatha (decoction),Salty,"Sharp,Sticky,Liquid",Cold,Pungent,Demulcent,1,0,0,1,0,0,1,0,1,0,0,1,1,0,0,0,0,0,1,0,1,-1,1,3
1634,Rama Coastal,Rama alata,Sweet,Warm,Pungent,Pitta,Pitta,Sri Lanka,Antimicrobial,Liver disorders,Bleeding disorders,Vati (tablets),Sweet,"Light,Dry",Cold,Pungent,Demulcent,0,1,0,1,0,0,1,1,1,0,1,1,1,0,1,0,0,0,0,0,0,1,-3,3
1635,Bilva — Flower Resin,Bilva ins.,Sweet,Warm,Pungent,Vata,Kapha,Rajasthan,Cardiotonic,Respiratory support,Pregnancy,Avaleha (jam),Sweet,"Liquid,Heavy",Cold,Pungent,Detoxifying,1,0,1,0,0,0,0,1,0,1,1,0,0,0,1,0,0,0,0,0,0,-3,-2,2
1636,Shankhapushpi — Flower Mountain,Shankhapushpi indica,Mixed,Hot,Sour,All,All,Kerala,Cardiotonic,Heart health,None,Taila (oil),Astringent,Firm,Hot,Sweet,Carminative,1,1,1,0,0,0,1,1,0,1,0,0,0,1,0,0,0,0,0,0,1,0,-2,-3
1637,Turmeric — Latex var. D,Turmeric ins.,Sour,Neutral,Bitter,All,Kapha,Rajasthan,Digestive stimulant,Weight management,Cold constitution,Swarasa (juice),Sour,"Clear,Dry",Cold,Pungent,Detoxifying,1,1,1,0,0,1,0,0,0,0,0,1,1,1,0,0,0,0,0,1,0,0,-2,0
1638,Pippali — Himalayan var. D,Pippali indica,Sour,Cold,Astringent,Kapha,Pitta,Nepal,Immunomodulatory,Digestion,Pitta excess,Kwatha (decoction),Sour,"Subtle,Oily,Light",Hot,Astringent,Nervine tonic,0,1,1,1,0,1,0,0,1,0,1,0,0,0,1,0,1,0,1,0,0,3,0,-1
1639,Arka — Latex Resin,Arka ins.,Mixed,Cold,Sweet,Kapha,Vata,Himachal Pradesh,Digestive stimulant,Hair care,Bleeding disorders,Ghrita (ghee),Salty,"Subtle,Smooth,Heavy",Hot,Sweet,Rejuvenating,1,0,1,1,1,0,0,1,1,0,1,0,0,0,0,0,0,0,1,0,1,0,2,-1
1640,Bimba Malabar,Bimba alata,Mixed,Neutral,Pungent,Kapha,Vata,Kerala,Immunomodulatory,Skin diseases,Diarrhea,Avaleha (jam),Pungent,"Sharp,Light,Rough",Cold,Pungent,Nervine tonic,1,0,1,0,0,0,0,1,0,0,1,0,0,1,0,1,0,1,0,0,1,-1,3,-3
1641,Chitraka Malabar,Chitraka roots,Pungent,Cold,Astringent,Pitta,Vata,Assam,Hepatoprotective,Digestion,None,Ghrita (ghee),Pungent,"Soft,Cloudy,Heavy",Hot,Astringent,Aphrodisiac,1,1,0,0,0,0,0,1,1,1,0,1,0,0,0,1,0,0,0,1,0,-2,1,-2
1642,Nerundu Root,Nerundu alata,Mixed,Warm,Sweet,Vata,Pitta,Rajasthan,Analgesic,Female reproductive health,Diarrhea,Swarasa (juice),Bitter,Dense,Hot,Sweet,Demulcent,1,1,0,0,1,1,0,1,0,0,1,1,1,0,0,0,1,0,0,0,1,0,-2,-1
1643,Priyangu — Malabar Mountain,Priyangu officinalis,Sweet,Cool,Sour,Pitta,All,Rajasthan,Adaptogenic,Skin diseases,Pitta excess,Churna (powder),Sweet,"Sharp,Soft",Cold,Sweet,Detoxifying,0,1,0,0,0,0,0,1,0,0,1,1,0,0,0,0,1,0,1,1,0,-1,-3,3
1644,Phalsa var. B,Phalsa folia,Astringent,Cold,Astringent,All,Vata,Sri Lanka,Hepatoprotective,Respiratory support,Cold constitution,Ghrita (ghee),Astringent,Heavy,Hot,Astringent,Rejuvenative,1,1,1,1,1,0,0,0,1,0,0,0,0,0,1,0,0,0,0,0,0,0,-2,-3
1645,Bala-varga Root,Bala-varga aria,Sour,Neutral,Astringent,All,Vata,Sri Lanka,Anti-inflammatory,Immunity,Bleeding disorders,Vati (tablets),Sour,"Dense,Stable,Light",Hot,Astringent,Carminative,1,1,1,1,0,0,0,0,0,1,1,1,0,0,0,0,0,0,0,0,0,0,0,-1
1646,Apamarga — Mountain Latex,Apamarga vernacularis,Sweet,Hot,Sour,Pitta,Pitta,India,Expectorant,Weight management,Pregnancy,Kwatha (decoction),Sweet,"Mobile,Cloudy",Hot,Sweet,Demulcent,0,1,0,1,1,1,0,0,0,1,1,1,0,0,0,1,1,0,0,0,0,0,-2,1
1647,Bala — Stem Wild,Bala vernacularis,Salty,Warm,Sweet,Vata,Vata,West Bengal,Antimicrobial,Respiratory support,Pregnancy,Churna (powder),Salty,Hot,Hot,Sweet,Detoxifying,1,0,0,1,0,1,1,0,0,0,0,0,0,0,0,0,0,0,1,0,1,-1,3,0
1648,Arka — Indian Cultivated,Arka aria,Sweet,Hot,Bitter,Kapha,Vata,Uttar Pradesh,Cardiotonic,Immunity,Diarrhea,Ghrita (ghee),Sweet,Light,Hot,Sweet,Diaphoretic,1,0,1,1,1,0,0,1,1,0,1,0,0,0,1,1,0,1,0,0,0,-2,0,-1
1649,Parushaka — Stem var. B,Parushaka roots,Astringent,Warm,Sour,Vata,All,Nepal,Cardiotonic,Respiratory support,Pregnancy,Kwatha (decoction),Astringent,Firm,Hot,Pungent,Rejuvenating,1,0,0,1,1,1,0,0,0,1,0,0,0,1,1,0,0,0,1,0,0,0,0,-2
1650,Atish var. C,Atish vernacularis,Bitter,Warm,Pungent,All,Pitta,Kerala,Rejuvenative,Liver disorders,Diarrhea,Taila (oil),Bitter,"Smooth,Heavy",Hot,Pungent,Rejuvenative,1,1,1,0,0,1,1,0,0,0,0,0,0,0,1,0,0,1,0,0,0,0,-2,-3
1651,Ashwattha Tuber,Ashwattha roots,Salty,Cool,Sweet,All,Kapha,Kerala,Analgesic,Respiratory support,Diarrhea,Kwatha (decoction),Salty,"Heavy,Bland,Smooth",Cold,Sweet,Nervine tonic,1,1,1,0,1,1,1,0,1,0,1,0,0,0,0,0,0,1,1,0,0,-1,-2,1
1652,Punarnava — Fruit Himalayan,Punarnava ins.,Salty,Hot,Astringent,Vata,All,West Bengal,Digestive stimulant,Female reproductive health,Cold constitution,Kashaya (decoction),Salty,"Subtle,Cold",Hot,Astringent,Diaphoretic,1,0,0,1,0,1,1,1,0,1,0,0,0,0,1,0,0,0,0,0,0,1,2,0
1653,Jeevanti — Stem Wild,Jeevanti indica,Sweet,Hot,Sweet,Kapha,Kapha,Sri Lanka,Hepatoprotective,Digestion,Pregnancy,Kashaya (decoction),Sweet,"Heavy,Cold",Hot,Sweet,Aphrodisiac,0,0,1,0,0,0,1,1,1,1,1,0,0,0,0,0,0,0,1,0,1,0,0,0
1654,Katuka Fruit,Katuka indica,Sweet,Cool,Bitter,All,Pitta,Himachal Pradesh,Hepatoprotective,Immunity,None,Kwatha (decoction),Sweet,"Sticky,Subtle",Cold,Sweet,Nervine tonic,1,1,1,0,0,0,0,0,1,1,0,0,0,0,1,1,1,0,0,1,0,-2,-3,2
1655,Jivanti-root Latex,Jivanti-root vernacularis,Pungent,Hot,Bitter,Vata,Pitta,Karnataka,Digestive stimulant,Respiratory support,Pitta excess,Swarasa (juice),Pungent,Dry,Hot,Pungent,Detoxifying,1,1,0,1,0,0,0,1,1,1,0,1,0,1,0,0,1,1,0,0,0,-1,1,-3
1656,Bilva — Himalayan Cultivated,Bilva aria,Bitter,Cold,Pungent,All,All,Nepal,Galactagogue,Immunity,Pitta excess,Taila (oil),Bitter,Rough,Hot,Pungent,Analgesic,1,1,1,0,0,1,1,0,0,0,0,0,1,0,1,0,0,0,1,1,0,0,-1,-3
1657,Punarnava — Mountain Resin,Punarnava ins.,Sweet,Neutral,Astringent,Kapha,Pitta,Tamil Nadu,Hepatoprotective,Liver disorders,Pregnancy,Taila (oil),Sweet,"Mobile,Rough",Hot,Astringent,Galactagogue,0,1,1,0,0,1,1,0,1,0,0,0,0,0,0,1,0,0,0,0,0,0,-1,-1
1658,Lodhra,Lodhra alata,Bitter,Neutral,Pungent,Kapha,Vata,Uttar Pradesh,Galactagogue,Respiratory support,Diarrhea,Vati (tablets),Bitter,"Mobile,Soft",Cold,Pungent,Galactagogue,1,0,1,0,0,0,0,1,0,1,0,1,0,0,0,0,0,0,0,1,0,1,-2,-2
1659,Pippali — Seed Resin,Pippali roots,Astringent,Cool,Sweet,All,Vata,Karnataka,Rejuvenative,Immunity,Diarrhea,Taila (oil),Astringent,"Bland,Dry,Hot",Cold,Sweet,Rejuvenative,1,1,1,1,0,0,1,0,0,1,0,1,0,0,0,0,0,0,1,0,0,1,-3,-2
1660,Asthisrinkhala — Rural Leaf,Asthisrinkhala officinalis,Mixed,Warm,Bitter,All,All,West Bengal,Immunomodulatory,Hair care,Cold constitution,Kwatha (decoction),Bitter,Sticky,Cold,Astringent,Detoxifying,1,1,1,1,0,1,1,0,0,1,0,0,0,0,1,1,0,0,0,1,0,0,-3,-1
1661,Arjuna — Wild Kashmir,Arjuna alata,Pungent,Cool,Bitter,Kapha,Pitta,Sri Lanka,Cardiotonic,Weight management,Bleeding disorders,Swarasa (juice),Pungent,"Sticky,Subtle",Cold,Pungent,Carminative,0,1,1,0,0,0,0,1,1,1,0,0,0,0,1,0,0,1,0,0,1,1,-1,-2
1662,Talisa Tuber,Talisa alata,Pungent,Neutral,Sour,Vata,Vata,Rajasthan,Adaptogenic,Immunity,Bleeding disorders,Taila (oil),Pungent,Dry,Cold,Pungent,Carminative,1,0,0,0,1,1,0,0,1,1,0,0,0,0,0,1,1,0,0,0,0,-1,1,-1
1663,Rakta-chandan Tuber,Rakta-chandan officinalis,Bitter,Hot,Sweet,Pitta,Vata,Rajasthan,Expectorant,Hair care,Bleeding disorders,Vati (tablets),Bitter,Light,Hot,Sweet,Aphrodisiac,1,1,0,0,1,1,0,1,0,1,0,0,0,0,1,0,0,0,0,1,0,1,-2,-2
1664,Ananta var. A,Ananta folia,Mixed,Cold,Pungent,All,Pitta,West Bengal,Analgesic,Immunity,Pregnancy,Taila (oil),Pungent,"Cold,Stable,Rough",Cold,Pungent,Rejuvenating,1,1,1,0,1,1,0,0,0,1,0,0,1,0,0,0,1,0,1,1,0,-1,0,-3
1665,Asoka Himalayan,Asoka roots,Bitter,Hot,Sour,Pitta,All,Kerala,Diuretic,Female reproductive health,Bleeding disorders,Kashaya (decoction),Bitter,"Cloudy,Mobile,Firm",Hot,Sweet,Rejuvenative,0,1,0,0,0,1,0,1,1,1,0,0,0,0,0,0,0,1,1,1,0,3,-2,-2
1666,Kashmarya — Flower Fruit,Kashmarya alata,Sweet,Neutral,Sour,Kapha,All,Rajasthan,Diuretic,Digestion,Bleeding disorders,Churna (powder),Sweet,"Bland,Heavy",Cold,Pungent,Analgesic,0,0,1,0,1,0,0,0,0,1,0,1,0,0,0,0,0,0,0,0,0,-1,-2,2
1667,Eranda — Fruit Wild,Eranda alata,Mixed,Warm,Bitter,Kapha,All,India,Expectorant,Liver disorders,Diarrhea,Swarasa (juice),Sour,"Heavy,Sticky",Cold,Astringent,Diaphoretic,0,0,1,1,1,0,1,1,1,0,1,0,0,0,0,1,0,0,0,0,1,1,0,2
1668,Danti Mountain,Danti ins.,Sour,Hot,Pungent,Pitta,Vata,India,Expectorant,Weight management,None,Avaleha (jam),Sour,"Bland,Subtle,Oily",Hot,Pungent,Demulcent,1,1,0,0,0,0,0,1,0,1,0,0,1,1,0,0,0,0,0,1,0,0,0,1
1669,Guduchi — Flower Gum,Guduchi alata,Bitter,Cold,Astringent,Pitta,All,Uttar Pradesh,Galactagogue,Heart health,Cold constitution,Taila (oil),Bitter,"Dense,Cold,Liquid",Cold,Astringent,Galactagogue,0,1,0,0,1,0,0,0,0,0,0,0,0,0,0,0,0,1,0,1,1,3,-3,1
1670,Phalsa Tuber,Phalsa ins.,Sour,Warm,Sweet,All,Pitta,Rajasthan,Rejuvenative,Immunity,Pregnancy,Vati (tablets),Sour,"Oily,Firm,Clear",Hot,Sweet,Rejuvenative,1,1,1,1,0,1,0,1,1,0,0,0,0,0,0,1,1,0,0,1,1,-1,0,-1
1671,Shilajit — Bark var. A,Shilajit folia,Salty,Cold,Sour,Pitta,Kapha,Uttar Pradesh,Expectorant,Heart health,None,Vati (tablets),Salty,"Smooth,Sharp,Dense",Hot,Pungent,Carminative,0,1,1,1,1,0,0,0,1,0,0,1,1,1,0,0,0,0,0,0,0,1,1,-1
1672,Triphala — Fruit Latex,Triphala officinalis,Salty,Hot,Bitter,Pitta,Vata,Rajasthan,Analgesic,Immunity,Pregnancy,Avaleha (jam),Salty,"Light,Dry,Stable",Hot,Pungent,Rejuvenative,1,1,0,1,1,0,1,0,0,1,0,0,0,1,0,1,0,0,0,0,0,1,0,0
1673,Chirata Wild,Chirata roots,Salty,Neutral,Bitter,Kapha,Vata,Sri Lanka,Hepatoprotective,Heart health,Cold constitution,Avaleha (jam),Salty,Heavy,Cold,Sweet,Rejuvenative,1,0,1,1,0,1,0,1,1,1,1,0,0,1,0,0,0,0,0,0,0,-1,0,1
1674,Nerundu var. C,Nerundu folia,Sweet,Warm,Astringent,Kapha,Vata,Rajasthan,Adaptogenic,Arthritis,Pitta excess,Swarasa (juice),Sweet,"Mobile,Firm,Light",Hot,Astringent,Rejuvenating,1,0,1,1,0,1,1,0,0,1,1,0,0,0,0,0,0,0,0,0,1,-1,0,-1
1675,Kutki — Root var. B,Kutki aria,Pungent,Neutral,Astringent,Kapha,Pitta,Tamil Nadu,Hepatoprotective,"Stress, Anxiety",Pitta excess,Kwatha (decoction),Pungent,"Stable,Clear,Hot",Cold,Astringent,Diaphoretic,0,1,1,0,0,0,0,0,1,0,1,0,0,0,0,0,0,0,0,0,1,0,0,-3
1676,Shatavari-var var. B,Shatavari-var folia,Astringent,Hot,Astringent,All,Vata,Kerala,Digestive stimulant,Hair care,Diarrhea,Taila (oil),Astringent,Bland,Hot,Astringent,Diaphoretic,1,1,1,0,1,0,0,0,1,0,0,1,0,0,0,0,1,1,0,0,1,0,-2,-3
1677,Chirata var. A,Chirata ins.,Mixed,Cold,Bitter,Kapha,Pitta,Tamil Nadu,Galactagogue,Immunity,Pregnancy,Swarasa (juice),Pungent,"Rough,Heavy",Cold,Sweet,Rejuvenative,0,1,1,1,0,0,1,1,0,0,0,0,0,0,0,0,0,0,1,0,0,0,0,-2
1678,Khadira — Bark var. C,Khadira ins.,Pungent,Cool,Sweet,Vata,All,India,Analgesic,Female reproductive health,Bleeding disorders,Vati (tablets),Pungent,"Mobile,Stable",Cold,Sweet,Detoxifying,1,0,0,0,1,0,0,0,0,0,0,0,0,0,0,0,0,0,0,1,0,-1,1,-1
1679,Shalaparni-var Leaf,Shalaparni-var aria,Bitter,Warm,Bitter,Pitta,Vata,Kerala,Hepatoprotective,Arthritis,None,Churna (powder),Bitter,"Light,Soft",Cold,Astringent,Analgesic,1,1,0,0,0,0,1,1,1,1,0,1,1,0,0,0,0,0,0,0,1,1,-3,0
1680,Haritaki — Root var. D,Haritaki vernacularis,Bitter,Cold,Bitter,Pitta,Pitta,West Bengal,Immunomodulatory,Heart health,Pregnancy,Ghrita (ghee),Bitter,"Subtle,Clear,Firm",Cold,Sweet,Nervine tonic,0,1,0,0,0,0,0,0,1,0,1,0,0,0,1,0,0,0,0,0,1,3,-3,0
1681,Bhallataka — Latex Leaf,Bhallataka officinalis,Bitter,Warm,Bitter,Vata,All,Tamil Nadu,Rejuvenative,Hair care,Pitta excess,Kwatha (decoction),Bitter,Cloudy,Hot,Sweet,Aphrodisiac,1,0,0,0,1,1,1,0,1,0,1,0,0,1,0,0,0,0,0,0,0,0,0,-2
1682,Khadira — Resin Wild,Khadira vernacularis,Pungent,Cool,Bitter,Vata,All,West Bengal,Diuretic,Skin diseases,Pregnancy,Churna (powder),Pungent,"Sticky,Cloudy,Bland",Cold,Pungent,Rejuvenative,1,0,0,0,0,1,1,0,1,0,1,0,1,0,0,1,1,1,0,0,0,-2,1,0
1683,Pippali — Resin Resin,Pippali roots,Pungent,Neutral,Astringent,Vata,Pitta,Kerala,Expectorant,Immunity,Bleeding disorders,Churna (powder),Pungent,"Clear,Smooth,Mobile",Hot,Astringent,Rejuvenative,1,1,0,0,1,1,0,0,1,0,1,0,1,0,1,1,1,0,0,0,0,-1,1,-3
1684,Karanj var. C,Karanj ins.,Pungent,Hot,Sour,Kapha,All,Himachal Pradesh,Expectorant,Immunity,Diarrhea,Taila (oil),Pungent,"Light,Subtle",Hot,Astringent,Demulcent,0,0,1,0,0,1,0,0,0,1,0,0,0,1,1,0,0,0,0,0,0,2,3,-3
1685,Kukku Assam,Kukku vernacularis,Sour,Cool,Pungent,Pitta,Pitta,India,Rejuvenative,"Stress, Anxiety",Pregnancy,Swarasa (juice),Sour,"Dry,Rough,Light",Cold,Pungent,Rejuvenating,0,1,0,0,0,0,1,1,1,0,0,0,0,0,1,0,0,0,0,0,0,3,-1,2
1686,Asana Flower,Asana indica,Sweet,Warm,Sweet,Kapha,Pitta,Kerala,Digestive stimulant,Heart health,Pregnancy,Swarasa (juice),Sweet,"Heavy,Dry,Sharp",Cold,Sweet,Carminative,0,1,1,0,0,0,0,0,0,0,0,1,0,0,0,1,1,1,0,0,0,0,-3,2
1687,Bhrami-leaf Leaf,Bhrami-leaf folia,Bitter,Warm,Bitter,Pitta,Kapha,West Bengal,Diuretic,Digestion,Bleeding disorders,Avaleha (jam),Bitter,Smooth,Cold,Sweet,Detoxifying,0,1,1,1,1,0,1,1,0,0,1,1,0,0,0,0,0,0,0,1,0,2,-3,-2
1688,Dhanyaka Leaf,Dhanyaka indica,Sour,Cool,Sweet,Kapha,Vata,Nepal,Diuretic,Respiratory support,Diarrhea,Vati (tablets),Sour,"Firm,Smooth,Dry",Cold,Sweet,Demulcent,1,0,1,1,0,0,0,0,0,1,1,1,0,1,0,0,1,0,0,0,1,0,0,0
1689,Kantakari — Resin Kerala,Kantakari officinalis,Bitter,Cold,Astringent,Kapha,Pitta,Karnataka,Rejuvenative,Heart health,None,Avaleha (jam),Bitter,"Firm,Liquid,Rough",Hot,Astringent,Demulcent,0,1,1,0,1,1,0,0,0,1,1,0,0,1,1,0,0,0,1,0,0,2,-1,-3
1690,Shankhapushpi — Flower Leaf,Shankhapushpi folia,Salty,Warm,Astringent,Pitta,Pitta,Rajasthan,Analgesic,Female reproductive health,Diarrhea,Swarasa (juice),Salty,"Dense,Firm,Bland",Hot,Astringent,Analgesic,0,1,0,0,1,1,1,0,0,1,0,0,1,0,1,0,0,0,1,0,1,1,0,1
1691,Eranda — Assam Plains,Eranda folia,Bitter,Cold,Bitter,All,Vata,Sri Lanka,Digestive stimulant,Respiratory support,Bleeding disorders,Avaleha (jam),Bitter,"Clear,Firm",Cold,Sweet,Detoxifying,1,1,1,0,0,0,1,0,0,0,0,0,0,0,1,0,1,0,0,0,0,0,-3,-2
1692,Jeevanti — Flower Cultivated,Jeevanti alata,Bitter,Hot,Sour,Pitta,Vata,Rajasthan,Immunomodulatory,Immunity,Pitta excess,Kwatha (decoction),Bitter,"Smooth,Cloudy,Bland",Hot,Pungent,Rejuvenating,1,1,0,0,1,0,0,0,1,1,1,0,1,1,0,0,0,1,0,0,1,0,-2,-2
1693,Asana var. D,Asana folia,Sour,Cool,Sour,Kapha,Vata,Sri Lanka,Expectorant,Skin diseases,Cold constitution,Ghrita (ghee),Sour,Firm,Cold,Pungent,Demulcent,1,0,1,0,0,0,0,1,0,0,1,0,0,1,0,0,0,0,0,1,0,-1,0,0
1694,Ashwattha var. B,Ashwattha aria,Bitter,Cold,Pungent,Pitta,All,Kerala,Digestive stimulant,Digestion,Pitta excess,Kashaya (decoction),Bitter,"Mobile,Dense,Bland",Hot,Pungent,Carminative,0,1,0,0,0,1,0,0,1,0,1,1,0,0,0,0,0,0,0,0,1,3,-2,-1
1695,Safed musli — Mountain Mountain,Safed folia,Astringent,Neutral,Sweet,Vata,Pitta,Tamil Nadu,Galactagogue,Skin diseases,Diarrhea,Avaleha (jam),Astringent,"Cloudy,Mobile,Rough",Hot,Sweet,Diaphoretic,1,1,0,0,0,0,1,0,0,0,1,0,0,0,1,1,1,0,0,0,1,1,-1,-2
1696,Khadira-bark var. B,Khadira-bark aria,Sweet,Cool,Bitter,Kapha,Vata,Karnataka,Galactagogue,Arthritis,Cold constitution,Swarasa (juice),Sweet,"Oily,Sticky",Cold,Sweet,Analgesic,1,0,1,0,1,0,0,1,0,1,0,0,0,0,0,1,0,0,0,0,0,-3,-2,3
1697,Ajwain Wild,Ajwain officinalis,Pungent,Cold,Astringent,Kapha,Pitta,Nepal,Diuretic,Skin diseases,Pregnancy,Ghrita (ghee),Pungent,"Dense,Light,Oily",Hot,Astringent,Diaphoretic,0,1,1,0,0,0,0,1,0,0,1,0,0,0,0,0,0,0,0,0,1,1,1,-3
1698,Madhuyasti — Rural Root,Madhuyasti indica,Sour,Hot,Pungent,All,Vata,Sri Lanka,Rejuvenative,Hair care,Pregnancy,Kashaya (decoction),Sour,"Clear,Firm",Hot,Pungent,Demulcent,1,1,1,1,1,0,1,0,1,0,1,0,0,1,0,0,0,1,1,0,0,-1,0,-2
1699,Mulethi Leaf,Mulethi alata,Sweet,Neutral,Astringent,Pitta,Pitta,Tamil Nadu,Adaptogenic,Skin diseases,Pitta excess,Vati (tablets),Sweet,"Clear,Mobile,Cold",Cold,Astringent,Nervine tonic,0,1,0,0,0,0,0,1,0,1,0,0,0,0,0,1,0,0,0,0,0,1,-3,3
1700,Mulethi — Coastal Stem,Mulethi vernacularis,Sour,Cold,Astringent,Vata,Kapha,India,Analgesic,Respiratory support,Cold constitution,Kwatha (decoction),Sour,"Cold,Soft",Hot,Astringent,Demulcent,1,0,1,0,1,0,0,0,0,0,0,0,0,0,0,0,1,0,0,1,0,0,2,-2
1701,Turmeric — Malabar var. D,Turmeric alata,Salty,Neutral,Pungent,All,Pitta,Kerala,Hepatoprotective,Hair care,Cold constitution,Kashaya (decoction),Salty,Hot,Cold,Pungent,Detoxifying,1,1,1,1,1,0,0,0,1,1,1,0,0,0,0,0,0,1,0,0,0,-1,-1,0
1702,Kukku,Kukku vernacularis,Mixed,Cold,Pungent,All,All,India,Diuretic,Respiratory support,Cold constitution,Avaleha (jam),Salty,"Rough,Stable,Light",Hot,Pungent,Rejuvenative,1,1,1,0,0,0,0,0,1,0,0,1,0,1,1,0,0,0,0,0,0,0,1,-2
1703,Tamalaki Latex,Tamalaki alata,Pungent,Cool,Pungent,All,Kapha,Karnataka,Digestive stimulant,Skin diseases,Diarrhea,Vati (tablets),Pungent,"Smooth,Subtle,Heavy",Cold,Pungent,Demulcent,1,1,1,0,1,0,0,0,1,0,0,0,1,0,0,0,1,1,1,0,0,-1,-1,-2
1704,Bhrami-leaf var. B,Bhrami-leaf aria,Sour,Hot,Sweet,Kapha,Kapha,West Bengal,Galactagogue,Respiratory support,Pitta excess,Taila (oil),Sour,"Stable,Rough",Hot,Sweet,Detoxifying,0,0,1,0,0,0,0,0,1,0,0,1,0,0,0,0,0,0,0,0,0,1,3,-2
1705,Shatavari-var Wild,Shatavari-var alata,Sour,Cool,Astringent,Kapha,Vata,Himachal Pradesh,Analgesic,Skin diseases,Pregnancy,Ghrita (ghee),Sour,"Sticky,Rough,Cloudy",Cold,Astringent,Detoxifying,1,0,1,0,1,0,0,0,0,0,0,0,1,0,1,0,1,0,0,0,1,-1,1,1
1706,Jeevanti — Malabar Flower,Jeevanti ins.,Bitter,Hot,Astringent,Kapha,Kapha,Assam,Adaptogenic,Immunity,Bleeding disorders,Churna (powder),Bitter,"Cold,Sticky,Firm",Hot,Astringent,Detoxifying,0,0,1,1,1,1,0,0,0,0,0,0,1,0,0,0,1,0,1,1,0,3,0,-3
1707,Kutki — Himalayan Coastal,Kutki folia,Astringent,Hot,Astringent,All,Vata,Assam,Anti-inflammatory,Digestion,Cold constitution,Churna (powder),Astringent,Soft,Hot,Astringent,Galactagogue,1,1,1,1,1,1,0,1,0,1,1,1,0,0,0,0,0,0,0,0,0,0,-2,-3
1708,Guggulu — Seed Fruit,Guggulu officinalis,Salty,Warm,Pungent,Vata,Kapha,Nepal,Expectorant,Arthritis,Diarrhea,Kwatha (decoction),Salty,"Dry,Sticky",Cold,Pungent,Detoxifying,1,0,1,1,0,0,0,0,0,1,0,0,0,0,0,1,0,0,1,0,0,0,0,1
1709,Parushaka — Seed Assam,Parushaka officinalis,Salty,Neutral,Astringent,Kapha,Vata,Uttar Pradesh,Cardiotonic,Immunity,Pitta excess,Swarasa (juice),Salty,"Dense,Sticky,Cold",Cold,Astringent,Rejuvenating,1,0,1,1,1,1,1,0,0,0,0,0,0,1,0,0,0,0,0,0,1,0,0,2
1710,Rakta-chandan Coastal,Rakta-chandan alata,Mixed,Cool,Sour,Pitta,All,Assam,Hepatoprotective,Respiratory support,Diarrhea,Ghrita (ghee),Astringent,"Liquid,Rough",Cold,Pungent,Demulcent,0,1,0,0,0,0,1,0,1,0,0,0,0,0,0,0,0,1,0,1,0,2,-3,0
1711,Nerundu Bark,Nerundu officinalis,Sweet,Cool,Sweet,Vata,All,Uttar Pradesh,Expectorant,Respiratory support,Cold constitution,Swarasa (juice),Sweet,"Dense,Subtle",Cold,Sweet,Aphrodisiac,1,0,0,0,0,0,1,0,0,0,0,0,0,0,1,1,0,0,1,1,0,-2,-2,3
1712,Ananta Stem,Ananta alata,Sweet,Cold,Bitter,All,Pitta,West Bengal,Immunomodulatory,Arthritis,Pregnancy,Vati (tablets),Sweet,Cloudy,Cold,Pungent,Rejuvenative,1,1,1,0,1,0,1,1,1,0,0,0,0,1,0,0,0,0,0,0,0,-3,-3,1
1713,Rishabhaka — Himalayan Cultivated,Rishabhaka aria,Salty,Neutral,Bitter,Vata,Vata,Assam,Rejuvenative,Female reproductive health,Diarrhea,Churna (powder),Salty,Light,Cold,Pungent,Analgesic,1,0,0,0,0,0,0,1,0,0,0,1,0,0,1,1,0,0,0,1,0,0,0,2
1714,Aralu Kerala,Aralu indica,Astringent,Hot,Pungent,Vata,All,Kerala,Antimicrobial,"Stress, Anxiety",Diarrhea,Kashaya (decoction),Astringent,"Smooth,Hot,Cold",Hot,Pungent,Rejuvenating,1,0,0,1,0,0,1,0,1,0,1,1,0,1,0,1,0,0,0,0,1,1,1,-2
1715,Manjistha — Indian Kerala,Manjistha roots,Astringent,Hot,Sour,Kapha,Kapha,Uttar Pradesh,Expectorant,Hair care,None,Avaleha (jam),Astringent,Cloudy,Hot,Pungent,Analgesic,0,0,1,0,1,0,1,1,0,0,0,0,1,0,0,0,0,1,0,0,1,2,0,-3
1716,Aralu,Aralu vernacularis,Salty,Hot,Pungent,Vata,Pitta,Rajasthan,Immunomodulatory,Female reproductive health,Diarrhea,Churna (powder),Salty,"Firm,Oily",Hot,Pungent,Nervine tonic,1,1,0,0,1,0,0,0,0,0,0,0,0,0,1,0,1,1,0,1,0,-1,0,1
1717,Arka — Coastal Mountain,Arka vernacularis,Bitter,Warm,Sweet,Vata,Vata,West Bengal,Expectorant,Liver disorders,Pregnancy,Churna (powder),Bitter,"Stable,Rough,Smooth",Cold,Sweet,Carminative,1,0,0,0,0,0,0,0,1,1,0,0,1,1,0,0,0,1,1,0,0,0,-1,0
1718,Bibhitaki Himalayan,Bibhitaki indica,Sour,Cold,Sweet,All,Vata,Sri Lanka,Antimicrobial,Skin diseases,Bleeding disorders,Ghrita (ghee),Sour,Sharp,Hot,Sweet,Carminative,1,1,1,1,1,0,1,1,0,1,0,0,0,0,0,0,1,1,0,1,1,-1,1,-2
1719,Jatamansi Gum,Jatamansi officinalis,Mixed,Cool,Pungent,Pitta,Pitta,Karnataka,Rejuvenative,Skin diseases,Diarrhea,Kashaya (decoction),Bitter,Clear,Cold,Pungent,Analgesic,0,1,0,0,1,1,1,0,1,0,1,1,0,1,0,0,1,0,1,0,0,2,-3,0
1720,Manjistha — Assam var. D,Manjistha alata,Salty,Cool,Sweet,All,Kapha,Nepal,Anti-inflammatory,Respiratory support,Pregnancy,Ghrita (ghee),Salty,"Bland,Sharp",Cold,Sweet,Nervine tonic,1,1,1,1,0,0,0,1,1,1,0,0,0,0,0,0,1,0,0,1,0,-1,-1,0
1721,Shyonaka Plains,Shyonaka aria,Mixed,Warm,Sweet,Kapha,Pitta,Rajasthan,Galactagogue,Hair care,Diarrhea,Swarasa (juice),Salty,"Oily,Subtle",Hot,Sweet,Rejuvenating,0,1,1,1,1,1,0,0,0,0,1,0,0,0,0,0,1,0,0,0,0,2,0,-1
1722,Sunth — Flower Himalayan,Sunth vernacularis,Sour,Neutral,Bitter,All,Pitta,Uttar Pradesh,Digestive stimulant,Female reproductive health,Cold constitution,Swarasa (juice),Sour,"Heavy,Sticky",Hot,Sweet,Analgesic,1,1,1,0,1,1,0,0,0,0,0,1,0,0,1,0,0,0,0,1,0,-1,0,0
1723,Ambadi Wild,Ambadi aria,Bitter,Neutral,Sour,All,Vata,Nepal,Adaptogenic,"Stress, Anxiety",Cold constitution,Vati (tablets),Bitter,"Subtle,Sticky",Hot,Sweet,Galactagogue,1,1,1,0,0,0,0,0,1,0,1,0,1,1,0,0,0,0,1,0,0,1,-2,-3
1724,Kashmarya — Resin Root,Kashmarya indica,Astringent,Hot,Astringent,Pitta,Pitta,Assam,Anti-inflammatory,Arthritis,Bleeding disorders,Taila (oil),Astringent,Hot,Hot,Astringent,Rejuvenative,0,1,0,1,0,1,0,1,1,1,0,0,0,1,0,1,0,1,0,0,0,2,-1,-2
1725,Mandoor,Mandoor aria,Mixed,Neutral,Pungent,Pitta,Vata,Tamil Nadu,Digestive stimulant,Digestion,Bleeding disorders,Taila (oil),Salty,"Firm,Subtle",Hot,Pungent,Analgesic,1,1,0,0,0,1,0,0,1,0,0,1,0,0,0,0,0,0,1,1,0,0,0,0
1726,Haridra — Fruit var. D,Haridra vernacularis,Bitter,Cool,Astringent,Kapha,Pitta,Tamil Nadu,Antimicrobial,Liver disorders,Pitta excess,Vati (tablets),Bitter,"Smooth,Liquid,Dense",Cold,Astringent,Galactagogue,0,1,1,1,0,0,1,0,0,0,0,0,0,0,1,0,1,0,1,0,1,2,-3,-1
1727,Udumbara — Kashmir Tuber,Udumbara roots,Pungent,Cool,Sour,Kapha,All,India,Rejuvenative,"Stress, Anxiety",Diarrhea,Avaleha (jam),Pungent,Subtle,Cold,Pungent,Aphrodisiac,0,0,1,1,1,0,1,0,0,0,0,0,0,1,1,0,0,1,0,0,1,1,1,-3
1728,Devadaru — Mountain Gum,Devadaru officinalis,Salty,Cold,Pungent,Vata,Vata,Tamil Nadu,Anti-inflammatory,Liver disorders,Diarrhea,Avaleha (jam),Salty,"Sharp,Light,Heavy",Hot,Pungent,Rejuvenative,1,0,0,1,1,1,1,1,1,1,0,0,1,0,0,0,1,0,1,0,0,0,3,1
1729,Amla — Kerala Wild,Amla officinalis,Astringent,Neutral,Sweet,Pitta,Pitta,Rajasthan,Digestive stimulant,Arthritis,Pitta excess,Kashaya (decoction),Astringent,"Stable,Clear,Dense",Hot,Sweet,Galactagogue,0,1,0,0,1,1,0,0,0,1,0,0,0,0,1,0,1,0,0,1,0,2,-2,-1
1730,Bhrami-leaf Stem,Bhrami-leaf alata,Pungent,Warm,Sour,All,Pitta,Tamil Nadu,Anti-inflammatory,Hair care,Cold constitution,Vati (tablets),Pungent,"Dense,Cloudy",Cold,Pungent,Rejuvenating,1,1,1,1,1,1,1,0,0,0,1,0,0,0,1,0,1,0,0,1,1,-2,-1,-2
1731,Rakta-chandan,Rakta-chandan ins.,Astringent,Cold,Bitter,All,All,Rajasthan,Cardiotonic,Liver disorders,Pitta excess,Ghrita (ghee),Astringent,"Soft,Mobile",Cold,Astringent,Galactagogue,1,1,1,0,0,0,0,0,1,0,1,0,0,0,0,1,0,1,0,0,0,1,-3,-2
1732,Punarnava Assam,Punarnava aria,Sour,Cool,Astringent,Kapha,Vata,Rajasthan,Hepatoprotective,Liver disorders,None,Churna (powder),Sour,Sharp,Cold,Astringent,Detoxifying,1,0,1,0,0,0,0,0,1,0,0,0,0,0,0,0,0,0,1,1,0,-1,1,0
1733,Chitrak — Kashmir Flower,Chitrak alata,Pungent,Neutral,Astringent,Pitta,All,Assam,Rejuvenative,Immunity,Pitta excess,Ghrita (ghee),Pungent,Hot,Hot,Astringent,Detoxifying,0,1,0,0,0,1,0,0,0,0,1,0,1,0,1,0,0,1,0,0,0,0,2,-3
1734,Devadaru — Wild Himalayan,Devadaru indica,Salty,Warm,Sour,Vata,Pitta,Tamil Nadu,Digestive stimulant,Arthritis,Bleeding disorders,Churna (powder),Salty,"Mobile,Heavy",Cold,Pungent,Rejuvenative,1,1,0,0,0,0,1,0,0,0,1,0,0,1,0,0,0,0,0,1,0,0,-2,3
1735,Apamarga — Himalayan Resin,Apamarga folia,Salty,Cold,Sour,Vata,Pitta,Rajasthan,Hepatoprotective,Digestion,Cold constitution,Vati (tablets),Salty,"Rough,Sticky,Dense",Hot,Astringent,Diaphoretic,1,1,0,1,0,0,0,0,1,0,1,0,0,0,0,0,1,0,0,0,0,-1,1,2
1736,Harsingar Seed,Harsingar alata,Mixed,Cold,Pungent,Kapha,All,Rajasthan,Expectorant,Skin diseases,Pitta excess,Avaleha (jam),Pungent,"Heavy,Cold",Cold,Pungent,Nervine tonic,0,0,1,0,0,0,1,1,1,0,1,0,0,0,0,0,0,0,0,0,1,1,1,-2
1737,Kantakari — Stem Kashmir,Kantakari roots,Mixed,Cool,Bitter,Pitta,Vata,Nepal,Rejuvenative,Weight management,None,Swarasa (juice),Sour,Hot,Cold,Pungent,Analgesic,1,1,0,0,1,1,0,1,0,0,0,0,1,0,0,0,0,0,1,0,0,-1,-1,2
1738,Shankhapushpi — Root var. C,Shankhapushpi officinalis,Sour,Cool,Sweet,All,Vata,Karnataka,Cardiotonic,"Stress, Anxiety",None,Kashaya (decoction),Sour,"Rough,Stable,Smooth",Cold,Sweet,Carminative,1,1,1,0,0,0,0,0,0,1,0,0,1,0,1,0,0,0,1,0,1,-1,-1,0
1739,Turmeric Gum,Turmeric aria,Sour,Hot,Sweet,Kapha,All,Nepal,Digestive stimulant,Weight management,Pregnancy,Churna (powder),Sour,"Light,Oily",Hot,Sweet,Nervine tonic,0,0,1,0,1,0,0,0,0,1,0,0,0,1,0,0,0,1,1,0,1,2,2,-1
1740,Turmeric — Latex Latex,Turmeric roots,Pungent,Cool,Sweet,Pitta,Pitta,Rajasthan,Anti-inflammatory,Immunity,Diarrhea,Kashaya (decoction),Pungent,"Soft,Heavy",Cold,Sweet,Aphrodisiac,0,1,0,1,0,1,1,0,0,1,0,0,0,1,0,1,0,1,1,0,0,0,-1,0
1741,Ashwagandha Root,Ashwagandha folia,Sweet,Warm,Sour,All,Kapha,Himachal Pradesh,Immunomodulatory,Weight management,Diarrhea,Taila (oil),Sweet,Soft,Cold,Pungent,Galactagogue,1,1,1,1,0,1,1,0,1,0,0,0,0,1,0,0,1,0,1,0,0,-3,-3,1
1742,Rohitak Kerala,Rohitak roots,Sour,Cool,Astringent,Vata,Pitta,India,Immunomodulatory,Weight management,Pregnancy,Taila (oil),Sour,"Stable,Heavy,Liquid",Cold,Astringent,Carminative,1,1,0,0,1,1,1,1,1,0,0,0,1,1,0,0,0,1,0,1,0,-1,-2,3
1743,Katphala,Katphala officinalis,Bitter,Cold,Bitter,Kapha,Kapha,Nepal,Analgesic,Skin diseases,Cold constitution,Ghrita (ghee),Bitter,"Clear,Dry,Bland",Cold,Astringent,Demulcent,0,0,1,0,1,1,0,1,0,0,0,0,0,0,0,0,0,0,1,0,1,3,-2,-2
1744,Punarnava — Kerala Stem,Punarnava aria,Pungent,Cold,Bitter,All,All,Kerala,Analgesic,Heart health,Pitta excess,Taila (oil),Pungent,"Heavy,Rough,Smooth",Cold,Sweet,Carminative,1,1,1,0,1,0,0,1,0,0,1,1,0,1,0,1,0,0,0,0,0,-2,0,-2
1745,Devadaru — Himalayan Root,Devadaru indica,Sour,Cool,Bitter,All,All,Nepal,Hepatoprotective,Hair care,Pitta excess,Kashaya (decoction),Sour,"Hot,Dry,Oily",Cold,Sweet,Rejuvenative,1,1,1,0,1,1,0,1,1,0,1,0,1,0,0,0,0,0,0,1,1,0,-1,1
1746,Nirgundi — Seed var. D,Nirgundi indica,Astringent,Cool,Sour,Vata,Pitta,Nepal,Digestive stimulant,"Stress, Anxiety",Diarrhea,Kashaya (decoction),Astringent,Subtle,Cold,Astringent,Detoxifying,1,1,0,1,1,0,0,0,0,0,1,0,1,0,0,0,1,0,0,1,0,1,-3,0
1747,Ajwain,Ajwain officinalis,Sweet,Hot,Sour,Vata,Vata,Himachal Pradesh,Anti-inflammatory,Digestion,Pregnancy,Swarasa (juice),Sweet,Dense,Hot,Pungent,Carminative,1,0,0,1,0,0,1,0,1,1,0,0,1,0,0,0,0,1,1,0,0,-3,0,2
1748,Atibala — Latex Fruit,Atibala folia,Sour,Neutral,Pungent,Vata,All,Uttar Pradesh,Expectorant,Immunity,Cold constitution,Swarasa (juice),Sour,"Hot,Clear,Stable",Hot,Pungent,Nervine tonic,1,0,0,1,0,0,0,1,0,0,1,0,0,1,0,1,0,0,1,0,0,-1,3,0
1749,Ajwain var. B,Ajwain aria,Bitter,Neutral,Astringent,Vata,Vata,Assam,Adaptogenic,Weight management,Diarrhea,Churna (powder),Bitter,"Dense,Soft,Firm",Hot,Astringent,Aphrodisiac,1,0,0,0,0,0,0,0,1,1,1,1,0,1,0,1,0,0,1,0,0,0,0,-1
1750,Karavellaka — Malabar var. A,Karavellaka ins.,Salty,Cool,Bitter,All,Pitta,Karnataka,Rejuvenative,Digestion,None,Avaleha (jam),Salty,"Liquid,Rough",Cold,Astringent,Rejuvenative,1,1,1,1,0,0,1,1,1,0,1,1,0,1,0,0,0,0,1,0,0,-1,-1,0
1751,Apamarga — Seed Cultivated,Apamarga officinalis,Bitter,Cool,Sweet,Vata,All,Tamil Nadu,Rejuvenative,Female reproductive health,Pregnancy,Avaleha (jam),Bitter,"Smooth,Sharp,Heavy",Cold,Sweet,Nervine tonic,1,0,0,0,0,0,0,0,0,0,0,0,0,0,0,1,0,0,0,0,0,0,-1,1
1752,Khadira-bark var. D,Khadira-bark folia,Astringent,Cold,Bitter,Pitta,Pitta,Kerala,Expectorant,Weight management,Pitta excess,Swarasa (juice),Astringent,Sticky,Hot,Pungent,Nervine tonic,0,1,0,0,0,1,0,0,0,0,0,0,0,0,0,1,1,1,0,1,0,2,-2,-1
1753,Tulsi — Malabar var. D,Tulsi officinalis,Pungent,Cold,Pungent,Pitta,Pitta,Nepal,Immunomodulatory,Skin diseases,Diarrhea,Ghrita (ghee),Pungent,"Dry,Stable",Cold,Pungent,Aphrodisiac,0,1,0,0,1,1,1,0,0,0,0,0,0,0,0,1,0,0,0,0,0,1,-1,-1
1754,Bhrami-leaf Latex,Bhrami-leaf ins.,Salty,Warm,Bitter,All,All,Karnataka,Diuretic,Immunity,Bleeding disorders,Kwatha (decoction),Salty,"Dry,Rough,Firm",Hot,Astringent,Detoxifying,1,1,1,0,0,0,0,1,0,1,0,1,1,0,0,1,0,0,0,0,0,0,1,-2
1755,Jeevanti — Latex Seed,Jeevanti officinalis,Pungent,Cold,Astringent,All,Pitta,Tamil Nadu,Hepatoprotective,Respiratory support,Diarrhea,Kwatha (decoction),Pungent,"Sticky,Oily",Cold,Astringent,Diaphoretic,1,1,1,0,0,0,0,0,1,0,1,0,0,0,1,0,0,1,0,0,0,-2,-1,-1
1756,Harsingar var. A,Harsingar aria,Sweet,Hot,Sour,Kapha,Vata,Kerala,Immunomodulatory,Female reproductive health,Bleeding disorders,Vati (tablets),Sweet,"Heavy,Subtle",Hot,Sweet,Diaphoretic,1,0,1,1,0,0,0,1,0,1,0,1,0,1,0,0,1,0,0,0,0,-2,0,0
1757,Atish Latex,Atish roots,Pungent,Cool,Bitter,All,Pitta,Assam,Adaptogenic,Hair care,Cold constitution,Swarasa (juice),Pungent,"Firm,Stable",Cold,Astringent,Aphrodisiac,1,1,1,0,0,1,0,0,0,0,0,0,0,1,0,0,0,0,0,0,0,-2,-1,-3
1758,Rishabhaka — Seed Assam,Rishabhaka ins.,Sweet,Hot,Bitter,All,Pitta,Rajasthan,Hepatoprotective,Heart health,Bleeding disorders,Kashaya (decoction),Sweet,Dense,Hot,Pungent,Demulcent,1,1,1,0,1,1,0,0,1,1,1,0,0,0,0,1,0,0,0,0,0,-3,-2,0
1759,Ashwattha Stem,Ashwattha vernacularis,Pungent,Cool,Astringent,Pitta,All,West Bengal,Analgesic,Hair care,Diarrhea,Taila (oil),Pungent,"Clear,Dry",Cold,Astringent,Carminative,0,1,0,0,1,0,0,0,0,1,0,0,0,0,0,0,1,0,1,0,0,1,-1,-1
1760,Chitrak — Assam Root,Chitrak officinalis,Sweet,Cold,Astringent,Pitta,Pitta,Uttar Pradesh,Analgesic,Liver disorders,None,Kwatha (decoction),Sweet,Cold,Hot,Astringent,Demulcent,0,1,0,0,1,0,0,0,0,0,0,0,0,0,0,0,0,0,1,1,1,0,-2,1
1761,Kumari Bark,Kumari ins.,Sweet,Warm,Sweet,Kapha,Vata,Uttar Pradesh,Diuretic,Weight management,Diarrhea,Churna (powder),Sweet,Smooth,Cold,Sweet,Aphrodisiac,1,0,1,1,1,0,0,1,0,0,0,0,1,1,0,0,0,1,0,1,0,-3,-2,1
1762,Amla — Indian var. A,Amla alata,Salty,Warm,Astringent,Vata,All,Kerala,Immunomodulatory,Skin diseases,Bleeding disorders,Kwatha (decoction),Salty,Rough,Cold,Astringent,Rejuvenative,1,0,0,0,0,0,0,1,0,0,0,0,0,1,1,0,0,1,0,1,0,-1,1,2
1763,Plaksha — Latex Gum,Plaksha aria,Bitter,Hot,Astringent,Vata,Kapha,Uttar Pradesh,Adaptogenic,Skin diseases,Diarrhea,Ghrita (ghee),Bitter,"Sharp,Firm,Cloudy",Hot,Astringent,Rejuvenating,1,0,1,0,0,1,0,0,0,0,0,0,0,1,0,0,0,0,0,0,0,0,1,-3
1764,Madhuyasti Seed,Madhuyasti roots,Pungent,Cool,Sweet,Pitta,Kapha,India,Hepatoprotective,"Stress, Anxiety",Bleeding disorders,Kashaya (decoction),Pungent,"Firm,Bland,Rough",Cold,Sweet,Analgesic,0,1,1,0,0,1,1,0,1,1,0,0,1,1,0,1,0,0,1,0,0,0,0,-3
1765,Triphala — Himalayan var. B,Triphala indica,Sour,Cool,Sour,Kapha,Kapha,Tamil Nadu,Immunomodulatory,Weight management,Pitta excess,Taila (oil),Sour,Sharp,Cold,Astringent,Carminative,0,0,1,0,1,0,0,0,0,1,0,1,0,0,0,0,0,0,1,0,0,1,1,0
1766,Kutki — Wild Wild,Kutki officinalis,Salty,Cool,Pungent,All,Pitta,Assam,Analgesic,"Stress, Anxiety",Pregnancy,Ghrita (ghee),Salty,"Oily,Mobile",Cold,Pungent,Rejuvenating,1,1,1,1,1,0,1,0,0,0,1,1,1,1,0,0,0,0,1,0,0,0,-2,1
1767,Ananta Root,Ananta roots,Sour,Neutral,Sour,All,Vata,Himachal Pradesh,Cardiotonic,Respiratory support,Pitta excess,Swarasa (juice),Sour,"Sticky,Bland,Clear",Cold,Astringent,Diaphoretic,1,1,1,1,1,1,0,0,1,0,0,0,0,0,0,1,1,1,0,1,0,-1,-2,1
1768,Ginger — Coastal var. D,Ginger roots,Pungent,Cool,Astringent,Vata,All,Himachal Pradesh,Diuretic,Respiratory support,Pitta excess,Vati (tablets),Pungent,"Subtle,Cold,Oily",Cold,Astringent,Diaphoretic,1,0,0,1,0,0,1,1,0,0,0,1,1,0,0,0,0,1,1,0,0,0,1,0
1769,Amla Fruit,Amla folia,Bitter,Neutral,Astringent,Vata,All,India,Anti-inflammatory,Immunity,Cold constitution,Vati (tablets),Bitter,"Smooth,Clear,Firm",Cold,Astringent,Demulcent,1,0,0,1,1,0,0,0,0,1,0,1,0,0,0,0,1,0,0,0,0,0,-2,0
1770,Bimba Plains,Bimba officinalis,Pungent,Hot,Sweet,Pitta,Pitta,Kerala,Diuretic,Digestion,Pregnancy,Kwatha (decoction),Pungent,"Cloudy,Subtle,Oily",Hot,Sweet,Diaphoretic,0,1,0,0,0,1,1,1,0,0,0,1,0,0,0,1,0,1,0,0,0,1,1,-2
1771,Rohitak Coastal,Rohitak folia,Bitter,Warm,Sour,Kapha,All,Sri Lanka,Digestive stimulant,Hair care,None,Vati (tablets),Bitter,Smooth,Hot,Sweet,Aphrodisiac,0,0,1,1,0,1,0,1,0,0,0,1,0,1,0,0,0,1,0,1,0,2,0,-3
1772,Turmeric — Coastal Bark,Turmeric vernacularis,Sweet,Cool,Pungent,Pitta,All,Kerala,Anti-inflammatory,Liver disorders,Pregnancy,Ghrita (ghee),Sweet,Smooth,Cold,Pungent,Detoxifying,0,1,0,1,0,0,1,0,1,0,0,0,1,0,1,0,0,1,1,0,0,-1,-3,3
1773,Eranda — Malabar Malabar,Eranda vernacularis,Pungent,Cold,Astringent,Vata,All,Sri Lanka,Immunomodulatory,Weight management,Diarrhea,Vati (tablets),Pungent,"Hot,Smooth,Dense",Hot,Astringent,Analgesic,1,0,0,0,1,0,0,1,0,0,0,0,0,0,1,0,0,0,0,1,0,-2,3,-2
1774,Rishabhaka — Assam var. B,Rishabhaka folia,Salty,Hot,Astringent,Kapha,Vata,India,Rejuvenative,Arthritis,Pregnancy,Kwatha (decoction),Salty,"Soft,Subtle,Dense",Hot,Astringent,Rejuvenative,1,0,1,0,0,1,1,0,0,0,0,0,1,1,1,0,0,0,1,0,0,0,2,-1
1775,Bhrami-leaf Bark,Bhrami-leaf folia,Sweet,Cold,Astringent,All,Vata,West Bengal,Rejuvenative,Digestion,Pitta excess,Churna (powder),Sweet,"Sharp,Mobile,Bland",Hot,Astringent,Diaphoretic,1,1,1,0,0,1,0,0,0,1,0,0,0,1,0,0,0,0,0,0,1,-2,-1,-1
1776,Svarjiksara Gum,Svarjiksara ins.,Sour,Neutral,Pungent,Pitta,Vata,Kerala,Expectorant,Immunity,Bleeding disorders,Avaleha (jam),Sour,Liquid,Cold,Pungent,Rejuvenative,1,1,0,0,0,0,0,0,1,0,0,0,0,0,0,0,0,0,0,1,0,-1,-2,2
1777,Brahmi — Leaf Assam,Brahmi indica,Salty,Neutral,Pungent,Pitta,All,Assam,Rejuvenative,Skin diseases,Pitta excess,Taila (oil),Salty,"Sharp,Firm",Hot,Pungent,Galactagogue,0,1,0,0,0,1,0,1,0,0,0,0,0,1,0,1,0,1,1,0,0,1,1,0
1778,Lodhra Malabar,Lodhra alata,Astringent,Neutral,Astringent,Kapha,Kapha,Karnataka,Adaptogenic,Liver disorders,None,Kashaya (decoction),Astringent,Dense,Cold,Astringent,Detoxifying,0,0,1,0,0,1,0,0,1,0,0,0,1,0,0,1,0,0,0,0,1,2,-2,-1
1779,Guduchi — Wild var. C,Guduchi alata,Sour,Hot,Sour,All,Kapha,India,Immunomodulatory,Arthritis,Diarrhea,Kwatha (decoction),Sour,"Light,Stable",Hot,Astringent,Diaphoretic,1,1,1,0,1,1,1,0,0,0,0,1,1,0,0,1,0,0,0,0,0,0,0,-2
1780,Eranda Resin,Eranda roots,Bitter,Neutral,Sour,All,Pitta,Assam,Rejuvenative,Weight management,Cold constitution,Vati (tablets),Bitter,Smooth,Hot,Sweet,Galactagogue,1,1,1,1,0,0,1,0,0,0,1,1,1,0,0,0,0,0,0,0,0,0,-2,-3
1781,Rakta-chandan var. B,Rakta-chandan indica,Bitter,Hot,Sweet,Pitta,Vata,Rajasthan,Cardiotonic,Respiratory support,Pitta excess,Kashaya (decoction),Bitter,Liquid,Hot,Sweet,Rejuvenative,1,1,0,0,0,0,0,0,0,0,0,0,0,0,0,0,0,0,0,0,1,0,-2,-2
1782,Nerundu Malabar,Nerundu ins.,Astringent,Hot,Sour,All,All,Nepal,Hepatoprotective,Immunity,Cold constitution,Taila (oil),Astringent,"Heavy,Light,Dry",Hot,Pungent,Rejuvenative,1,1,1,0,1,0,0,1,1,1,1,0,1,0,0,0,0,0,0,0,0,2,-2,-3
1783,Brahmi — Kerala Stem,Brahmi officinalis,Salty,Hot,Astringent,All,Vata,Karnataka,Rejuvenative,Skin diseases,Diarrhea,Ghrita (ghee),Salty,"Soft,Dry",Hot,Astringent,Analgesic,1,1,1,1,0,0,1,0,1,1,1,0,0,1,0,0,1,0,1,1,0,0,0,-2
1784,Shatavari-var Himalayan,Shatavari-var alata,Mixed,Neutral,Sour,All,Pitta,Assam,Adaptogenic,Weight management,Diarrhea,Taila (oil),Sweet,"Sharp,Hot,Cold",Cold,Pungent,Analgesic,1,1,1,0,0,0,1,0,0,0,0,1,0,0,0,1,0,0,0,0,1,-2,-2,1
1785,Haritaki — Rural Wild,Haritaki officinalis,Mixed,Warm,Sour,Vata,Kapha,Rajasthan,Analgesic,Heart health,Bleeding disorders,Kashaya (decoction),Salty,"Bland,Light",Hot,Sweet,Carminative,1,0,1,0,1,1,0,0,1,0,0,1,1,1,0,0,1,0,0,0,0,0,2,-2
1786,Bala-varga var. A,Bala-varga roots,Bitter,Warm,Sour,All,All,India,Immunomodulatory,Liver disorders,Bleeding disorders,Churna (powder),Bitter,"Dry,Rough,Mobile",Cold,Sweet,Detoxifying,1,1,1,1,0,0,0,0,0,0,0,0,0,1,0,0,0,0,0,0,0,2,-3,-2
1787,Kashmarya — Root Seed,Kashmarya alata,Pungent,Hot,Pungent,Kapha,Kapha,Karnataka,Diuretic,Hair care,Pitta excess,Vati (tablets),Pungent,Subtle,Hot,Pungent,Nervine tonic,0,0,1,1,0,1,1,0,0,0,1,1,0,0,0,1,0,0,1,1,0,1,3,-3
1788,Devadaru var. C,Devadaru officinalis,Bitter,Neutral,Astringent,Vata,Vata,Himachal Pradesh,Antimicrobial,Liver disorders,Pitta excess,Vati (tablets),Bitter,Dense,Cold,Astringent,Aphrodisiac,1,0,0,1,0,0,1,0,0,0,0,0,0,0,0,0,0,1,0,0,0,0,-2,1
1789,Sushavi var. A,Sushavi ins.,Sour,Hot,Bitter,All,Vata,Assam,Rejuvenative,"Stress, Anxiety",None,Avaleha (jam),Sour,Rough,Hot,Astringent,Rejuvenating,1,1,1,0,0,0,1,0,0,0,0,1,0,0,0,0,0,1,0,0,0,-1,1,-2
1790,Apamarga — Leaf Stem,Apamarga alata,Sweet,Warm,Sweet,Vata,All,West Bengal,Diuretic,Respiratory support,Cold constitution,Swarasa (juice),Sweet,"Clear,Liquid",Cold,Sweet,Rejuvenating,1,0,0,0,0,0,0,0,1,0,1,0,0,0,1,1,1,0,0,0,0,-3,-2,3
1791,Manjistha — Latex Himalayan,Manjistha officinalis,Pungent,Warm,Sweet,All,All,Tamil Nadu,Rejuvenative,Skin diseases,Pitta excess,Kashaya (decoction),Pungent,Smooth,Cold,Sweet,Aphrodisiac,1,1,1,1,1,0,1,0,0,0,1,0,0,0,0,1,0,0,0,0,0,-2,-1,-3
1792,Udumbara — Coastal var. D,Udumbara vernacularis,Astringent,Warm,Sour,Pitta,Vata,Himachal Pradesh,Galactagogue,Arthritis,Pregnancy,Ghrita (ghee),Astringent,Smooth,Hot,Astringent,Aphrodisiac,1,1,0,1,0,0,0,1,1,0,0,0,0,0,0,1,1,0,1,1,0,0,-2,-2
1793,Triphala — Resin Flower,Triphala folia,Mixed,Warm,Bitter,Pitta,All,Assam,Cardiotonic,Female reproductive health,None,Avaleha (jam),Astringent,Dry,Cold,Astringent,Diaphoretic,0,1,0,1,0,1,0,1,0,1,1,0,0,0,0,1,1,1,0,0,0,3,-3,0
1794,Jeevanti — Bark Latex,Jeevanti roots,Mixed,Warm,Sour,Vata,Vata,Nepal,Anti-inflammatory,Weight management,Cold constitution,Kashaya (decoction),Salty,"Heavy,Cloudy",Hot,Astringent,Nervine tonic,1,0,0,1,0,0,0,0,0,0,1,1,0,0,0,1,0,0,1,0,0,-1,2,1
1795,Safed musli — Leaf var. D,Safed ins.,Sweet,Cold,Astringent,All,Vata,West Bengal,Galactagogue,Respiratory support,Bleeding disorders,Swarasa (juice),Sweet,"Cold,Firm,Bland",Hot,Astringent,Demulcent,1,1,1,0,1,0,0,1,0,0,0,0,0,1,0,0,1,0,1,1,0,-2,-2,-1
1796,Madhuyasti — Resin Assam,Madhuyasti aria,Mixed,Cold,Sour,Pitta,Kapha,Assam,Galactagogue,Female reproductive health,Pitta excess,Kwatha (decoction),Pungent,"Stable,Cloudy,Cold",Cold,Sweet,Demulcent,0,1,1,1,0,1,0,0,1,0,1,0,0,1,0,0,1,0,1,1,0,1,-1,-3
1797,Bhallataka — Root Assam,Bhallataka roots,Salty,Neutral,Sour,Vata,Pitta,Nepal,Galactagogue,Digestion,Diarrhea,Kashaya (decoction),Salty,Rough,Hot,Sweet,Rejuvenating,1,1,0,1,1,0,1,0,0,1,0,0,0,0,1,1,1,0,1,0,0,-1,1,0
1798,Rasna — Wild Kerala,Rasna vernacularis,Bitter,Warm,Astringent,Vata,Kapha,India,Digestive stimulant,Liver disorders,None,Churna (powder),Bitter,"Smooth,Liquid",Hot,Astringent,Detoxifying,1,0,1,0,0,0,0,0,1,1,1,0,0,1,0,0,0,1,0,0,0,0,0,-3
1799,Khadira-bark Leaf,Khadira-bark indica,Pungent,Cool,Bitter,Pitta,Vata,Nepal,Immunomodulatory,Digestion,Pitta excess,Kashaya (decoction),Pungent,"Clear,Cloudy",Cold,Pungent,Diaphoretic,1,1,0,0,0,1,0,0,0,0,0,0,0,0,0,0,0,1,0,0,1,-2,-1,-1
1800,Pavul Assam,Pavul aria,Astringent,Warm,Sour,Kapha,Pitta,India,Cardiotonic,Weight management,Pregnancy,Kwatha (decoction),Astringent,"Cold,Liquid",Hot,Astringent,Aphrodisiac,0,1,1,0,0,1,0,0,1,1,0,1,0,0,0,0,0,0,0,0,0,3,-2,-3
